dataset,model,seed,split,condition,distortion,severity,n_images,n_subjects,accuracy,macro_f1,weighted_f1,balanced_accuracy,clean_accuracy,clean_macro_f1,clean_weighted_f1,clean_balanced_accuracy,ARR,delta_accuracy,delta_macro_f1
OASIS_1,RandomForest,13,test,motion__mild,motion,mild,720,36,0.5625,0.20037805331922978,0.4236395412866001,0.25823863636363636,0.5694444444444444,0.23469779417259395,0.4657952580334222,0.2721022727272727,98.78048780487805,-0.00694444444444442,-0.03431974085336417
OASIS_1,RandomForest,13,test,motion__moderate,motion,moderate,720,36,0.5611111111111111,0.20237719731182993,0.42745989865966705,0.258125,0.5694444444444444,0.23469779417259395,0.4657952580334222,0.2721022727272727,98.53658536585367,-0.008333333333333304,-0.03232059686076402
OASIS_1,RandomForest,13,test,motion__severe,motion,severe,720,36,0.5625,0.20267013688066318,0.4281108754792965,0.25875,0.5694444444444444,0.23469779417259395,0.4657952580334222,0.2721022727272727,98.78048780487805,-0.00694444444444442,-0.03202765729193077
OASIS_1,RandomForest,13,test,rician_noise__mild,rician_noise,mild,720,36,0.5541666666666667,0.18039792686207048,0.3986421294493445,0.24988636363636363,0.5694444444444444,0.23469779417259395,0.4657952580334222,0.2721022727272727,97.31707317073172,-0.015277777777777724,-0.05429986731052347
OASIS_1,RandomForest,13,test,rician_noise__moderate,rician_noise,moderate,720,36,0.5444444444444444,0.18143939393939396,0.39903198653198657,0.24602272727272725,0.5694444444444444,0.23469779417259395,0.4657952580334222,0.2721022727272727,95.60975609756098,-0.025000000000000022,-0.0532584002332
OASIS_1,RandomForest,13,test,rician_noise__severe,rician_noise,severe,720,36,0.5555555555555556,0.17857142857142858,0.39682539682539686,0.25,0.5694444444444444,0.23469779417259395,0.4657952580334222,0.2721022727272727,97.56097560975611,-0.01388888888888884,-0.05612636560116538
OASIS_1,RandomForest,13,test,rotation__mild,rotation,mild,720,36,0.5402777777777777,0.22275210913421822,0.44483167658430656,0.25795454545454544,0.5694444444444444,0.23469779417259395,0.4657952580334222,0.2721022727272727,94.8780487804878,-0.029166666666666674,-0.01194568503837573
OASIS_1,RandomForest,13,test,rotation__moderate,rotation,moderate,720,36,0.5055555555555555,0.2053977814943373,0.41657240479730917,0.23977272727272728,0.5694444444444444,0.23469779417259395,0.4657952580334222,0.2721022727272727,88.78048780487805,-0.06388888888888888,-0.02930001267825666
OASIS_1,RandomForest,13,test,rotation__severe,rotation,severe,720,36,0.49027777777777776,0.20014738009243505,0.40485750513223046,0.2328409090909091,0.5694444444444444,0.23469779417259395,0.4657952580334222,0.2721022727272727,86.09756097560975,-0.07916666666666666,-0.03455041408015891
OASIS_1,RandomForest,13,test,gaussian_blur__mild,gaussian_blur,mild,720,36,0.5611111111111111,0.23396061856361747,0.4637721348197347,0.26886363636363636,0.5694444444444444,0.23469779417259395,0.4657952580334222,0.2721022727272727,98.53658536585367,-0.008333333333333304,-0.0007371756089764869
OASIS_1,RandomForest,13,test,gaussian_blur__moderate,gaussian_blur,moderate,720,36,0.55,0.23137879568712227,0.45881177972763043,0.26386363636363636,0.5694444444444444,0.23469779417259395,0.4657952580334222,0.2721022727272727,96.58536585365854,-0.019444444444444375,-0.0033189984854716803
OASIS_1,RandomForest,13,test,gaussian_blur__severe,gaussian_blur,severe,720,36,0.5194444444444445,0.21197789848286197,0.43013672972466754,0.2455113636363636,0.5694444444444444,0.23469779417259395,0.4657952580334222,0.2721022727272727,91.21951219512196,-0.04999999999999993,-0.022719895689731984
OASIS_1,RandomForest,13,test,brightness_contrast__mild,brightness_contrast,mild,720,36,0.5138888888888888,0.200939265670773,0.4154859498566198,0.2409659090909091,0.5694444444444444,0.23469779417259395,0.4657952580334222,0.2721022727272727,90.24390243902438,-0.05555555555555558,-0.033758528501820956
OASIS_1,RandomForest,13,test,brightness_contrast__moderate,brightness_contrast,moderate,720,36,0.5013888888888889,0.21380990285395557,0.4261417629863758,0.24301136363636364,0.5694444444444444,0.23469779417259395,0.4657952580334222,0.2721022727272727,88.04878048780488,-0.06805555555555554,-0.020887891318638385
OASIS_1,RandomForest,13,test,brightness_contrast__severe,brightness_contrast,severe,720,36,0.48055555555555557,0.22354065842726303,0.4199100255571696,0.24113636363636362,0.5694444444444444,0.23469779417259395,0.4657952580334222,0.2721022727272727,84.39024390243904,-0.08888888888888885,-0.01115713574533092
OASIS_1,RandomForest,47,test,motion__mild,motion,mild,720,36,0.5555555555555556,0.18086584540847533,0.39966165746880894,0.25051136363636367,0.5722222222222222,0.2402014652014652,0.4730667480667481,0.27488636363636365,97.0873786407767,-0.016666666666666607,-0.059335619792989874
OASIS_1,RandomForest,47,test,motion__moderate,motion,moderate,720,36,0.5583333333333333,0.18369577446678562,0.40372852721567704,0.25227272727272726,0.5722222222222222,0.2402014652014652,0.4730667480667481,0.27488636363636365,97.57281553398059,-0.01388888888888884,-0.05650569073467959
OASIS_1,RandomForest,47,test,motion__severe,motion,severe,720,36,0.5541666666666667,0.17940647482014388,0.39868105515587526,0.249375,0.5722222222222222,0.2402014652014652,0.4730667480667481,0.27488636363636365,96.84466019417476,-0.01805555555555549,-0.06079499038132133
OASIS_1,RandomForest,47,test,rician_noise__mild,rician_noise,mild,720,36,0.5555555555555556,0.17857142857142858,0.39682539682539686,0.25,0.5722222222222222,0.2402014652014652,0.4730667480667481,0.27488636363636365,97.0873786407767,-0.016666666666666607,-0.06163003663003663
OASIS_1,RandomForest,47,test,rician_noise__moderate,rician_noise,moderate,720,36,0.5527777777777778,0.18145938254804578,0.40109714958220943,0.24926136363636364,0.5722222222222222,0.2402014652014652,0.4730667480667481,0.27488636363636365,96.60194174757282,-0.019444444444444375,-0.05874208265341943
OASIS_1,RandomForest,47,test,rician_noise__severe,rician_noise,severe,720,36,0.5555555555555556,0.17857142857142858,0.39682539682539686,0.25,0.5722222222222222,0.2402014652014652,0.4730667480667481,0.27488636363636365,97.0873786407767,-0.016666666666666607,-0.06163003663003663
OASIS_1,RandomForest,47,test,rotation__mild,rotation,mild,720,36,0.5388888888888889,0.22707528957528955,0.44886851136851136,0.25937499999999997,0.5722222222222222,0.2402014652014652,0.4730667480667481,0.27488636363636365,94.1747572815534,-0.033333333333333326,-0.013126175626175657
OASIS_1,RandomForest,47,test,rotation__moderate,rotation,moderate,720,36,0.5083333333333333,0.20551095527968793,0.4165572324684258,0.24102272727272728,0.5722222222222222,0.2402014652014652,0.4730667480667481,0.27488636363636365,88.83495145631069,-0.06388888888888888,-0.034690509921777274
OASIS_1,RandomForest,47,test,rotation__severe,rotation,severe,720,36,0.49444444444444446,0.19781635479403525,0.40680501429639887,0.23272727272727273,0.5722222222222222,0.2402014652014652,0.4730667480667481,0.27488636363636365,86.40776699029126,-0.07777777777777772,-0.042385110407429955
OASIS_1,RandomForest,47,test,gaussian_blur__mild,gaussian_blur,mild,720,36,0.5708333333333333,0.24071471558300525,0.47308413435406743,0.2747727272727273,0.5722222222222222,0.2402014652014652,0.4730667480667481,0.27488636363636365,99.75728155339806,-0.001388888888888884,0.0005132503815400424
OASIS_1,RandomForest,47,test,gaussian_blur__moderate,gaussian_blur,moderate,720,36,0.5611111111111111,0.2393935762224353,0.4694857249387451,0.27039772727272726,0.5722222222222222,0.2402014652014652,0.4730667480667481,0.27488636363636365,98.05825242718448,-0.011111111111111072,-0.0008078889790299193
OASIS_1,RandomForest,47,test,gaussian_blur__severe,gaussian_blur,severe,720,36,0.5236111111111111,0.21648781326200683,0.43712798551508236,0.24789772727272727,0.5722222222222222,0.2402014652014652,0.4730667480667481,0.27488636363636365,91.50485436893206,-0.04861111111111105,-0.023713651939458374
OASIS_1,RandomForest,47,test,brightness_contrast__mild,brightness_contrast,mild,720,36,0.5138888888888888,0.20987722818665752,0.4256414893176158,0.24454545454545454,0.5722222222222222,0.2402014652014652,0.4730667480667481,0.27488636363636365,89.80582524271844,-0.05833333333333335,-0.030324237014807687
OASIS_1,RandomForest,47,test,brightness_contrast__moderate,brightness_contrast,moderate,720,36,0.4791666666666667,0.20603022172009605,0.4126394577037142,0.2325,0.5722222222222222,0.2402014652014652,0.4730667480667481,0.27488636363636365,83.73786407766991,-0.0930555555555555,-0.03417124348136916
OASIS_1,RandomForest,47,test,brightness_contrast__severe,brightness_contrast,severe,720,36,0.46805555555555556,0.20043346445841997,0.4038527390109661,0.22647727272727272,0.5722222222222222,0.2402014652014652,0.4730667480667481,0.27488636363636365,81.79611650485438,-0.10416666666666663,-0.039768000743045234
OASIS_1,RandomForest,101,test,motion__mild,motion,mild,720,36,0.5527777777777778,0.1779964221824687,0.39554760484993046,0.24875,0.5555555555555556,0.22904700266968692,0.45580184990426886,0.2653409090909091,99.5,-0.002777777777777768,-0.05105058048721822
OASIS_1,RandomForest,101,test,motion__moderate,motion,moderate,720,36,0.5611111111111111,0.18826108619830592,0.40946908044067976,0.2545454545454545,0.5555555555555556,0.22904700266968692,0.45580184990426886,0.2653409090909091,101.0,0.005555555555555536,-0.040785916471380995
OASIS_1,RandomForest,101,test,motion__severe,motion,severe,720,36,0.5694444444444444,0.20738989560500515,0.4334402743402365,0.2628977272727273,0.5555555555555556,0.22904700266968692,0.45580184990426886,0.2653409090909091,102.49999999999999,0.01388888888888884,-0.02165710706468177
OASIS_1,RandomForest,101,test,rician_noise__mild,rician_noise,mild,720,36,0.55,0.1774193548387097,0.3942652329749104,0.2475,0.5555555555555556,0.22904700266968692,0.45580184990426886,0.2653409090909091,99.0,-0.005555555555555536,-0.05162764783097723
OASIS_1,RandomForest,101,test,rician_noise__moderate,rician_noise,moderate,720,36,0.5402777777777777,0.19985053452031248,0.4201270590816291,0.24977272727272726,0.5555555555555556,0.22904700266968692,0.45580184990426886,0.2653409090909091,97.24999999999999,-0.015277777777777835,-0.029196468149374433
OASIS_1,RandomForest,101,test,rician_noise__severe,rician_noise,severe,720,36,0.5555555555555556,0.17905102954341987,0.3978911767631553,0.25,0.5555555555555556,0.22904700266968692,0.45580184990426886,0.2653409090909091,100.0,0.0,-0.04999597312626705
OASIS_1,RandomForest,101,test,rotation__mild,rotation,mild,720,36,0.5361111111111111,0.2197392181856809,0.43969826263484646,0.2555681818181818,0.5555555555555556,0.22904700266968692,0.45580184990426886,0.2653409090909091,96.5,-0.019444444444444486,-0.009307784484006015
OASIS_1,RandomForest,101,test,rotation__moderate,rotation,moderate,720,36,0.5027777777777778,0.20400010146103897,0.4143725198412698,0.23852272727272728,0.5555555555555556,0.22904700266968692,0.45580184990426886,0.2653409090909091,90.49999999999999,-0.05277777777777781,-0.025046901208647943
OASIS_1,RandomForest,101,test,rotation__severe,rotation,severe,720,36,0.4930555555555556,0.2006815047313248,0.4057504398599395,0.23409090909090907,0.5555555555555556,0.22904700266968692,0.45580184990426886,0.2653409090909091,88.75,-0.0625,-0.028365497938362128
OASIS_1,RandomForest,101,test,gaussian_blur__mild,gaussian_blur,mild,720,36,0.5666666666666667,0.23554672238359747,0.4660894906015428,0.27136363636363636,0.5555555555555556,0.22904700266968692,0.45580184990426886,0.2653409090909091,102.0,0.011111111111111072,0.006499719713910557
OASIS_1,RandomForest,101,test,gaussian_blur__moderate,gaussian_blur,moderate,720,36,0.5625,0.23691900205058097,0.46755809979494184,0.27,0.5555555555555556,0.22904700266968692,0.45580184990426886,0.2653409090909091,101.25,0.00694444444444442,0.007871999380894057
OASIS_1,RandomForest,101,test,gaussian_blur__severe,gaussian_blur,severe,720,36,0.5194444444444445,0.20848584290462366,0.4273306500998032,0.24397727272727274,0.5555555555555556,0.22904700266968692,0.45580184990426886,0.2653409090909091,93.5,-0.036111111111111094,-0.020561159765063258
OASIS_1,RandomForest,101,test,brightness_contrast__mild,brightness_contrast,mild,720,36,0.525,0.21331285202252945,0.4327587187802242,0.24954545454545454,0.5555555555555556,0.22904700266968692,0.45580184990426886,0.2653409090909091,94.5,-0.030555555555555558,-0.01573415064715747
OASIS_1,RandomForest,101,test,brightness_contrast__moderate,brightness_contrast,moderate,720,36,0.49027777777777776,0.20521173117047226,0.4136284084490026,0.23545454545454547,0.5555555555555556,0.22904700266968692,0.45580184990426886,0.2653409090909091,88.25,-0.06527777777777782,-0.02383527149921466
OASIS_1,RandomForest,101,test,brightness_contrast__severe,brightness_contrast,severe,720,36,0.4777777777777778,0.1992802328503714,0.4038276208492519,0.22880681818181817,0.5555555555555556,0.22904700266968692,0.45580184990426886,0.2653409090909091,86.0,-0.07777777777777778,-0.029766769819315503
OASIS_1,LinearSVM,13,test,motion__mild,motion,mild,720,36,0.2375,0.12925444518591878,0.1482970464815206,0.20863636363636365,0.43472222222222223,0.24197216714017022,0.41604772758974934,0.24653409090909092,54.632587859424916,-0.19722222222222224,-0.11271772195425145
OASIS_1,LinearSVM,13,test,motion__moderate,motion,moderate,720,36,0.2652777777777778,0.11206793206793207,0.13425241425241424,0.2190340909090909,0.43472222222222223,0.24197216714017022,0.41604772758974934,0.24653409090909092,61.0223642172524,-0.16944444444444445,-0.12990423507223814
OASIS_1,LinearSVM,13,test,motion__severe,motion,severe,720,36,0.29305555555555557,0.12427236845841497,0.14524077702372276,0.24375,0.43472222222222223,0.24197216714017022,0.41604772758974934,0.24653409090909092,67.41214057507987,-0.14166666666666666,-0.11769979868175526
OASIS_1,LinearSVM,13,test,rician_noise__mild,rician_noise,mild,720,36,0.5041666666666667,0.19900155367588188,0.4035447259721231,0.2389772727272727,0.43472222222222223,0.24197216714017022,0.41604772758974934,0.24653409090909092,115.97444089456867,0.06944444444444442,-0.04297061346428835
OASIS_1,LinearSVM,13,test,rician_noise__moderate,rician_noise,moderate,720,36,0.5430555555555555,0.19567660727047315,0.40847543628059363,0.25142045454545453,0.43472222222222223,0.24197216714017022,0.41604772758974934,0.24653409090909092,124.92012779552715,0.10833333333333328,-0.04629555986969708
OASIS_1,LinearSVM,13,test,rician_noise__severe,rician_noise,severe,720,36,0.5555555555555556,0.18102588429912908,0.40001729944803954,0.25051136363636367,0.43472222222222223,0.24197216714017022,0.41604772758974934,0.24653409090909092,127.79552715654951,0.12083333333333335,-0.060946282841041144
OASIS_1,LinearSVM,13,test,rotation__mild,rotation,mild,720,36,0.41805555555555557,0.23812528924229037,0.40895938220184086,0.24210227272727272,0.43472222222222223,0.24197216714017022,0.41604772758974934,0.24653409090909092,96.16613418530352,-0.016666666666666663,-0.0038468778978798523
OASIS_1,LinearSVM,13,test,rotation__moderate,rotation,moderate,720,36,0.46111111111111114,0.30602905512995,0.4623330724437642,0.30772727272727274,0.43472222222222223,0.24197216714017022,0.41604772758974934,0.24653409090909092,106.0702875399361,0.026388888888888906,0.06405688798977976
OASIS_1,LinearSVM,13,test,rotation__severe,rotation,severe,720,36,0.46111111111111114,0.29184861103069365,0.4594663921395387,0.2917045454545455,0.43472222222222223,0.24197216714017022,0.41604772758974934,0.24653409090909092,106.0702875399361,0.026388888888888906,0.049876443890523425
OASIS_1,LinearSVM,13,test,gaussian_blur__mild,gaussian_blur,mild,720,36,0.4444444444444444,0.24164034521908678,0.4209358462244579,0.24642045454545458,0.43472222222222223,0.24197216714017022,0.41604772758974934,0.24653409090909092,102.23642172523961,0.009722222222222188,-0.00033182192108344166
OASIS_1,LinearSVM,13,test,gaussian_blur__moderate,gaussian_blur,moderate,720,36,0.46111111111111114,0.24385893589087332,0.43256489602876724,0.2514204545454546,0.43472222222222223,0.24197216714017022,0.41604772758974934,0.24653409090909092,106.0702875399361,0.026388888888888906,0.001886768750703094
OASIS_1,LinearSVM,13,test,gaussian_blur__severe,gaussian_blur,severe,720,36,0.49444444444444446,0.2421680474250568,0.4486541092460095,0.254375,0.43472222222222223,0.24197216714017022,0.41604772758974934,0.24653409090909092,113.73801916932908,0.05972222222222223,0.00019588028488656817
OASIS_1,LinearSVM,13,test,brightness_contrast__mild,brightness_contrast,mild,720,36,0.45416666666666666,0.2410372884777541,0.4182898897141856,0.2502272727272727,0.43472222222222223,0.24197216714017022,0.41604772758974934,0.24653409090909092,104.47284345047922,0.01944444444444443,-0.000934878662416122
OASIS_1,LinearSVM,13,test,brightness_contrast__moderate,brightness_contrast,moderate,720,36,0.46805555555555556,0.2509071312584603,0.43054668554111514,0.2594886363636364,0.43472222222222223,0.24197216714017022,0.41604772758974934,0.24653409090909092,107.66773162939296,0.033333333333333326,0.00893496411829009
OASIS_1,LinearSVM,13,test,brightness_contrast__severe,brightness_contrast,severe,720,36,0.4583333333333333,0.24810336716540582,0.4226599182767092,0.2565909090909091,0.43472222222222223,0.24197216714017022,0.41604772758974934,0.24653409090909092,105.43130990415335,0.023611111111111083,0.006131200025235595
OASIS_1,LinearSVM,47,test,motion__mild,motion,mild,720,36,0.2375,0.12925444518591878,0.1482970464815206,0.20863636363636365,0.43472222222222223,0.24197216714017022,0.41604772758974934,0.24653409090909092,54.632587859424916,-0.19722222222222224,-0.11271772195425145
OASIS_1,LinearSVM,47,test,motion__moderate,motion,moderate,720,36,0.2652777777777778,0.11206793206793207,0.13425241425241424,0.2190340909090909,0.43472222222222223,0.24197216714017022,0.41604772758974934,0.24653409090909092,61.0223642172524,-0.16944444444444445,-0.12990423507223814
OASIS_1,LinearSVM,47,test,motion__severe,motion,severe,720,36,0.29305555555555557,0.12427236845841497,0.14524077702372276,0.24375,0.43472222222222223,0.24197216714017022,0.41604772758974934,0.24653409090909092,67.41214057507987,-0.14166666666666666,-0.11769979868175526
OASIS_1,LinearSVM,47,test,rician_noise__mild,rician_noise,mild,720,36,0.5041666666666667,0.19900155367588188,0.4035447259721231,0.2389772727272727,0.43472222222222223,0.24197216714017022,0.41604772758974934,0.24653409090909092,115.97444089456867,0.06944444444444442,-0.04297061346428835
OASIS_1,LinearSVM,47,test,rician_noise__moderate,rician_noise,moderate,720,36,0.5430555555555555,0.19567660727047315,0.40847543628059363,0.25142045454545453,0.43472222222222223,0.24197216714017022,0.41604772758974934,0.24653409090909092,124.92012779552715,0.10833333333333328,-0.04629555986969708
OASIS_1,LinearSVM,47,test,rician_noise__severe,rician_noise,severe,720,36,0.5555555555555556,0.18102588429912908,0.40001729944803954,0.25051136363636367,0.43472222222222223,0.24197216714017022,0.41604772758974934,0.24653409090909092,127.79552715654951,0.12083333333333335,-0.060946282841041144
OASIS_1,LinearSVM,47,test,rotation__mild,rotation,mild,720,36,0.41805555555555557,0.23812528924229037,0.40895938220184086,0.24210227272727272,0.43472222222222223,0.24197216714017022,0.41604772758974934,0.24653409090909092,96.16613418530352,-0.016666666666666663,-0.0038468778978798523
OASIS_1,LinearSVM,47,test,rotation__moderate,rotation,moderate,720,36,0.46111111111111114,0.30602905512995,0.4623330724437642,0.30772727272727274,0.43472222222222223,0.24197216714017022,0.41604772758974934,0.24653409090909092,106.0702875399361,0.026388888888888906,0.06405688798977976
OASIS_1,LinearSVM,47,test,rotation__severe,rotation,severe,720,36,0.46111111111111114,0.29184861103069365,0.4594663921395387,0.2917045454545455,0.43472222222222223,0.24197216714017022,0.41604772758974934,0.24653409090909092,106.0702875399361,0.026388888888888906,0.049876443890523425
OASIS_1,LinearSVM,47,test,gaussian_blur__mild,gaussian_blur,mild,720,36,0.4444444444444444,0.24164034521908678,0.4209358462244579,0.24642045454545458,0.43472222222222223,0.24197216714017022,0.41604772758974934,0.24653409090909092,102.23642172523961,0.009722222222222188,-0.00033182192108344166
OASIS_1,LinearSVM,47,test,gaussian_blur__moderate,gaussian_blur,moderate,720,36,0.46111111111111114,0.24385893589087332,0.43256489602876724,0.2514204545454546,0.43472222222222223,0.24197216714017022,0.41604772758974934,0.24653409090909092,106.0702875399361,0.026388888888888906,0.001886768750703094
OASIS_1,LinearSVM,47,test,gaussian_blur__severe,gaussian_blur,severe,720,36,0.49444444444444446,0.2421680474250568,0.4486541092460095,0.254375,0.43472222222222223,0.24197216714017022,0.41604772758974934,0.24653409090909092,113.73801916932908,0.05972222222222223,0.00019588028488656817
OASIS_1,LinearSVM,47,test,brightness_contrast__mild,brightness_contrast,mild,720,36,0.45416666666666666,0.2410372884777541,0.4182898897141856,0.2502272727272727,0.43472222222222223,0.24197216714017022,0.41604772758974934,0.24653409090909092,104.47284345047922,0.01944444444444443,-0.000934878662416122
OASIS_1,LinearSVM,47,test,brightness_contrast__moderate,brightness_contrast,moderate,720,36,0.46805555555555556,0.2509071312584603,0.43054668554111514,0.2594886363636364,0.43472222222222223,0.24197216714017022,0.41604772758974934,0.24653409090909092,107.66773162939296,0.033333333333333326,0.00893496411829009
OASIS_1,LinearSVM,47,test,brightness_contrast__severe,brightness_contrast,severe,720,36,0.4583333333333333,0.24810336716540582,0.4226599182767092,0.2565909090909091,0.43472222222222223,0.24197216714017022,0.41604772758974934,0.24653409090909092,105.43130990415335,0.023611111111111083,0.006131200025235595
OASIS_1,LinearSVM,101,test,motion__mild,motion,mild,720,36,0.2375,0.12925444518591878,0.1482970464815206,0.20863636363636365,0.43472222222222223,0.24197216714017022,0.41604772758974934,0.24653409090909092,54.632587859424916,-0.19722222222222224,-0.11271772195425145
OASIS_1,LinearSVM,101,test,motion__moderate,motion,moderate,720,36,0.2652777777777778,0.11206793206793207,0.13425241425241424,0.2190340909090909,0.43472222222222223,0.24197216714017022,0.41604772758974934,0.24653409090909092,61.0223642172524,-0.16944444444444445,-0.12990423507223814
OASIS_1,LinearSVM,101,test,motion__severe,motion,severe,720,36,0.29305555555555557,0.12427236845841497,0.14524077702372276,0.24375,0.43472222222222223,0.24197216714017022,0.41604772758974934,0.24653409090909092,67.41214057507987,-0.14166666666666666,-0.11769979868175526
OASIS_1,LinearSVM,101,test,rician_noise__mild,rician_noise,mild,720,36,0.5041666666666667,0.19900155367588188,0.4035447259721231,0.2389772727272727,0.43472222222222223,0.24197216714017022,0.41604772758974934,0.24653409090909092,115.97444089456867,0.06944444444444442,-0.04297061346428835
OASIS_1,LinearSVM,101,test,rician_noise__moderate,rician_noise,moderate,720,36,0.5430555555555555,0.19567660727047315,0.40847543628059363,0.25142045454545453,0.43472222222222223,0.24197216714017022,0.41604772758974934,0.24653409090909092,124.92012779552715,0.10833333333333328,-0.04629555986969708
OASIS_1,LinearSVM,101,test,rician_noise__severe,rician_noise,severe,720,36,0.5555555555555556,0.18102588429912908,0.40001729944803954,0.25051136363636367,0.43472222222222223,0.24197216714017022,0.41604772758974934,0.24653409090909092,127.79552715654951,0.12083333333333335,-0.060946282841041144
OASIS_1,LinearSVM,101,test,rotation__mild,rotation,mild,720,36,0.41805555555555557,0.23812528924229037,0.40895938220184086,0.24210227272727272,0.43472222222222223,0.24197216714017022,0.41604772758974934,0.24653409090909092,96.16613418530352,-0.016666666666666663,-0.0038468778978798523
OASIS_1,LinearSVM,101,test,rotation__moderate,rotation,moderate,720,36,0.46111111111111114,0.30602905512995,0.4623330724437642,0.30772727272727274,0.43472222222222223,0.24197216714017022,0.41604772758974934,0.24653409090909092,106.0702875399361,0.026388888888888906,0.06405688798977976
OASIS_1,LinearSVM,101,test,rotation__severe,rotation,severe,720,36,0.46111111111111114,0.29184861103069365,0.4594663921395387,0.2917045454545455,0.43472222222222223,0.24197216714017022,0.41604772758974934,0.24653409090909092,106.0702875399361,0.026388888888888906,0.049876443890523425
OASIS_1,LinearSVM,101,test,gaussian_blur__mild,gaussian_blur,mild,720,36,0.4444444444444444,0.24164034521908678,0.4209358462244579,0.24642045454545458,0.43472222222222223,0.24197216714017022,0.41604772758974934,0.24653409090909092,102.23642172523961,0.009722222222222188,-0.00033182192108344166
OASIS_1,LinearSVM,101,test,gaussian_blur__moderate,gaussian_blur,moderate,720,36,0.46111111111111114,0.24385893589087332,0.43256489602876724,0.2514204545454546,0.43472222222222223,0.24197216714017022,0.41604772758974934,0.24653409090909092,106.0702875399361,0.026388888888888906,0.001886768750703094
OASIS_1,LinearSVM,101,test,gaussian_blur__severe,gaussian_blur,severe,720,36,0.49444444444444446,0.2421680474250568,0.4486541092460095,0.254375,0.43472222222222223,0.24197216714017022,0.41604772758974934,0.24653409090909092,113.73801916932908,0.05972222222222223,0.00019588028488656817
OASIS_1,LinearSVM,101,test,brightness_contrast__mild,brightness_contrast,mild,720,36,0.45416666666666666,0.2410372884777541,0.4182898897141856,0.2502272727272727,0.43472222222222223,0.24197216714017022,0.41604772758974934,0.24653409090909092,104.47284345047922,0.01944444444444443,-0.000934878662416122
OASIS_1,LinearSVM,101,test,brightness_contrast__moderate,brightness_contrast,moderate,720,36,0.46805555555555556,0.2509071312584603,0.43054668554111514,0.2594886363636364,0.43472222222222223,0.24197216714017022,0.41604772758974934,0.24653409090909092,107.66773162939296,0.033333333333333326,0.00893496411829009
OASIS_1,LinearSVM,101,test,brightness_contrast__severe,brightness_contrast,severe,720,36,0.4583333333333333,0.24810336716540582,0.4226599182767092,0.2565909090909091,0.43472222222222223,0.24197216714017022,0.41604772758974934,0.24653409090909092,105.43130990415335,0.023611111111111083,0.006131200025235595
OASIS_2,RandomForest,13,test,motion__mild,motion,mild,460,23,0.44130434782608696,0.2980228758169935,0.4336089798238136,0.30648674242424245,0.391304347826087,0.2422417619719045,0.37311801955829227,0.24706439393939394,112.77777777777777,0.04999999999999999,0.05578111384508899
OASIS_2,RandomForest,13,test,motion__moderate,motion,moderate,460,23,0.46304347826086956,0.3371911698408827,0.4646569028635584,0.38541666666666663,0.391304347826087,0.2422417619719045,0.37311801955829227,0.24706439393939394,118.33333333333333,0.07173913043478258,0.09494940786897821
OASIS_2,RandomForest,13,test,motion__severe,motion,severe,460,23,0.45,0.3206674813359778,0.4484298342443054,0.3600378787878788,0.391304347826087,0.2422417619719045,0.37311801955829227,0.24706439393939394,114.99999999999999,0.05869565217391304,0.07842571936407328
OASIS_2,RandomForest,13,test,rician_noise__mild,rician_noise,mild,460,23,0.43478260869565216,0.20016626122097075,0.3509158300349845,0.23882575757575758,0.391304347826087,0.2422417619719045,0.37311801955829227,0.24706439393939394,111.1111111111111,0.04347826086956519,-0.04207550075093375
OASIS_2,RandomForest,13,test,rician_noise__moderate,rician_noise,moderate,460,23,0.4782608695652174,0.16176470588235295,0.30946291560102307,0.25,0.391304347826087,0.2422417619719045,0.37311801955829227,0.24706439393939394,122.22222222222221,0.08695652173913043,-0.08047705608955155
OASIS_2,RandomForest,13,test,rician_noise__severe,rician_noise,severe,460,23,0.4782608695652174,0.16176470588235295,0.30946291560102307,0.25,0.391304347826087,0.2422417619719045,0.37311801955829227,0.24706439393939394,122.22222222222221,0.08695652173913043,-0.08047705608955155
OASIS_2,RandomForest,13,test,rotation__mild,rotation,mild,460,23,0.3717391304347826,0.1903093853002587,0.3287923936024135,0.21051136363636364,0.391304347826087,0.2422417619719045,0.37311801955829227,0.24706439393939394,95.0,-0.019565217391304346,-0.0519323766716458
OASIS_2,RandomForest,13,test,rotation__moderate,rotation,moderate,460,23,0.4260869565217391,0.2033142525302804,0.35607519784159686,0.2359375,0.391304347826087,0.2422417619719045,0.37311801955829227,0.24706439393939394,108.88888888888889,0.03478260869565214,-0.0389275094416241
OASIS_2,RandomForest,13,test,rotation__severe,rotation,severe,460,23,0.47608695652173916,0.2089860416920639,0.3722074108624098,0.25823863636363636,0.391304347826087,0.2422417619719045,0.37311801955829227,0.24706439393939394,121.66666666666669,0.08478260869565218,-0.03325572027984061
OASIS_2,RandomForest,13,test,gaussian_blur__mild,gaussian_blur,mild,460,23,0.3869565217391304,0.22919568379011623,0.36694954314029077,0.23612689393939393,0.391304347826087,0.2422417619719045,0.37311801955829227,0.24706439393939394,98.88888888888889,-0.004347826086956552,-0.013046078181788268
OASIS_2,RandomForest,13,test,gaussian_blur__moderate,gaussian_blur,moderate,460,23,0.3717391304347826,0.2247506683508601,0.3548570211082196,0.2303503787878788,0.391304347826087,0.2422417619719045,0.37311801955829227,0.24706439393939394,95.0,-0.019565217391304346,-0.017491093621044396
OASIS_2,RandomForest,13,test,gaussian_blur__severe,gaussian_blur,severe,460,23,0.3760869565217391,0.22518200042988246,0.3609557099691018,0.23129734848484845,0.391304347826087,0.2422417619719045,0.37311801955829227,0.24706439393939394,96.1111111111111,-0.01521739130434785,-0.017059761542022045
OASIS_2,RandomForest,13,test,brightness_contrast__mild,brightness_contrast,mild,460,23,0.45217391304347826,0.2323033495713908,0.38611687132529804,0.25823863636363636,0.391304347826087,0.2422417619719045,0.37311801955829227,0.24706439393939394,115.55555555555554,0.060869565217391286,-0.009938412400513713
OASIS_2,RandomForest,13,test,brightness_contrast__moderate,brightness_contrast,moderate,460,23,0.4434782608695652,0.236124259286024,0.3707115567089992,0.2615530303030303,0.391304347826087,0.2422417619719045,0.37311801955829227,0.24706439393939394,113.33333333333333,0.05217391304347824,-0.006117502685880488
OASIS_2,RandomForest,13,test,brightness_contrast__severe,brightness_contrast,severe,460,23,0.46304347826086956,0.2434560674961751,0.3764745066221987,0.27310606060606063,0.391304347826087,0.2422417619719045,0.37311801955829227,0.24706439393939394,118.33333333333333,0.07173913043478258,0.001214305524270598
OASIS_2,RandomForest,47,test,motion__mild,motion,mild,460,23,0.4434782608695652,0.3041033354244296,0.4351184547401449,0.3176136363636364,0.3869565217391304,0.2334247516983335,0.3693991254669961,0.23915719696969698,114.6067415730337,0.05652173913043479,0.07067858372609609
OASIS_2,RandomForest,47,test,motion__moderate,motion,moderate,460,23,0.4652173913043478,0.35065223957720965,0.46444853679893383,0.4053503787878788,0.3869565217391304,0.2334247516983335,0.3693991254669961,0.23915719696969698,120.2247191011236,0.07826086956521738,0.11722748787887616
OASIS_2,RandomForest,47,test,motion__severe,motion,severe,460,23,0.45217391304347826,0.3155404449130616,0.44650588984246814,0.3633996212121212,0.3869565217391304,0.2334247516983335,0.3693991254669961,0.23915719696969698,116.85393258426966,0.06521739130434784,0.08211569321472811
OASIS_2,RandomForest,47,test,rician_noise__mild,rician_noise,mild,460,23,0.44565217391304346,0.208483044318103,0.36406385467207025,0.24578598484848488,0.3869565217391304,0.2334247516983335,0.3693991254669961,0.23915719696969698,115.1685393258427,0.05869565217391304,-0.024941707380230493
OASIS_2,RandomForest,47,test,rician_noise__moderate,rician_noise,moderate,460,23,0.4782608695652174,0.16176470588235295,0.30946291560102307,0.25,0.3869565217391304,0.2334247516983335,0.3693991254669961,0.23915719696969698,123.59550561797754,0.09130434782608698,-0.07166004581598054
OASIS_2,RandomForest,47,test,rician_noise__severe,rician_noise,severe,460,23,0.4782608695652174,0.16176470588235295,0.30946291560102307,0.25,0.3869565217391304,0.2334247516983335,0.3693991254669961,0.23915719696969698,123.59550561797754,0.09130434782608698,-0.07166004581598054
OASIS_2,RandomForest,47,test,rotation__mild,rotation,mild,460,23,0.3934782608695652,0.20065859077443926,0.3472717989291431,0.22230113636363638,0.3869565217391304,0.2334247516983335,0.3693991254669961,0.23915719696969698,101.68539325842698,0.0065217391304348005,-0.03276616092389423
OASIS_2,RandomForest,47,test,rotation__moderate,rotation,moderate,460,23,0.4217391304347826,0.1985292057711164,0.34961174686504626,0.2323863636363636,0.3869565217391304,0.2334247516983335,0.3693991254669961,0.23915719696969698,108.98876404494382,0.034782608695652195,-0.03489554592721708
OASIS_2,RandomForest,47,test,rotation__severe,rotation,severe,460,23,0.45869565217391306,0.20898586707410238,0.3691085129704056,0.25085227272727273,0.3869565217391304,0.2334247516983335,0.3693991254669961,0.23915719696969698,118.53932584269664,0.07173913043478264,-0.024438884624231105
OASIS_2,RandomForest,47,test,gaussian_blur__mild,gaussian_blur,mild,460,23,0.3739130434782609,0.2263117992366376,0.35798587836446183,0.2319128787878788,0.3869565217391304,0.2334247516983335,0.3693991254669961,0.23915719696969698,96.62921348314607,-0.013043478260869545,-0.007112952461695882
OASIS_2,RandomForest,47,test,gaussian_blur__moderate,gaussian_blur,moderate,460,23,0.3717391304347826,0.21665540362445546,0.35287274541596897,0.22428977272727274,0.3869565217391304,0.2334247516983335,0.3693991254669961,0.23915719696969698,96.06741573033709,-0.015217391304347794,-0.016769348073878032
OASIS_2,RandomForest,47,test,gaussian_blur__severe,gaussian_blur,severe,460,23,0.3804347826086957,0.2214201309525028,0.3642318568733654,0.22836174242424243,0.3869565217391304,0.2334247516983335,0.3693991254669961,0.23915719696969698,98.31460674157304,-0.006521739130434745,-0.012004620745830696
OASIS_2,RandomForest,47,test,brightness_contrast__mild,brightness_contrast,mild,460,23,0.45217391304347826,0.23388637506284565,0.38832273154523794,0.25866477272727273,0.3869565217391304,0.2334247516983335,0.3693991254669961,0.23915719696969698,116.85393258426966,0.06521739130434784,0.0004616233645121648
OASIS_2,RandomForest,47,test,brightness_contrast__moderate,brightness_contrast,moderate,460,23,0.44130434782608696,0.23662814107905109,0.3697932177565705,0.2604166666666667,0.3869565217391304,0.2334247516983335,0.3693991254669961,0.23915719696969698,114.04494382022472,0.05434782608695654,0.0032033893807175973
OASIS_2,RandomForest,47,test,brightness_contrast__severe,brightness_contrast,severe,460,23,0.45217391304347826,0.22977008939559151,0.357943038173764,0.26529356060606063,0.3869565217391304,0.2334247516983335,0.3693991254669961,0.23915719696969698,116.85393258426966,0.06521739130434784,-0.0036546623027419733
OASIS_2,RandomForest,101,test,motion__mild,motion,mild,460,23,0.45652173913043476,0.31014421379877355,0.44661723691424393,0.3178977272727273,0.3869565217391304,0.23347467481745252,0.3665883534019831,0.23915719696969698,117.97752808988764,0.06956521739130433,0.07666953898132103
OASIS_2,RandomForest,101,test,motion__moderate,motion,moderate,460,23,0.4608695652173913,0.3331369324929204,0.4590409919731831,0.3791193181818182,0.3869565217391304,0.23347467481745252,0.3665883534019831,0.23915719696969698,119.10112359550563,0.07391304347826089,0.09966225767546791
OASIS_2,RandomForest,101,test,motion__severe,motion,severe,460,23,0.4652173913043478,0.34570956640807865,0.4587112862355549,0.3841382575757576,0.3869565217391304,0.23347467481745252,0.3665883534019831,0.23915719696969698,120.2247191011236,0.07826086956521738,0.11223489159062613
OASIS_2,RandomForest,101,test,rician_noise__mild,rician_noise,mild,460,23,0.45869565217391306,0.19575582075582076,0.35451289799115887,0.24701704545454545,0.3869565217391304,0.23347467481745252,0.3665883534019831,0.23915719696969698,118.53932584269664,0.07173913043478264,-0.03771885406163175
OASIS_2,RandomForest,101,test,rician_noise__moderate,rician_noise,moderate,460,23,0.4782608695652174,0.16176470588235295,0.30946291560102307,0.25,0.3869565217391304,0.23347467481745252,0.3665883534019831,0.23915719696969698,123.59550561797754,0.09130434782608698,-0.07170996893509957
OASIS_2,RandomForest,101,test,rician_noise__severe,rician_noise,severe,460,23,0.4782608695652174,0.16176470588235295,0.30946291560102307,0.25,0.3869565217391304,0.23347467481745252,0.3665883534019831,0.23915719696969698,123.59550561797754,0.09130434782608698,-0.07170996893509957
OASIS_2,RandomForest,101,test,rotation__mild,rotation,mild,460,23,0.3782608695652174,0.19304029304029302,0.33451186494664753,0.21306818181818182,0.3869565217391304,0.23347467481745252,0.3665883534019831,0.23915719696969698,97.75280898876404,-0.008695652173913049,-0.040434381777159495
OASIS_2,RandomForest,101,test,rotation__moderate,rotation,moderate,460,23,0.4282608695652174,0.20625049004583265,0.36072951670401604,0.23707386363636362,0.3869565217391304,0.23347467481745252,0.3665883534019831,0.23915719696969698,110.6741573033708,0.041304347826086996,-0.027224184771619864
OASIS_2,RandomForest,101,test,rotation__severe,rotation,severe,460,23,0.45217391304347826,0.18365534621384855,0.3352871506164594,0.2414772727272727,0.3869565217391304,0.23347467481745252,0.3665883534019831,0.23915719696969698,116.85393258426966,0.06521739130434784,-0.04981932860360397
OASIS_2,RandomForest,101,test,gaussian_blur__mild,gaussian_blur,mild,460,23,0.3782608695652174,0.22842995211416264,0.35995270091379933,0.23418560606060607,0.3869565217391304,0.23347467481745252,0.3665883534019831,0.23915719696969698,97.75280898876404,-0.008695652173913049,-0.005044722703289872
OASIS_2,RandomForest,101,test,gaussian_blur__moderate,gaussian_blur,moderate,460,23,0.3760869565217391,0.2186510297473749,0.3549339083644489,0.22656250000000003,0.3869565217391304,0.23347467481745252,0.3665883534019831,0.23915719696969698,97.19101123595506,-0.010869565217391297,-0.014823645070077607
OASIS_2,RandomForest,101,test,gaussian_blur__severe,gaussian_blur,severe,460,23,0.3717391304347826,0.21517110677929394,0.3550794323436073,0.22211174242424242,0.3869565217391304,0.23347467481745252,0.3665883534019831,0.23915719696969698,96.06741573033709,-0.015217391304347794,-0.01830356803815858
OASIS_2,RandomForest,101,test,brightness_contrast__mild,brightness_contrast,mild,460,23,0.4391304347826087,0.22416346727829,0.3742077027518293,0.2501420454545455,0.3869565217391304,0.23347467481745252,0.3665883534019831,0.23915719696969698,113.48314606741575,0.05217391304347829,-0.009311207539162508
OASIS_2,RandomForest,101,test,brightness_contrast__moderate,brightness_contrast,moderate,460,23,0.44782608695652176,0.2377214308946635,0.37354944282371016,0.26382575757575755,0.3869565217391304,0.23347467481745252,0.3665883534019831,0.23915719696969698,115.7303370786517,0.06086956521739134,0.004246756077210978
OASIS_2,RandomForest,101,test,brightness_contrast__severe,brightness_contrast,severe,460,23,0.44782608695652176,0.22059546945814157,0.35141004992848296,0.25956439393939396,0.3869565217391304,0.23347467481745252,0.3665883534019831,0.23915719696969698,115.7303370786517,0.06086956521739134,-0.012879205359310947
OASIS_2,LinearSVM,13,test,motion__mild,motion,mild,460,23,0.33695652173913043,0.21016769150236153,0.32603277375634393,0.2265625,0.40217391304347827,0.24403941047084965,0.39716906390642787,0.2478219696969697,83.78378378378379,-0.06521739130434784,-0.03387171896848812
OASIS_2,LinearSVM,13,test,motion__moderate,motion,moderate,460,23,0.3239130434782609,0.18591809096852524,0.2375365973499661,0.2537405303030303,0.40217391304347827,0.24403941047084965,0.39716906390642787,0.2478219696969697,80.54054054054053,-0.07826086956521738,-0.05812131950232441
OASIS_2,LinearSVM,13,test,motion__severe,motion,severe,460,23,0.32608695652173914,0.1598965761859481,0.20154733878687184,0.2487215909090909,0.40217391304347827,0.24403941047084965,0.39716906390642787,0.2478219696969697,81.08108108108108,-0.07608695652173914,-0.08414283428490155
OASIS_2,LinearSVM,13,test,rician_noise__mild,rician_noise,mild,460,23,0.3673913043478261,0.2319395391693389,0.3592379111637746,0.24436553030303035,0.40217391304347827,0.24403941047084965,0.39716906390642787,0.2478219696969697,91.35135135135135,-0.034782608695652195,-0.012099871301510745
OASIS_2,LinearSVM,13,test,rician_noise__moderate,rician_noise,moderate,460,23,0.3065217391304348,0.17795698047977038,0.24714137932745925,0.24417613636363636,0.40217391304347827,0.24403941047084965,0.39716906390642787,0.2478219696969697,76.21621621621621,-0.09565217391304348,-0.06608242999107927
OASIS_2,LinearSVM,13,test,rician_noise__severe,rician_noise,severe,460,23,0.30434782608695654,0.15929172400706693,0.19200354226905625,0.27173295454545454,0.40217391304347827,0.24403941047084965,0.39716906390642787,0.2478219696969697,75.67567567567568,-0.09782608695652173,-0.08474768646378272
OASIS_2,LinearSVM,13,test,rotation__mild,rotation,mild,460,23,0.30869565217391304,0.20590051088320674,0.3287128047096718,0.20042613636363635,0.40217391304347827,0.24403941047084965,0.39716906390642787,0.2478219696969697,76.75675675675674,-0.09347826086956523,-0.03813889958764291
OASIS_2,LinearSVM,13,test,rotation__moderate,rotation,moderate,460,23,0.30434782608695654,0.21619417187035384,0.32714429404387907,0.22414772727272725,0.40217391304347827,0.24403941047084965,0.39716906390642787,0.2478219696969697,75.67567567567568,-0.09782608695652173,-0.027845238600495814
OASIS_2,LinearSVM,13,test,rotation__severe,rotation,severe,460,23,0.29782608695652174,0.20072713045532392,0.3106699293121998,0.20696022727272728,0.40217391304347827,0.24403941047084965,0.39716906390642787,0.2478219696969697,74.05405405405405,-0.10434782608695653,-0.04331228001552573
OASIS_2,LinearSVM,13,test,gaussian_blur__mild,gaussian_blur,mild,460,23,0.4152173913043478,0.2508362480783318,0.41039125096503964,0.25378787878787884,0.40217391304347827,0.24403941047084965,0.39716906390642787,0.2478219696969697,103.24324324324323,0.013043478260869545,0.006796837607482176
OASIS_2,LinearSVM,13,test,gaussian_blur__moderate,gaussian_blur,moderate,460,23,0.40869565217391307,0.23645320197044334,0.3967366965867715,0.24261363636363636,0.40217391304347827,0.24403941047084965,0.39716906390642787,0.2478219696969697,101.62162162162163,0.0065217391304348005,-0.007586208500406311
OASIS_2,LinearSVM,13,test,gaussian_blur__severe,gaussian_blur,severe,460,23,0.43478260869565216,0.25304099680844794,0.4177449078768862,0.2618371212121212,0.40217391304347827,0.24403941047084965,0.39716906390642787,0.2478219696969697,108.1081081081081,0.03260869565217389,0.009001586337598289
OASIS_2,LinearSVM,13,test,brightness_contrast__mild,brightness_contrast,mild,460,23,0.3826086956521739,0.25365457413347836,0.37871369474896893,0.2624526515151515,0.40217391304347827,0.24403941047084965,0.39716906390642787,0.2478219696969697,95.13513513513514,-0.019565217391304346,0.009615163662628712
OASIS_2,LinearSVM,13,test,brightness_contrast__moderate,brightness_contrast,moderate,460,23,0.4217391304347826,0.24593065201161862,0.4010473034989855,0.2635416666666667,0.40217391304347827,0.24403941047084965,0.39716906390642787,0.2478219696969697,104.86486486486486,0.019565217391304346,0.001891241540768973
OASIS_2,LinearSVM,13,test,brightness_contrast__severe,brightness_contrast,severe,460,23,0.4,0.23910910518053377,0.38400109207562627,0.25307765151515155,0.40217391304347827,0.24403941047084965,0.39716906390642787,0.2478219696969697,99.45945945945947,-0.0021739130434782483,-0.004930305290315878
OASIS_2,LinearSVM,47,test,motion__mild,motion,mild,460,23,0.33695652173913043,0.21016769150236153,0.32603277375634393,0.2265625,0.40217391304347827,0.24403941047084965,0.39716906390642787,0.2478219696969697,83.78378378378379,-0.06521739130434784,-0.03387171896848812
OASIS_2,LinearSVM,47,test,motion__moderate,motion,moderate,460,23,0.3239130434782609,0.18591809096852524,0.2375365973499661,0.2537405303030303,0.40217391304347827,0.24403941047084965,0.39716906390642787,0.2478219696969697,80.54054054054053,-0.07826086956521738,-0.05812131950232441
OASIS_2,LinearSVM,47,test,motion__severe,motion,severe,460,23,0.32608695652173914,0.1598965761859481,0.20154733878687184,0.2487215909090909,0.40217391304347827,0.24403941047084965,0.39716906390642787,0.2478219696969697,81.08108108108108,-0.07608695652173914,-0.08414283428490155
OASIS_2,LinearSVM,47,test,rician_noise__mild,rician_noise,mild,460,23,0.3673913043478261,0.2319395391693389,0.3592379111637746,0.24436553030303035,0.40217391304347827,0.24403941047084965,0.39716906390642787,0.2478219696969697,91.35135135135135,-0.034782608695652195,-0.012099871301510745
OASIS_2,LinearSVM,47,test,rician_noise__moderate,rician_noise,moderate,460,23,0.3065217391304348,0.17795698047977038,0.24714137932745925,0.24417613636363636,0.40217391304347827,0.24403941047084965,0.39716906390642787,0.2478219696969697,76.21621621621621,-0.09565217391304348,-0.06608242999107927
OASIS_2,LinearSVM,47,test,rician_noise__severe,rician_noise,severe,460,23,0.30434782608695654,0.15929172400706693,0.19200354226905625,0.27173295454545454,0.40217391304347827,0.24403941047084965,0.39716906390642787,0.2478219696969697,75.67567567567568,-0.09782608695652173,-0.08474768646378272
OASIS_2,LinearSVM,47,test,rotation__mild,rotation,mild,460,23,0.30869565217391304,0.20590051088320674,0.3287128047096718,0.20042613636363635,0.40217391304347827,0.24403941047084965,0.39716906390642787,0.2478219696969697,76.75675675675674,-0.09347826086956523,-0.03813889958764291
OASIS_2,LinearSVM,47,test,rotation__moderate,rotation,moderate,460,23,0.30434782608695654,0.21619417187035384,0.32714429404387907,0.22414772727272725,0.40217391304347827,0.24403941047084965,0.39716906390642787,0.2478219696969697,75.67567567567568,-0.09782608695652173,-0.027845238600495814
OASIS_2,LinearSVM,47,test,rotation__severe,rotation,severe,460,23,0.29782608695652174,0.20072713045532392,0.3106699293121998,0.20696022727272728,0.40217391304347827,0.24403941047084965,0.39716906390642787,0.2478219696969697,74.05405405405405,-0.10434782608695653,-0.04331228001552573
OASIS_2,LinearSVM,47,test,gaussian_blur__mild,gaussian_blur,mild,460,23,0.4152173913043478,0.2508362480783318,0.41039125096503964,0.25378787878787884,0.40217391304347827,0.24403941047084965,0.39716906390642787,0.2478219696969697,103.24324324324323,0.013043478260869545,0.006796837607482176
OASIS_2,LinearSVM,47,test,gaussian_blur__moderate,gaussian_blur,moderate,460,23,0.40869565217391307,0.23645320197044334,0.3967366965867715,0.24261363636363636,0.40217391304347827,0.24403941047084965,0.39716906390642787,0.2478219696969697,101.62162162162163,0.0065217391304348005,-0.007586208500406311
OASIS_2,LinearSVM,47,test,gaussian_blur__severe,gaussian_blur,severe,460,23,0.43478260869565216,0.25304099680844794,0.4177449078768862,0.2618371212121212,0.40217391304347827,0.24403941047084965,0.39716906390642787,0.2478219696969697,108.1081081081081,0.03260869565217389,0.009001586337598289
OASIS_2,LinearSVM,47,test,brightness_contrast__mild,brightness_contrast,mild,460,23,0.3826086956521739,0.25365457413347836,0.37871369474896893,0.2624526515151515,0.40217391304347827,0.24403941047084965,0.39716906390642787,0.2478219696969697,95.13513513513514,-0.019565217391304346,0.009615163662628712
OASIS_2,LinearSVM,47,test,brightness_contrast__moderate,brightness_contrast,moderate,460,23,0.4217391304347826,0.24593065201161862,0.4010473034989855,0.2635416666666667,0.40217391304347827,0.24403941047084965,0.39716906390642787,0.2478219696969697,104.86486486486486,0.019565217391304346,0.001891241540768973
OASIS_2,LinearSVM,47,test,brightness_contrast__severe,brightness_contrast,severe,460,23,0.4,0.23910910518053377,0.38400109207562627,0.25307765151515155,0.40217391304347827,0.24403941047084965,0.39716906390642787,0.2478219696969697,99.45945945945947,-0.0021739130434782483,-0.004930305290315878
OASIS_2,LinearSVM,101,test,motion__mild,motion,mild,460,23,0.33695652173913043,0.21016769150236153,0.32603277375634393,0.2265625,0.40217391304347827,0.24403941047084965,0.39716906390642787,0.2478219696969697,83.78378378378379,-0.06521739130434784,-0.03387171896848812
OASIS_2,LinearSVM,101,test,motion__moderate,motion,moderate,460,23,0.3239130434782609,0.18591809096852524,0.2375365973499661,0.2537405303030303,0.40217391304347827,0.24403941047084965,0.39716906390642787,0.2478219696969697,80.54054054054053,-0.07826086956521738,-0.05812131950232441
OASIS_2,LinearSVM,101,test,motion__severe,motion,severe,460,23,0.32608695652173914,0.1598965761859481,0.20154733878687184,0.2487215909090909,0.40217391304347827,0.24403941047084965,0.39716906390642787,0.2478219696969697,81.08108108108108,-0.07608695652173914,-0.08414283428490155
OASIS_2,LinearSVM,101,test,rician_noise__mild,rician_noise,mild,460,23,0.3673913043478261,0.2319395391693389,0.3592379111637746,0.24436553030303035,0.40217391304347827,0.24403941047084965,0.39716906390642787,0.2478219696969697,91.35135135135135,-0.034782608695652195,-0.012099871301510745
OASIS_2,LinearSVM,101,test,rician_noise__moderate,rician_noise,moderate,460,23,0.3065217391304348,0.17795698047977038,0.24714137932745925,0.24417613636363636,0.40217391304347827,0.24403941047084965,0.39716906390642787,0.2478219696969697,76.21621621621621,-0.09565217391304348,-0.06608242999107927
OASIS_2,LinearSVM,101,test,rician_noise__severe,rician_noise,severe,460,23,0.30434782608695654,0.15929172400706693,0.19200354226905625,0.27173295454545454,0.40217391304347827,0.24403941047084965,0.39716906390642787,0.2478219696969697,75.67567567567568,-0.09782608695652173,-0.08474768646378272
OASIS_2,LinearSVM,101,test,rotation__mild,rotation,mild,460,23,0.30869565217391304,0.20590051088320674,0.3287128047096718,0.20042613636363635,0.40217391304347827,0.24403941047084965,0.39716906390642787,0.2478219696969697,76.75675675675674,-0.09347826086956523,-0.03813889958764291
OASIS_2,LinearSVM,101,test,rotation__moderate,rotation,moderate,460,23,0.30434782608695654,0.21619417187035384,0.32714429404387907,0.22414772727272725,0.40217391304347827,0.24403941047084965,0.39716906390642787,0.2478219696969697,75.67567567567568,-0.09782608695652173,-0.027845238600495814
OASIS_2,LinearSVM,101,test,rotation__severe,rotation,severe,460,23,0.29782608695652174,0.20072713045532392,0.3106699293121998,0.20696022727272728,0.40217391304347827,0.24403941047084965,0.39716906390642787,0.2478219696969697,74.05405405405405,-0.10434782608695653,-0.04331228001552573
OASIS_2,LinearSVM,101,test,gaussian_blur__mild,gaussian_blur,mild,460,23,0.4152173913043478,0.2508362480783318,0.41039125096503964,0.25378787878787884,0.40217391304347827,0.24403941047084965,0.39716906390642787,0.2478219696969697,103.24324324324323,0.013043478260869545,0.006796837607482176
OASIS_2,LinearSVM,101,test,gaussian_blur__moderate,gaussian_blur,moderate,460,23,0.40869565217391307,0.23645320197044334,0.3967366965867715,0.24261363636363636,0.40217391304347827,0.24403941047084965,0.39716906390642787,0.2478219696969697,101.62162162162163,0.0065217391304348005,-0.007586208500406311
OASIS_2,LinearSVM,101,test,gaussian_blur__severe,gaussian_blur,severe,460,23,0.43478260869565216,0.25304099680844794,0.4177449078768862,0.2618371212121212,0.40217391304347827,0.24403941047084965,0.39716906390642787,0.2478219696969697,108.1081081081081,0.03260869565217389,0.009001586337598289
OASIS_2,LinearSVM,101,test,brightness_contrast__mild,brightness_contrast,mild,460,23,0.3826086956521739,0.25365457413347836,0.37871369474896893,0.2624526515151515,0.40217391304347827,0.24403941047084965,0.39716906390642787,0.2478219696969697,95.13513513513514,-0.019565217391304346,0.009615163662628712
OASIS_2,LinearSVM,101,test,brightness_contrast__moderate,brightness_contrast,moderate,460,23,0.4217391304347826,0.24593065201161862,0.4010473034989855,0.2635416666666667,0.40217391304347827,0.24403941047084965,0.39716906390642787,0.2478219696969697,104.86486486486486,0.019565217391304346,0.001891241540768973
OASIS_2,LinearSVM,101,test,brightness_contrast__severe,brightness_contrast,severe,460,23,0.4,0.23910910518053377,0.38400109207562627,0.25307765151515155,0.40217391304347827,0.24403941047084965,0.39716906390642787,0.2478219696969697,99.45945945945947,-0.0021739130434782483,-0.004930305290315878
