dataset,model,seed,condition,distortion,severity,delta_accuracy_mean,delta_accuracy_ci_low,delta_accuracy_ci_high,delta_macro_f1_mean,delta_macro_f1_ci_low,delta_macro_f1_ci_high,bootstrap_replicates,bootstrap_subjects
OASIS_1,RandomForest,13,motion__mild,motion,mild,-0.00766388888888889,-0.0805555555555556,0.04583333333333328,-0.03350624681114744,-0.10765626598355138,0.012018022701044519,2000,36
OASIS_1,RandomForest,13,motion__moderate,motion,moderate,-0.008889583333333334,-0.08055555555555549,0.0444444444444444,-0.031101961681155924,-0.1060305560805052,0.01441109960310521,2000,36
OASIS_1,RandomForest,13,motion__severe,motion,severe,-0.005527083333333333,-0.07638888888888884,0.04583333333333339,-0.02825895627599568,-0.10316448657241797,0.020094408652287368,2000,36
OASIS_1,RandomForest,13,rician_noise__mild,rician_noise,mild,-0.014129166666666663,-0.09166666666666667,0.04166666666666663,-0.050637696194076,-0.13116995204445867,0.008785865830775196,2000,36
OASIS_1,RandomForest,13,rician_noise__moderate,rician_noise,moderate,-0.025581944444444445,-0.09583333333333333,0.030555555555555558,-0.0506486813168008,-0.1187525723105912,0.006599602332179813,2000,36
OASIS_1,RandomForest,13,rician_noise__severe,rician_noise,severe,-0.01394791666666666,-0.08750000000000002,0.04444444444444451,-0.05320120921095196,-0.12656282603404764,0.00577928580150185,2000,36
OASIS_1,RandomForest,13,rotation__mild,rotation,mild,-0.02891597222222222,-0.056944444444444464,-0.005520833333333506,-0.01109467745408411,-0.02647458652059745,0.0011354011930724112,2000,36
OASIS_1,RandomForest,13,rotation__moderate,rotation,moderate,-0.06398124999999999,-0.1152777777777777,-0.01944444444444443,-0.027884452014083586,-0.0567979516143101,-0.0014609519213966877,2000,36
OASIS_1,RandomForest,13,rotation__severe,rotation,severe,-0.07909652777777779,-0.14861111111111114,-0.016666666666666607,-0.03288135324184167,-0.07883463211809526,0.004214268362415489,2000,36
OASIS_1,RandomForest,13,gaussian_blur__mild,gaussian_blur,mild,-0.008435416666666667,-0.022222222222222254,0.0,-0.0007941501389145207,-0.006561343001480821,0.003776765145611695,2000,36
OASIS_1,RandomForest,13,gaussian_blur__moderate,gaussian_blur,moderate,-0.019318055555555557,-0.0527777777777777,0.00694444444444442,-0.0031540799885079293,-0.016958105603963353,0.007423545127850989,2000,36
OASIS_1,RandomForest,13,gaussian_blur__severe,gaussian_blur,severe,-0.04899652777777778,-0.10694444444444445,0.0014236111111109167,-0.02087091880551652,-0.05393984221892531,0.003899831111370247,2000,36
OASIS_1,RandomForest,13,brightness_contrast__mild,brightness_contrast,mild,-0.05592847222222223,-0.09305555555555556,-0.023611111111111138,-0.032652163525827824,-0.06922131769547256,0.003983474593381751,2000,36
OASIS_1,RandomForest,13,brightness_contrast__moderate,brightness_contrast,moderate,-0.06722152777777778,-0.11947916666666668,-0.012499999999999956,-0.018778013006249886,-0.06811936106018333,0.03350017364591016,2000,36
OASIS_1,RandomForest,13,brightness_contrast__severe,brightness_contrast,severe,-0.08898750000000001,-0.15142361111111113,-0.023611111111111138,-0.010207330847905581,-0.06646907082669651,0.04521570217797935,2000,36
OASIS_1,RandomForest,47,motion__mild,motion,mild,-0.017373611111111104,-0.09444444444444444,0.04166666666666663,-0.05600035125424152,-0.13210242777568879,0.005521109898948752,2000,36
OASIS_1,RandomForest,47,motion__moderate,motion,moderate,-0.014654861111111105,-0.09170138888888889,0.04444444444444451,-0.05391577025826469,-0.12942514937580327,0.005776206919328218,2000,36
OASIS_1,RandomForest,47,motion__severe,motion,severe,-0.018916666666666658,-0.10277777777777775,0.04305555555555557,-0.05817046835812872,-0.13337893145242688,0.0071593361782379015,2000,36
OASIS_1,RandomForest,47,rician_noise__mild,rician_noise,mild,-0.016096527777777765,-0.09309027777777777,0.04583333333333334,-0.05734692254225169,-0.13309865901439996,0.005849167999175249,2000,36
OASIS_1,RandomForest,47,rician_noise__moderate,rician_noise,moderate,-0.02095069444444444,-0.10138888888888886,0.040277777777777746,-0.05758686584174202,-0.13172657484658035,0.009250772628945615,2000,36
OASIS_1,RandomForest,47,rician_noise__severe,rician_noise,severe,-0.015469444444444438,-0.09166666666666667,0.04444444444444451,-0.05768236876170216,-0.13240341369800376,0.006095395301684081,2000,36
OASIS_1,RandomForest,47,rotation__mild,rotation,mild,-0.03285833333333334,-0.0625,-0.008333333333333304,-0.012503949220521202,-0.027472298214508657,-0.0019213544613320818,2000,36
OASIS_1,RandomForest,47,rotation__moderate,rotation,moderate,-0.06364236111111111,-0.1166666666666667,-0.016631944444444578,-0.033101937081682846,-0.06751612882479857,-8.308892958876576e-05,2000,36
OASIS_1,RandomForest,47,rotation__severe,rotation,severe,-0.07761041666666667,-0.14170138888888895,-0.01944444444444443,-0.039608235071600155,-0.08433376273830794,-0.0012674381772489428,2000,36
OASIS_1,RandomForest,47,gaussian_blur__mild,gaussian_blur,mild,-0.001283333333333334,-0.009722222222222188,0.006944444444444531,0.000579163501463698,-0.0058997623955217415,0.008710971515422005,2000,36
OASIS_1,RandomForest,47,gaussian_blur__moderate,gaussian_blur,moderate,-0.010892361111111113,-0.03194444444444444,0.00694444444444442,-0.0006702604521634109,-0.00888632807882049,0.006363223729983968,2000,36
OASIS_1,RandomForest,47,gaussian_blur__severe,gaussian_blur,severe,-0.04915833333333333,-0.10277777777777775,-0.0027430555555557354,-0.02245420698135117,-0.04924709996853662,0.00023484359130322466,2000,36
OASIS_1,RandomForest,47,brightness_contrast__mild,brightness_contrast,mild,-0.058465277777777776,-0.09444444444444439,-0.02496527777777799,-0.028185984836753185,-0.06464595337327507,0.005433261052616738,2000,36
OASIS_1,RandomForest,47,brightness_contrast__moderate,brightness_contrast,moderate,-0.09242430555555554,-0.1527777777777778,-0.03194444444444444,-0.03210110029707866,-0.08579003943492486,0.02225908081314344,2000,36
OASIS_1,RandomForest,47,brightness_contrast__severe,brightness_contrast,severe,-0.10402986111111112,-0.16947916666666674,-0.041631944444444596,-0.037773141539899496,-0.09377755742850863,0.017611269989791786,2000,36
OASIS_1,RandomForest,101,motion__mild,motion,mild,-0.0033652777777777735,-0.07916666666666666,0.05972222222222212,-0.04903273140326074,-0.12334034446622551,0.008454034671436765,2000,36
OASIS_1,RandomForest,101,motion__moderate,motion,moderate,0.005712500000000007,-0.06944444444444442,0.06388888888888888,-0.03825213764379005,-0.10820988356355117,0.01694853347551333,2000,36
OASIS_1,RandomForest,101,motion__severe,motion,severe,0.013430555555555555,-0.0666666666666666,0.08055555555555549,-0.019981472663924565,-0.10565090823262906,0.06390166034056893,2000,36
OASIS_1,RandomForest,101,rician_noise__mild,rician_noise,mild,-0.005129861111111109,-0.08611111111111114,0.05972222222222223,-0.04896528114271945,-0.1254623122458652,0.008317213399707809,2000,36
OASIS_1,RandomForest,101,rician_noise__moderate,rician_noise,moderate,-0.014559027777777778,-0.09586805555555554,0.05420138888888872,-0.025584419522620663,-0.10495684574472045,0.031315106698689525,2000,36
OASIS_1,RandomForest,101,rician_noise__severe,rician_noise,severe,-8.194444444443912e-05,-0.08055555555555555,0.0625,-0.04690111351250171,-0.11904187825121088,0.009930285976742392,2000,36
OASIS_1,RandomForest,101,rotation__mild,rotation,mild,-0.019197222222222223,-0.04444444444444451,0.002777777777777768,-0.008899241229802912,-0.01993358498428724,-0.0009259389281197017,2000,36
OASIS_1,RandomForest,101,rotation__moderate,rotation,moderate,-0.0521125,-0.1069444444444444,-0.008333333333333304,-0.023579239586969423,-0.05230619106009467,0.0030539184687808033,2000,36
OASIS_1,RandomForest,101,rotation__severe,rotation,severe,-0.06315208333333333,-0.12638888888888888,-0.008333333333333358,-0.026905636217898397,-0.06814284051287031,0.005831677728284878,2000,36
OASIS_1,RandomForest,101,gaussian_blur__mild,gaussian_blur,mild,0.011089583333333333,-0.002777777777777769,0.029166666666666674,0.006277094468279389,-0.0007026721139792747,0.015627492332663646,2000,36
OASIS_1,RandomForest,101,gaussian_blur__moderate,gaussian_blur,moderate,0.006588194444444443,-0.023611111111111138,0.03750000000000003,0.007583399428294462,-0.0063764707665766975,0.023501254197557962,2000,36
OASIS_1,RandomForest,101,gaussian_blur__severe,gaussian_blur,severe,-0.036694444444444446,-0.0986111111111111,0.02083333333333337,-0.020009258019988586,-0.05776830466609259,0.010776625707460243,2000,36
OASIS_1,RandomForest,101,brightness_contrast__mild,brightness_contrast,mild,-0.03082986111111111,-0.06527777777777777,-0.0013888888888889382,-0.014760996655706059,-0.05000847880952363,0.014585274585887134,2000,36
OASIS_1,RandomForest,101,brightness_contrast__moderate,brightness_contrast,moderate,-0.06491736111111111,-0.11944444444444441,-0.011076388888889042,-0.022085555549313365,-0.07216256992535225,0.028290544732048686,2000,36
OASIS_1,RandomForest,101,brightness_contrast__severe,brightness_contrast,severe,-0.07776944444444445,-0.1375347222222223,-0.01944444444444443,-0.028171058059418188,-0.08114920810170316,0.022624061189149492,2000,36
OASIS_1,LinearSVM,13,motion__mild,motion,mild,-0.19640763888888887,-0.38611111111111107,-0.004166666666666706,-0.10816718411581346,-0.18611404899247888,-0.03208027178722695,2000,36
OASIS_1,LinearSVM,13,motion__moderate,motion,moderate,-0.17268680555555557,-0.3875,0.04305555555555557,-0.12606859539025253,-0.21120332457093274,-0.042892864702026204,2000,36
OASIS_1,LinearSVM,13,motion__severe,motion,severe,-0.1461972222222222,-0.37638888888888883,0.08611111111111108,-0.11538711310886839,-0.20960588049542161,-0.02618255121542057,2000,36
OASIS_1,LinearSVM,13,rician_noise__mild,rician_noise,mild,0.07043333333333333,-0.008333333333333305,0.14861111111111108,-0.03916564238078092,-0.09315888426284463,0.011126103555820466,2000,36
OASIS_1,LinearSVM,13,rician_noise__moderate,rician_noise,moderate,0.11020624999999999,0.002777777777777768,0.21944444444444444,-0.041222239937504394,-0.11474862446744577,0.024537831285680368,2000,36
OASIS_1,LinearSVM,13,rician_noise__severe,rician_noise,severe,0.12088194444444446,0.00694444444444442,0.24166666666666664,-0.05669181591805942,-0.13620454993821854,0.014625685409734001,2000,36
OASIS_1,LinearSVM,13,rotation__mild,rotation,mild,-0.017192361111111113,-0.07777777777777778,0.03888888888888892,-0.0029313766987095345,-0.04363778090531997,0.038173093794646694,2000,36
OASIS_1,LinearSVM,13,rotation__moderate,rotation,moderate,0.02705972222222222,-0.07503472222222228,0.13749999999999996,0.06203190789544909,-0.026201848880810074,0.15925881050457744,2000,36
OASIS_1,LinearSVM,13,rotation__severe,rotation,severe,0.02394375,-0.1111111111111111,0.16527777777777775,0.04544005861643562,-0.060245577908765294,0.14317907752940778,2000,36
OASIS_1,LinearSVM,13,gaussian_blur__mild,gaussian_blur,mild,0.009600694444444443,0.0,0.019444444444444486,-0.0001869801063835136,-0.008903191081013288,0.008054751469347966,2000,36
OASIS_1,LinearSVM,13,gaussian_blur__moderate,gaussian_blur,moderate,0.026394444444444443,0.004166666666666652,0.05138888888888887,0.002398418163808548,-0.012025257910617686,0.018954190231936834,2000,36
OASIS_1,LinearSVM,13,gaussian_blur__severe,gaussian_blur,severe,0.060362500000000006,-0.00697916666666664,0.1305555555555556,0.0023447641464975355,-0.04454938802939709,0.051313245586160613,2000,36
OASIS_1,LinearSVM,13,brightness_contrast__mild,brightness_contrast,mild,0.018728472222222223,-0.011111111111111127,0.05277777777777776,-0.00046415602750289646,-0.018993552852932367,0.017786384094356966,2000,36
OASIS_1,LinearSVM,13,brightness_contrast__moderate,brightness_contrast,moderate,0.03364930555555556,-0.001388888888888884,0.07500000000000001,0.008647899976636687,-0.011549981245168232,0.02970813553242608,2000,36
OASIS_1,LinearSVM,13,brightness_contrast__severe,brightness_contrast,severe,0.02392916666666667,-0.012534722222222284,0.06388888888888888,0.006176039971808823,-0.01220234034756399,0.025471978011374772,2000,36
OASIS_1,LinearSVM,47,motion__mild,motion,mild,-0.1979659722222222,-0.39166666666666666,-0.002777777777777768,-0.1090347899049356,-0.18409112586935122,-0.03303374060818295,2000,36
OASIS_1,LinearSVM,47,motion__moderate,motion,moderate,-0.17200555555555555,-0.3861458333333334,0.04722222222222222,-0.12741775675872227,-0.213425076518753,-0.047025010522786126,2000,36
OASIS_1,LinearSVM,47,motion__severe,motion,severe,-0.13959444444444444,-0.3667013888888889,0.08065972222222165,-0.11266891300214561,-0.20897549177730854,-0.02512673371274284,2000,36
OASIS_1,LinearSVM,47,rician_noise__mild,rician_noise,mild,0.07023472222222221,-0.011111111111111127,0.15416666666666667,-0.03849578917700772,-0.09256498021495993,0.012001600216729798,2000,36
OASIS_1,LinearSVM,47,rician_noise__moderate,rician_noise,moderate,0.10833055555555555,0.004166666666666706,0.2138888888888889,-0.04230750065826607,-0.11777184490732923,0.022738983069626146,2000,36
OASIS_1,LinearSVM,47,rician_noise__severe,rician_noise,severe,0.11978541666666667,0.004131944444444432,0.2458333333333333,-0.05629114360903385,-0.14332776525190005,0.015275916427547966,2000,36
OASIS_1,LinearSVM,47,rotation__mild,rotation,mild,-0.01640763888888889,-0.07361111111111107,0.03611111111111104,-0.0027538175537280838,-0.04290848194601447,0.03371478313091826,2000,36
OASIS_1,LinearSVM,47,rotation__moderate,rotation,moderate,0.026020138888888888,-0.08333333333333331,0.13753472222222204,0.061084658437268485,-0.028497099953263737,0.15813928248166556,2000,36
OASIS_1,LinearSVM,47,rotation__severe,rotation,severe,0.02713611111111111,-0.1166666666666667,0.16947916666666646,0.045993380428722884,-0.05559977195595138,0.149385185474688,2000,36
OASIS_1,LinearSVM,47,gaussian_blur__mild,gaussian_blur,mild,0.009861805555555556,0.0,0.020833333333333315,-9.08366669948141e-05,-0.008684584720133897,0.008256478832800923,2000,36
OASIS_1,LinearSVM,47,gaussian_blur__moderate,gaussian_blur,moderate,0.02644930555555556,0.004166666666666652,0.05277777777777776,0.002670265574576076,-0.012297834473245074,0.01931899987950944,2000,36
OASIS_1,LinearSVM,47,gaussian_blur__severe,gaussian_blur,severe,0.059077083333333336,-0.0055555555555555376,0.13055555555555548,0.0020011128538368218,-0.04542579038769157,0.05230409844268049,2000,36
OASIS_1,LinearSVM,47,brightness_contrast__mild,brightness_contrast,mild,0.01890763888888889,-0.009722222222222243,0.05277777777777781,-0.0005985514361471322,-0.018701811951546445,0.01608491246982317,2000,36
OASIS_1,LinearSVM,47,brightness_contrast__moderate,brightness_contrast,moderate,0.03259097222222222,-0.004166666666666652,0.07222222222222219,0.007911272118292331,-0.013978519283748705,0.02789666426625765,2000,36
OASIS_1,LinearSVM,47,brightness_contrast__severe,brightness_contrast,severe,0.02378819444444444,-0.013888888888888841,0.0625,0.006125336598633755,-0.012901688497393643,0.02440537688144018,2000,36
OASIS_1,LinearSVM,101,motion__mild,motion,mild,-0.20111458333333332,-0.3861805555555556,-0.009722222222222243,-0.11003755041468563,-0.1847121271392559,-0.033027347438035884,2000,36
OASIS_1,LinearSVM,101,motion__moderate,motion,moderate,-0.1675,-0.39732638888888894,0.05281249999999979,-0.12465169668000627,-0.21555522219285111,-0.04415655703646717,2000,36
OASIS_1,LinearSVM,101,motion__severe,motion,severe,-0.14220763888888888,-0.375,0.09451388888888851,-0.11309620420030447,-0.2117166442594477,-0.02485345029284526,2000,36
OASIS_1,LinearSVM,101,rician_noise__mild,rician_noise,mild,0.06776388888888889,-0.012534722222222286,0.14861111111111114,-0.039614753089532974,-0.09575906867124152,0.010322583307196308,2000,36
OASIS_1,LinearSVM,101,rician_noise__moderate,rician_noise,moderate,0.10999305555555554,0.002777777777777768,0.21944444444444444,-0.04142891736769539,-0.11487721903263654,0.02388331064274259,2000,36
OASIS_1,LinearSVM,101,rician_noise__severe,rician_noise,severe,0.1217513888888889,0.005555555555555536,0.23472222222222217,-0.05572364041772848,-0.1333399141173767,0.010173299873806009,2000,36
OASIS_1,LinearSVM,101,rotation__mild,rotation,mild,-0.016558333333333335,-0.0763888888888889,0.03892361111111095,-0.0026452247430161745,-0.043471959805641204,0.036891390780838244,2000,36
OASIS_1,LinearSVM,101,rotation__moderate,rotation,moderate,0.02579305555555556,-0.07777777777777778,0.13194444444444442,0.06092973222146985,-0.02794242413806133,0.1532468050860222,2000,36
OASIS_1,LinearSVM,101,rotation__severe,rotation,severe,0.0217,-0.11805555555555552,0.15972222222222227,0.043720923489801305,-0.05670572951665893,0.14400271583611537,2000,36
OASIS_1,LinearSVM,101,gaussian_blur__mild,gaussian_blur,mild,0.009665972222222222,0.0,0.020833333333333315,-0.00017640213846210602,-0.008554604056916697,0.00827315782061164,2000,36
OASIS_1,LinearSVM,101,gaussian_blur__moderate,gaussian_blur,moderate,0.026401388888888887,0.004166666666666652,0.04999999999999999,0.0022443551282535163,-0.012390805213050264,0.018678922543080786,2000,36
OASIS_1,LinearSVM,101,gaussian_blur__severe,gaussian_blur,severe,0.05797916666666667,-0.004166666666666652,0.12638888888888888,0.001056973477483469,-0.04640332802875269,0.0480703277022622,2000,36
OASIS_1,LinearSVM,101,brightness_contrast__mild,brightness_contrast,mild,0.01944791666666667,-0.011111111111111127,0.054166666666666696,-0.00022391982295856528,-0.01759703361952336,0.018188326909471995,2000,36
OASIS_1,LinearSVM,101,brightness_contrast__moderate,brightness_contrast,moderate,0.03337083333333333,-0.002777777777777768,0.07225694444444428,0.008495580170347636,-0.012347552363983872,0.028892777770724923,2000,36
OASIS_1,LinearSVM,101,brightness_contrast__severe,brightness_contrast,severe,0.02364652777777778,-0.015277777777777779,0.0625,0.006145787386429936,-0.013893782575842664,0.02531198363274387,2000,36
OASIS_2,RandomForest,13,motion__mild,motion,mild,0.050140217391304344,-0.03478260869565214,0.12826086956521737,0.05377263211292458,-0.004297841063502224,0.1112139302153782,2000,23
OASIS_2,RandomForest,13,motion__moderate,motion,moderate,0.06960434782608695,-0.11739130434782608,0.2543478260869565,0.08998462291729735,-0.024614152975445384,0.20777626177012404,2000,23
OASIS_2,RandomForest,13,motion__severe,motion,severe,0.06346195652173914,-0.14347826086956522,0.25217391304347825,0.07804723073084216,-0.05634892963957468,0.19897470752197835,2000,23
OASIS_2,RandomForest,13,rician_noise__mild,rician_noise,mild,0.042742391304347836,-0.18913043478260871,0.26304347826086955,-0.04012494099398178,-0.1635498207835669,0.0950435957412681,2000,23
OASIS_2,RandomForest,13,rician_noise__moderate,rician_noise,moderate,0.09164891304347826,-0.11092391304347828,0.3065217391304348,-0.07327163790067653,-0.1729616462329848,0.021680066211650154,2000,23
OASIS_2,RandomForest,13,rician_noise__severe,rician_noise,severe,0.08769456521739132,-0.10657608695652174,0.29347826086956524,-0.07504113504241519,-0.17080533050145097,0.020044879926974995,2000,23
OASIS_2,RandomForest,13,rotation__mild,rotation,mild,-0.020229347826086957,-0.07826086956521738,0.03260869565217395,-0.049941074255688916,-0.10100440845434247,-0.006298845376406718,2000,23
OASIS_2,RandomForest,13,rotation__moderate,rotation,moderate,0.03371739130434783,-0.06521739130434778,0.13048913043478233,-0.03677963011694033,-0.10213237634559462,0.0226612821541674,2000,23
OASIS_2,RandomForest,13,rotation__severe,rotation,severe,0.0849445652173913,-0.06739130434782609,0.23483695652173886,-0.030229890980446237,-0.11973961176423309,0.05186521707200155,2000,23
OASIS_2,RandomForest,13,gaussian_blur__mild,gaussian_blur,mild,-0.004358695652173913,-0.023913043478260843,0.013043478260869547,-0.011669531372295011,-0.02954083255384579,0.005489058180634782,2000,23
OASIS_2,RandomForest,13,gaussian_blur__moderate,gaussian_blur,moderate,-0.019796739130434785,-0.041304347826086996,0.002173913043478304,-0.017065600734403517,-0.032207952337488396,-0.0005976727914076905,2000,23
OASIS_2,RandomForest,13,gaussian_blur__severe,gaussian_blur,severe,-0.015436956521739131,-0.04130434782608694,0.010869565217391297,-0.015641138466601083,-0.04438883464372265,0.014064734288489086,2000,23
OASIS_2,RandomForest,13,brightness_contrast__mild,brightness_contrast,mild,0.06064782608695652,-0.05217391304347829,0.17614130434782577,-0.007474309841261504,-0.07679261272702213,0.0578912214516115,2000,23
OASIS_2,RandomForest,13,brightness_contrast__moderate,brightness_contrast,moderate,0.051652173913043484,-0.09130434782608693,0.1913043478260869,-0.004580013005534171,-0.07547687784911787,0.06399343547106054,2000,23
OASIS_2,RandomForest,13,brightness_contrast__severe,brightness_contrast,severe,0.0716608695652174,-0.10217391304347823,0.24570652173913016,0.002866649423224956,-0.09114196051461362,0.0948846034502923,2000,23
OASIS_2,RandomForest,47,motion__mild,motion,mild,0.05675869565217391,-0.026086956521739146,0.14565217391304353,0.06724267521314965,0.004766785373078522,0.13507980464333397,2000,23
OASIS_2,RandomForest,47,motion__moderate,motion,moderate,0.07965000000000001,-0.09347826086956512,0.2500543478260867,0.10981888419678112,0.003823515134570405,0.22410962872707527,2000,23
OASIS_2,RandomForest,47,motion__severe,motion,severe,0.06179565217391305,-0.14565217391304341,0.26304347826086955,0.07739106716985582,-0.04663107608392751,0.20065985866476943,2000,23
OASIS_2,RandomForest,47,rician_noise__mild,rician_noise,mild,0.05649891304347826,-0.15652173913043477,0.27396739130434755,-0.024169362293926296,-0.1526947892965705,0.1110933721323639,2000,23
OASIS_2,RandomForest,47,rician_noise__moderate,rician_noise,moderate,0.0884,-0.11086956521739127,0.2848369565217388,-0.06853131426326245,-0.16335826698834982,0.02531281461204518,2000,23
OASIS_2,RandomForest,47,rician_noise__severe,rician_noise,severe,0.0893445652173913,-0.09788043478260869,0.29130434782608694,-0.06734951275065394,-0.1590381465656772,0.02156996343959947,2000,23
OASIS_2,RandomForest,47,rotation__mild,rotation,mild,0.006078260869565217,-0.04782608695652174,0.05869565217391304,-0.03150472682594372,-0.07364547164456656,0.006663963086649802,2000,23
OASIS_2,RandomForest,47,rotation__moderate,rotation,moderate,0.034876086956521744,-0.060869565217391286,0.13043478260869565,-0.032646169701382025,-0.08843757970758974,0.01653684355459192,2000,23
OASIS_2,RandomForest,47,rotation__severe,rotation,severe,0.07239673913043478,-0.06521739130434784,0.21739130434782605,-0.020546272619872512,-0.10302589400309321,0.062052112862036164,2000,23
OASIS_2,RandomForest,47,gaussian_blur__mild,gaussian_blur,mild,-0.013375,-0.030434782608695643,0.0021739130434782483,-0.006707314303565386,-0.021901805919469435,0.00811937293269485,2000,23
OASIS_2,RandomForest,47,gaussian_blur__moderate,gaussian_blur,moderate,-0.015284782608695653,-0.041304347826086996,0.008695652173913049,-0.015504193894515742,-0.038620965183388534,0.0020805368943223068,2000,23
OASIS_2,RandomForest,47,gaussian_blur__severe,gaussian_blur,severe,-0.007091304347826087,-0.03913043478260875,0.023913043478260843,-0.011486492931907824,-0.041403958766167814,0.014675992939010058,2000,23
OASIS_2,RandomForest,47,brightness_contrast__mild,brightness_contrast,mild,0.06530760869565218,-0.04347826086956519,0.1760869565217391,0.002261519666229947,-0.06451103865220024,0.06745972070166661,2000,23
OASIS_2,RandomForest,47,brightness_contrast__moderate,brightness_contrast,moderate,0.05352717391304348,-0.08483695652173914,0.18913043478260871,0.004026260058556501,-0.0716819292937071,0.07019496357084697,2000,23
OASIS_2,RandomForest,47,brightness_contrast__severe,brightness_contrast,severe,0.06554130434782608,-0.11086956521739127,0.2434782608695652,-0.0035168036236343844,-0.10003652046990744,0.09084807111920848,2000,23
OASIS_2,RandomForest,101,motion__mild,motion,mild,0.06977826086956522,-0.004347826086956497,0.15,0.07368596677757991,0.02023258509075687,0.13036622553669103,2000,23
OASIS_2,RandomForest,101,motion__moderate,motion,moderate,0.07111739130434781,-0.10434782608695653,0.24135869565217355,0.09391995298507036,-0.01695399808191795,0.1993308581658457,2000,23
OASIS_2,RandomForest,101,motion__severe,motion,severe,0.0762663043478261,-0.11956521739130432,0.27179347826086925,0.10171235614667035,-0.023151301156497446,0.22347035982776264,2000,23
OASIS_2,RandomForest,101,rician_noise__mild,rician_noise,mild,0.07184891304347826,-0.15005434782608698,0.29999999999999993,-0.034342911450151135,-0.16103376397647678,0.09688781339921038,2000,23
OASIS_2,RandomForest,101,rician_noise__moderate,rician_noise,moderate,0.09319891304347826,-0.10440217391304349,0.31521739130434784,-0.06608413217261981,-0.1647166005732484,0.03235877037186039,2000,23
OASIS_2,RandomForest,101,rician_noise__severe,rician_noise,severe,0.08655,-0.11527173913043479,0.28695652173913044,-0.0684482930170063,-0.16700052704058285,0.026203393991949053,2000,23
OASIS_2,RandomForest,101,rotation__mild,rotation,mild,-0.00858804347826087,-0.06739130434782609,0.05652173913043479,-0.038541918125199755,-0.08840322120835895,0.007506960376159215,2000,23
OASIS_2,RandomForest,101,rotation__moderate,rotation,moderate,0.04390434782608695,-0.06744565217391309,0.15657608695652148,-0.023466852373538842,-0.09183044833972476,0.04681214475501248,2000,23
OASIS_2,RandomForest,101,rotation__severe,rotation,severe,0.06734565217391304,-0.08701086956521743,0.23043478260869565,-0.044915042152035546,-0.12671772477874402,0.03300860120924236,2000,23
OASIS_2,RandomForest,101,gaussian_blur__mild,gaussian_blur,mild,-0.008957608695652174,-0.03260869565217389,0.015217391304347794,-0.00484825491215622,-0.019323041860335476,0.009072792457985092,2000,23
OASIS_2,RandomForest,101,gaussian_blur__moderate,gaussian_blur,moderate,-0.01125,-0.03913043478260869,0.021739130434782594,-0.013869016246493202,-0.03753495961164234,0.008976079645518789,2000,23
OASIS_2,RandomForest,101,gaussian_blur__severe,gaussian_blur,severe,-0.014918478260869566,-0.04347826086956519,0.01309782608695626,-0.016592164869791474,-0.05036388908244462,0.01126597806912348,2000,23
OASIS_2,RandomForest,101,brightness_contrast__mild,brightness_contrast,mild,0.05264891304347826,-0.06309782608695653,0.1717391304347826,-0.008119438504377843,-0.07968260010665737,0.06100549299941578,2000,23
OASIS_2,RandomForest,101,brightness_contrast__moderate,brightness_contrast,moderate,0.060890217391304347,-0.08260869565217388,0.1978260869565217,0.005111054100010849,-0.07227805608794699,0.08379890037144304,2000,23
OASIS_2,RandomForest,101,brightness_contrast__severe,brightness_contrast,severe,0.061599999999999995,-0.11304347826086958,0.24130434782608692,-0.011745532321227697,-0.1016782240920648,0.07352217292907583,2000,23
OASIS_2,LinearSVM,13,motion__mild,motion,mild,-0.06389673913043478,-0.16086956521739126,0.023913043478260843,-0.03317294226265923,-0.06706940687910526,-7.86791874294673e-05,2000,23
OASIS_2,LinearSVM,13,motion__moderate,motion,moderate,-0.07927934782608696,-0.24565217391304348,0.08478260869565213,-0.05826221714231462,-0.12010954846435633,0.002588587957898276,2000,23
OASIS_2,LinearSVM,13,motion__severe,motion,severe,-0.07735108695652174,-0.2717934782608696,0.10652173913043478,-0.08404472426853751,-0.145439730837021,-0.014977115849468477,2000,23
OASIS_2,LinearSVM,13,rician_noise__mild,rician_noise,mild,-0.03469347826086957,-0.08695652173913043,0.013043478260869601,-0.01387600139878659,-0.03628881272284618,0.008682326749670212,2000,23
OASIS_2,LinearSVM,13,rician_noise__moderate,rician_noise,moderate,-0.09356630434782608,-0.2391304347826087,0.04782608695652174,-0.06563668171892925,-0.11953956128077589,-0.006914432784147512,2000,23
OASIS_2,LinearSVM,13,rician_noise__severe,rician_noise,severe,-0.0956695652173913,-0.27391304347826084,0.08478260869565218,-0.08644195090383541,-0.16026369646078867,-0.005944133688291554,2000,23
OASIS_2,LinearSVM,13,rotation__mild,rotation,mild,-0.09288152173913043,-0.19130434782608696,0.0065217391304348005,-0.03730904227344663,-0.0907186194641786,0.023301768509695366,2000,23
OASIS_2,LinearSVM,13,rotation__moderate,rotation,moderate,-0.09636956521739132,-0.2152173913043478,0.01521739130434785,-0.027049397825313123,-0.10140602612345301,0.04311725542395588,2000,23
OASIS_2,LinearSVM,13,rotation__severe,rotation,severe,-0.10582173913043477,-0.22179347826086962,0.021739130434782594,-0.04440975870719744,-0.11474784700668847,0.03483662644531444,2000,23
OASIS_2,LinearSVM,13,gaussian_blur__mild,gaussian_blur,mild,0.013146739130434784,-0.0065217391304348005,0.03260869565217395,0.006681601225287469,-0.008365204731103443,0.02162205516588858,2000,23
OASIS_2,LinearSVM,13,gaussian_blur__moderate,gaussian_blur,moderate,0.006465217391304348,-0.028260869565217395,0.041358695652173656,-0.007128054792300462,-0.02794082933781004,0.013669799612206162,2000,23
OASIS_2,LinearSVM,13,gaussian_blur__severe,gaussian_blur,severe,0.032518478260869565,-0.028260869565217395,0.09788043478260844,0.008986930477734415,-0.026100879340663435,0.04853357369403056,2000,23
OASIS_2,LinearSVM,13,brightness_contrast__mild,brightness_contrast,mild,-0.02020326086956522,-0.05869565217391304,0.017391304347826042,0.004767006213312351,-0.0272594404713125,0.03597368904399602,2000,23
OASIS_2,LinearSVM,13,brightness_contrast__moderate,brightness_contrast,moderate,0.019602173913043478,-0.028260869565217395,0.07173913043478258,0.0022148923719027378,-0.023161854887284103,0.027778078672559204,2000,23
OASIS_2,LinearSVM,13,brightness_contrast__severe,brightness_contrast,severe,-0.0022206521739130424,-0.06304347826086953,0.05434782608695654,-0.0046713440846961034,-0.037583544507765465,0.02707897001369233,2000,23
OASIS_2,LinearSVM,47,motion__mild,motion,mild,-0.06574565217391304,-0.15434782608695652,0.021739130434782594,-0.03371269472471926,-0.06729620548171647,-0.0003453987635974444,2000,23
OASIS_2,LinearSVM,47,motion__moderate,motion,moderate,-0.07698152173913045,-0.24347826086956523,0.08913043478260868,-0.05755403558016146,-0.11819998533014851,0.006336773964921105,2000,23
OASIS_2,LinearSVM,47,motion__severe,motion,severe,-0.08240326086956522,-0.2760869565217391,0.10005434782608669,-0.08482284286829889,-0.14654169417957535,-0.020000248818131703,2000,23
OASIS_2,LinearSVM,47,rician_noise__mild,rician_noise,mild,-0.034680434782608696,-0.08478260869565218,0.01521739130434785,-0.013898342553952127,-0.03867593400342855,0.011233633536953872,2000,23
OASIS_2,LinearSVM,47,rician_noise__moderate,rician_noise,moderate,-0.09697934782608697,-0.2434782608695652,0.043478260869565244,-0.06701981444719277,-0.12030888015898493,-0.009440154741889445,2000,23
OASIS_2,LinearSVM,47,rician_noise__severe,rician_noise,severe,-0.09909565217391304,-0.27826086956521734,0.07391304347826089,-0.08727289878648724,-0.16125055350692102,-0.008394641455352691,2000,23
OASIS_2,LinearSVM,47,rotation__mild,rotation,mild,-0.09236521739130435,-0.18478260869565216,0.0,-0.03671319546425091,-0.08956134425405361,0.01921617543456255,2000,23
OASIS_2,LinearSVM,47,rotation__moderate,rotation,moderate,-0.09671413043478262,-0.20869565217391306,0.023913043478260898,-0.027558274084502083,-0.09728343687193851,0.04591781464909129,2000,23
OASIS_2,LinearSVM,47,rotation__severe,rotation,severe,-0.10347173913043478,-0.21967391304347833,0.019565217391304346,-0.04284828843387801,-0.11335134739160298,0.034426811633501614,2000,23
OASIS_2,LinearSVM,47,gaussian_blur__mild,gaussian_blur,mild,0.013024999999999998,-0.006521739130434802,0.034782608695652195,0.0066172929770053615,-0.008711340305844016,0.022178676955073442,2000,23
OASIS_2,LinearSVM,47,gaussian_blur__moderate,gaussian_blur,moderate,0.006326086956521738,-0.03260869565217395,0.043478260869565244,-0.007280164024313669,-0.02960909017217697,0.013940703846067007,2000,23
OASIS_2,LinearSVM,47,gaussian_blur__severe,gaussian_blur,severe,0.032535869565217396,-0.030434782608695643,0.09782608695652173,0.008616018610003263,-0.02739214538373958,0.04675151539785299,2000,23
OASIS_2,LinearSVM,47,brightness_contrast__mild,brightness_contrast,mild,-0.019810869565217392,-0.05652173913043479,0.015271739130434508,0.004451037791228328,-0.025877888559424314,0.035975125071290866,2000,23
OASIS_2,LinearSVM,47,brightness_contrast__moderate,brightness_contrast,moderate,0.019356521739130435,-0.02826086956521734,0.07173913043478258,0.0020278673678978476,-0.02286933480907663,0.02794721525956818,2000,23
OASIS_2,LinearSVM,47,brightness_contrast__severe,brightness_contrast,severe,-0.002496739130434782,-0.06309782608695653,0.05657608695652145,-0.004950022276223937,-0.036854039086052115,0.02629024745219236,2000,23
OASIS_2,LinearSVM,101,motion__mild,motion,mild,-0.06655,-0.15657608695652178,0.019565217391304346,-0.03363195488649791,-0.06710425178883214,-0.0013374394250261824,2000,23
OASIS_2,LinearSVM,101,motion__moderate,motion,moderate,-0.07783369565217392,-0.2434782608695652,0.09353260869565189,-0.05855524866285887,-0.11870812750031694,0.009206790319532872,2000,23
OASIS_2,LinearSVM,101,motion__severe,motion,severe,-0.07467934782608697,-0.2673913043478261,0.10440217391304324,-0.0828154536507421,-0.14784493204668486,-0.017741765064150202,2000,23
OASIS_2,LinearSVM,101,rician_noise__mild,rician_noise,mild,-0.03368369565217391,-0.08478260869565218,0.017391304347826098,-0.013237093302439629,-0.03780702263889503,0.011016383030575458,2000,23
OASIS_2,LinearSVM,101,rician_noise__moderate,rician_noise,moderate,-0.09472391304347826,-0.24353260869565216,0.05652173913043479,-0.06609174956172012,-0.12124473799409838,-0.005275637118100541,2000,23
OASIS_2,LinearSVM,101,rician_noise__severe,rician_noise,severe,-0.09755108695652175,-0.27608695652173915,0.08260869565217388,-0.08590188264873552,-0.1597780923586468,-0.007504180807023544,2000,23
OASIS_2,LinearSVM,101,rotation__mild,rotation,mild,-0.09357065217391304,-0.18695652173913047,0.0021739130434782483,-0.037835831803540186,-0.09284419167344843,0.02184024962235824,2000,23
OASIS_2,LinearSVM,101,rotation__moderate,rotation,moderate,-0.09724891304347827,-0.2152173913043478,0.01309782608695626,-0.02789423903914352,-0.09722573737939096,0.04071884250976856,2000,23
OASIS_2,LinearSVM,101,rotation__severe,rotation,severe,-0.10439673913043478,-0.22608695652173916,0.021739130434782594,-0.04353432193657208,-0.11501855619763587,0.03865860732979587,2000,23
OASIS_2,LinearSVM,101,gaussian_blur__mild,gaussian_blur,mild,0.012633695652173912,-0.0065217391304348005,0.03478260869565214,0.006532404162083177,-0.008005778095627922,0.021972119082835594,2000,23
OASIS_2,LinearSVM,101,gaussian_blur__moderate,gaussian_blur,moderate,0.006957608695652173,-0.030434782608695643,0.04347826086956519,-0.006787090357028045,-0.02777603030688119,0.013843576429661957,2000,23
OASIS_2,LinearSVM,101,gaussian_blur__severe,gaussian_blur,severe,0.0320804347826087,-0.028260869565217395,0.09565217391304354,0.008459111550226692,-0.028023804266744164,0.0468692281041142,2000,23
OASIS_2,LinearSVM,101,brightness_contrast__mild,brightness_contrast,mild,-0.019548913043478257,-0.05652173913043479,0.017391304347826098,0.004936424396875775,-0.027150986925949437,0.03604856401924817,2000,23
OASIS_2,LinearSVM,101,brightness_contrast__moderate,brightness_contrast,moderate,0.01996304347826087,-0.028260869565217395,0.07391304347826089,0.002250945399558134,-0.022334146272392115,0.027573315505654533,2000,23
OASIS_2,LinearSVM,101,brightness_contrast__severe,brightness_contrast,severe,-0.0023249999999999994,-0.0652717391304348,0.05434782608695654,-0.004795860322664708,-0.03729659264859289,0.026869497357906207,2000,23
