path,bytes
.gitattributes,213
.gitignore,696
CHECKSUMS.sha256,10474
CITATION.cff,417
FILE_INVENTORY.csv,4248
LICENSE,1200
README.md,9825
REPOSITORY_TREE.txt,4272
RUN_ORDER.md,801
config/.gitkeep,0
config/paths.example.yaml,662
config/study_protocol.yaml,3480
data/README.md,436
data/clean_128/.gitkeep,0
data/clean_32/.gitkeep,0
data/clean_64/.gitkeep,0
data/distortions_128/.gitkeep,0
data/distortions_32/.gitkeep,0
data/distortions_64/.gitkeep,0
data/manifests/.gitkeep,0
data/manifests/README.md,377
data/organized/.gitkeep,0
data/raw/.gitkeep,0
data/split/.gitkeep,0
docs/01_data_access.md,1120
docs/02_cohort_and_splits.md,1581
docs/03_preprocessing.md,1869
docs/04_distortion_pipeline.md,1936
docs/05_model_training.md,2465
docs/06_statistics.md,1544
docs/07_reader_study.md,1864
docs/08_results_and_models_upload.md,1960
docs/09_reproduction_checklist.md,2292
docs/10_output_files.md,3078
docs/model_cards/.gitkeep,0
docs/model_cards/LinearSVM.md,470
docs/model_cards/RandomForest.md,675
docs/model_cards/ResNet18.md,511
docs/model_cards/SimpleCNN.md,533
models/README.md,529
models/classical/ML_128/.gitkeep,0
models/classical/ML_32/.gitkeep,0
models/classical/ML_64/.gitkeep,0
models/deep/DL_128/.gitkeep,0
references/.gitkeep,0
references/oasis.bib,791
requirements/.gitkeep,0
requirements/R_packages.txt,25
requirements/environment.yml,254
requirements/requirements_analysis.txt,58
requirements/requirements_dl.txt,84
requirements/requirements_ml.txt,67
requirements/requirements_preprocessing.txt,88
results/README.md,823
results/classical/ML_128/.gitkeep,0
results/classical/ML_32/.gitkeep,0
results/classical/ML_64/.gitkeep,0
results/classical/subject_level_analysis/.gitkeep,0
results/deep/DL_128/.gitkeep,0
results/figures/.gitkeep,0
results/reader_study/.gitkeep,0
results/statistics/.gitkeep,0
scripts/data_preparation/.gitkeep,0
scripts/data_preparation/derive_resolutions.py,1099
scripts/data_preparation/organize_oasis1.py,3119
scripts/data_preparation/organize_oasis2.py,3378
scripts/data_preparation/preprocess_to_128.py,4038
scripts/data_preparation/split_subjects.py,2981
scripts/data_preparation/validate_prepared_data.py,1645
scripts/distortions/.gitkeep,0
scripts/distortions/generate_distortions.py,4684
scripts/modeling/.gitkeep,0
scripts/modeling/README.md,937
scripts/modeling/run_dl_all.sh,250
scripts/modeling/run_dl_models_mri_qrf.py,14909
scripts/modeling/run_ml_models_mri_qrf.py,34241
scripts/modeling/start_dl_tmux.sh,540
scripts/modeling/subject_level_analysis_mri_qrf.py,27239
scripts/modeling/validate_dl_data.sh,124
scripts/reader_study/google_apps_script/.gitkeep,0
scripts/reader_study/google_apps_script/Code.gs,10200
scripts/reader_study/google_apps_script/README.md,887
scripts/reader_study/google_apps_script/index.html,27313
scripts/reader_study/prepare_rater_study.py,4339
scripts/reporting/.gitkeep,0
scripts/reporting/build_resolution_heatmaps.py,2097
scripts/reporting/generate_checksums.py,659
scripts/statistics/.gitkeep,0
scripts/statistics/mixed_effects_logistic.R,2302
scripts/statistics/patient_cluster_bootstrap.py,3630
scripts/statistics/prepare_glmm_input.py,1694
