,dataset,model,condition,distortion,severity,accuracy,accuracy,macro_f1,macro_f1,weighted_f1,weighted_f1,balanced_accuracy,balanced_accuracy,ARR,ARR
,,,,,,mean,std,mean,std,mean,std,mean,std,mean,std
0,OASIS_1,ResNet18,brightness_contrast__mild,brightness_contrast,mild,0.5,0.0,0.23518960724386373,0.04337487970153413,0.43557541105545816,0.024352277179619353,0.2587121212121212,0.03222814889606938,106.12745098039215,6.253603344202487
1,OASIS_1,ResNet18,brightness_contrast__moderate,brightness_contrast,moderate,0.5185185185185185,0.016037507477489603,0.24473418997228522,0.08478873109059673,0.4295680412082528,0.038061965311216105,0.2768939393939394,0.0614722663619981,110.17156862745098,9.47597961873692
2,OASIS_1,ResNet18,brightness_contrast__severe,brightness_contrast,severe,0.5555555555555556,0.02777777777777779,0.21302930003910395,0.03644327785827188,0.43974459837749597,0.049717032200705696,0.2602272727272727,0.02272727272727272,117.68790849673205,1.0422672240337527
3,OASIS_1,ResNet18,clean,clean,clean,0.47222222222222215,0.02777777777777779,0.23133000784855007,0.040267697500161195,0.42661639535041074,0.03367623096401688,0.2496212121212121,0.03674047167570344,,
4,OASIS_1,ResNet18,gaussian_blur__mild,gaussian_blur,mild,0.5,0.05555555555555558,0.20139269373614466,0.027492807876334003,0.41297967615835934,0.03166994981524472,0.23863636363636362,0.018912860201242294,105.90958605664487,10.235703301809549
5,OASIS_1,ResNet18,gaussian_blur__moderate,gaussian_blur,moderate,0.48148148148148157,0.15298807075794724,0.18793154277025245,0.031919684889049824,0.3822313853675861,0.08102377398683888,0.23371212121212123,0.04922348120489218,102.35566448801744,34.12511219811274
6,OASIS_1,ResNet18,gaussian_blur__severe,gaussian_blur,severe,0.5185185185185185,0.06415002990995843,0.1899230399230399,0.019661567608766466,0.3993239271017049,0.004327581382814615,0.24356060606060606,0.011153357472981407,110.07625272331154,15.467162949550495
7,OASIS_1,ResNet18,motion__mild,motion,mild,0.49074074074074076,0.01603750747748962,0.23833273075311998,0.027558415116379898,0.4387214437431893,0.003806662270577907,0.2579545454545455,0.021650635094610945,104.16666666666667,7.216878364870324
8,OASIS_1,ResNet18,motion__moderate,motion,moderate,0.49074074074074076,0.05782405554072593,0.20121516439345896,0.030199751752468522,0.4105147731332055,0.03553826567920208,0.23446969696969697,0.02408805014482521,103.82625272331154,8.752163633641606
9,OASIS_1,ResNet18,motion__severe,motion,severe,0.49074074074074076,0.11226255234242724,0.1844799344799345,0.007597522664141496,0.3861458861458862,0.02500740718247705,0.23446969696969697,0.02689927390542573,104.19389978213508,24.993235304465486
10,OASIS_1,ResNet18,rician_noise__mild,rician_noise,mild,0.46296296296296297,0.04243125643477627,0.228218663912738,0.04316355344712911,0.4229944787852317,0.044424547375721476,0.24545454545454545,0.04352435909592173,97.91666666666667,3.608439182435157
11,OASIS_1,ResNet18,rician_noise__moderate,rician_noise,moderate,0.48148148148148157,0.11226255234242723,0.25780524957366535,0.13979037930716265,0.434776839085049,0.12080668828130244,0.30037878787878786,0.172046855604559,101.59313725490195,21.18468148278621
12,OASIS_1,ResNet18,rician_noise__severe,rician_noise,severe,0.3796296296296296,0.12830005981991682,0.17577944930886105,0.04642846074963768,0.33682512113884666,0.046428051781294576,0.22765151515151516,0.08565297722138475,79.67047930283225,22.50814522218097
13,OASIS_1,ResNet18,rotation__mild,rotation,mild,0.5092592592592592,0.05782405554072597,0.20623810569462742,0.023709446995792176,0.41895504969176467,0.024100431350153346,0.2428030303030303,0.019758789932946923,108.2244008714597,15.613198976699671
14,OASIS_1,ResNet18,rotation__moderate,rotation,moderate,0.5277777777777778,0.027777777777777818,0.2046655865804802,0.022026951659495652,0.42518278499365975,0.021056245897025934,0.2477272727272727,0.0022727272727272596,112.14596949891069,11.133116105790567
15,OASIS_1,ResNet18,rotation__severe,rotation,severe,0.5,0.02777777777777777,0.2049628068010421,0.030600337271965632,0.4200562373356491,0.0315781008041863,0.23863636363636365,0.012026142323020855,106.01851851851852,6.262846878920683
16,OASIS_1,SimpleCNN,brightness_contrast__mild,brightness_contrast,mild,0.6296296296296297,0.06990587440065509,0.34030245117201635,0.14300562208370907,0.5456882087316871,0.13244925619918224,0.4003787878787879,0.1314175599715294,110.45416571732362,18.87720938523433
17,OASIS_1,SimpleCNN,brightness_contrast__moderate,brightness_contrast,moderate,0.5462962962962963,0.016037507477489613,0.1766233766233766,0.0033741249498095063,0.3924963924963925,0.00749805544402112,0.24583333333333335,0.0072168783648703305,95.62162983215615,9.455596364839385
18,OASIS_1,SimpleCNN,brightness_contrast__severe,brightness_contrast,severe,0.5555555555555556,0.0,0.17857142857142858,0.0,0.3968253968253969,0.0,0.25,0.0,97.13678134730766,7.362986246292319
19,OASIS_1,SimpleCNN,clean,clean,clean,0.5740740740740741,0.04243125643477635,0.2926490678428663,0.07751537040145556,0.5184631300049043,0.06692884914656709,0.3159090909090909,0.05377053711054993,,
20,OASIS_1,SimpleCNN,gaussian_blur__mild,gaussian_blur,mild,0.5740740740740741,0.03207501495497922,0.24795008142397915,0.07190596770280215,0.4828009472257008,0.09090384148265486,0.2924242424242424,0.056696840127477756,100.16708437761069,5.014619448106574
21,OASIS_1,SimpleCNN,gaussian_blur__moderate,gaussian_blur,moderate,0.5555555555555556,0.0,0.19051010717677386,0.02067839791969356,0.4105352809056513,0.023746215792880394,0.2534090909090909,0.005904718662166605,97.13678134730766,7.362986246292319
22,OASIS_1,SimpleCNN,gaussian_blur__severe,gaussian_blur,severe,0.5555555555555556,0.0,0.17857142857142858,0.0,0.3968253968253969,0.0,0.25,0.0,97.13678134730766,7.362986246292319
23,OASIS_1,SimpleCNN,motion__mild,motion,mild,0.5740740740740741,0.03207501495497922,0.26953205524634094,0.08737464685945649,0.4895325133420371,0.08035027382886065,0.3121212121212121,0.06557845489607446,100.64555327713224,13.29243444941809
24,OASIS_1,SimpleCNN,motion__moderate,motion,moderate,0.49074074074074076,0.08929306260178663,0.20483405483405484,0.05063377740628054,0.39020362353695687,0.006497305879613383,0.26136363636363635,0.031141340013737997,86.2914862914863,19.763852638829086
25,OASIS_1,SimpleCNN,motion__severe,motion,severe,0.5,0.09622504486493763,0.1907979407979408,0.021176940375681262,0.38795938795938795,0.015356377816283535,0.25227272727272726,0.00393647910811109,88.04587225639858,21.725412622573305
26,OASIS_1,SimpleCNN,rician_noise__mild,rician_noise,mild,0.5462962962962963,0.016037507477489613,0.21164021164021166,0.057276812419605735,0.4110523221634333,0.024641757520968154,0.29583333333333334,0.07938566201357355,95.62162983215615,9.455596364839385
27,OASIS_1,SimpleCNN,rician_noise__moderate,rician_noise,moderate,0.39814814814814814,0.1370245239532291,0.16187931801198385,0.03926951804936928,0.28653669141779275,0.13012035923507217,0.26666666666666666,0.028867513459481273,70.72985494038126,29.92629324035993
28,OASIS_1,SimpleCNN,rician_noise__severe,rician_noise,severe,0.4351851851851852,0.12525693757841372,0.1508184834217375,0.031217064667680625,0.2961450931830573,0.13478094253899817,0.2333333333333333,0.02886751345948128,76.79046100098732,26.674220498662617
29,OASIS_1,SimpleCNN,rotation__mild,rotation,mild,0.5740740740740741,0.016037507477489596,0.26408971145813254,0.07409865067754998,0.5035326921291833,0.09256013380317478,0.3060606060606061,0.04854990900003673,100.40631882737146,8.764842643126519
30,OASIS_1,SimpleCNN,rotation__moderate,rotation,moderate,0.5740740740740741,0.016037507477489596,0.26559698796540904,0.07536641256675713,0.504104417700909,0.09301004454870357,0.309469696969697,0.051755511011970456,100.40631882737146,8.764842643126519
31,OASIS_1,SimpleCNN,rotation__severe,rotation,severe,0.5833333333333334,0.02777777777777779,0.26997450522858873,0.07942099678293259,0.5122996667914999,0.100315385635889,0.31363636363636366,0.056270083650636134,101.92147034252298,7.823136079271162
32,OASIS_2,ResNet18,brightness_contrast__mild,brightness_contrast,mild,0.4057971014492754,0.09050721736809274,0.21315418679549114,0.04552536169585003,0.35030630819855774,0.09608622429693998,0.24621212121212122,0.033170984636623074,95.83333333333333,7.216878364870316
33,OASIS_2,ResNet18,brightness_contrast__moderate,brightness_contrast,moderate,0.43478260869565216,0.07530655685082076,0.21119452865142518,0.01891965044723517,0.36538759008773997,0.04012211019757674,0.24715909090909094,0.02739673511645728,103.33333333333333,5.773502691896266
34,OASIS_2,ResNet18,brightness_contrast__severe,brightness_contrast,severe,0.43478260869565216,0.04347826086956523,0.17541666666666667,0.028555204885745405,0.32023444160272807,0.028289428850329295,0.23579545454545456,0.012383235635058736,104.46969696969698,11.810166279447946
35,OASIS_2,ResNet18,clean,clean,clean,0.4202898550724638,0.06641414050660642,0.22496420612486032,0.04485679603253833,0.3672514870704691,0.09316498940813472,0.262310606060606,0.021322595168935032,,
36,OASIS_2,ResNet18,gaussian_blur__mild,gaussian_blur,mild,0.36231884057971014,0.025102185616940276,0.17971306997872463,0.044006050597101797,0.2807261127069724,0.0877560724762139,0.24337121212121213,0.016646208173529305,87.57575757575758,13.79703325797844
37,OASIS_2,ResNet18,gaussian_blur__moderate,gaussian_blur,moderate,0.3333333333333333,0.025102185616940238,0.15781637717121588,0.04985555674391806,0.19058510447009747,0.0191598816272229,0.2569444444444444,0.012028130608117173,81.2121212121212,18.212096001596027
38,OASIS_2,ResNet18,gaussian_blur__severe,gaussian_blur,severe,0.3333333333333333,0.025102185616940238,0.14620669056152927,0.02974698967598879,0.18731494467819854,0.013495798718785092,0.2569444444444444,0.012028130608117173,81.2121212121212,18.212096001596027
39,OASIS_2,ResNet18,motion__mild,motion,mild,0.4202898550724638,0.100408742467761,0.21981980437862791,0.07379678193637758,0.3549139834306074,0.14521932486216205,0.26515151515151514,0.0404102051010452,99.16666666666667,11.273124382057233
40,OASIS_2,ResNet18,motion__moderate,motion,moderate,0.4057971014492754,0.09050721736809274,0.20897379593031765,0.07376034109564339,0.33895030964974254,0.14496670503368403,0.25757575757575757,0.03436599869625767,95.83333333333333,7.216878364870316
41,OASIS_2,ResNet18,motion__severe,motion,severe,0.30434782608695654,0.11503266569846045,0.14790747633489568,0.054308017891779505,0.23175049847560367,0.09366349672534727,0.20454545454545456,0.08369840831054677,75.45454545454545,34.220964044943116
42,OASIS_2,ResNet18,rician_noise__mild,rician_noise,mild,0.3913043478260869,0.11503266569846048,0.20639277755343174,0.07609697868520374,0.3352017976294753,0.1475628476216999,0.2443181818181818,0.05050110464383855,91.66666666666667,14.433756729740647
43,OASIS_2,ResNet18,rician_noise__moderate,rician_noise,moderate,0.3768115942028985,0.1397630545071443,0.198287037037037,0.08233151676158634,0.3255877616747182,0.15744953989259797,0.23106060606060605,0.06664541026482161,87.80303030303031,23.901845312996056
44,OASIS_2,ResNet18,rician_noise__severe,rician_noise,severe,0.4202898550724638,0.09050721736809271,0.20524231197855483,0.06633428327361082,0.3576843547143027,0.09840772808667174,0.23674242424242423,0.05400218723251233,100.53030303030302,17.86128444691657
45,OASIS_2,ResNet18,rotation__mild,rotation,mild,0.4057971014492754,0.09050721736809274,0.2076021369885467,0.07628657194986267,0.3359392050855143,0.14727500187096132,0.25757575757575757,0.03436599869625767,95.83333333333333,7.216878364870316
46,OASIS_2,ResNet18,rotation__moderate,rotation,moderate,0.4202898550724638,0.0664141405066064,0.20948232323232321,0.0673767743757679,0.3395169082125604,0.13462054565091153,0.26515151515151514,0.0238252758056991,100.30303030303031,9.54906136762954
47,OASIS_2,ResNet18,rotation__severe,rotation,severe,0.43478260869565216,0.08695652173913045,0.21635854341736693,0.074571950241724,0.3495506028498356,0.1471112475492869,0.2755681818181818,0.028832078309921065,103.03030303030302,5.248638810814767
48,OASIS_2,SimpleCNN,brightness_contrast__mild,brightness_contrast,mild,0.4492753623188405,0.10941789036624273,0.23072263993316625,0.06015834890419897,0.39438451200464925,0.09539114181144069,0.2604166666666667,0.06068738625004591,100.5050505050505,17.429731239128678
49,OASIS_2,SimpleCNN,brightness_contrast__moderate,brightness_contrast,moderate,0.5217391304347826,0.07530655685082079,0.2469524846975827,0.14754956109191766,0.3958262854256034,0.14958574444903405,0.30145202020202017,0.08911751314195927,122.22222222222223,45.89642122738419
50,OASIS_2,SimpleCNN,brightness_contrast__severe,brightness_contrast,severe,0.463768115942029,0.025102185616940265,0.17238778800644927,0.01839971797191154,0.32309637036685274,0.02361383633710917,0.24526515151515152,0.008200998141898086,105.55555555555556,17.347216662217768
51,OASIS_2,SimpleCNN,clean,clean,clean,0.4492753623188406,0.09050721736809274,0.24112094801749975,0.008622308031827841,0.4019718412522011,0.03755353032548598,0.2720959595959596,0.015770196965652527,,
52,OASIS_2,SimpleCNN,gaussian_blur__mild,gaussian_blur,mild,0.4202898550724638,0.09050721736809274,0.20134408602150536,0.06908288349009002,0.3308555399719495,0.14079470522921797,0.25946969696969696,0.03506346322267733,93.93939393939394,10.497277621629562
53,OASIS_2,SimpleCNN,gaussian_blur__moderate,gaussian_blur,moderate,0.31884057971014496,0.025102185616940224,0.12078853046594983,0.007139277522237302,0.16805360760479973,0.009932907857025807,0.22916666666666666,0.018042195912175808,73.989898989899,22.68092918104233
54,OASIS_2,SimpleCNN,gaussian_blur__severe,gaussian_blur,severe,0.34782608695652173,0.0,0.12903225806451613,0.0,0.17952314165497896,0.0,0.25,0.0,79.79797979797979,17.75595538509793
55,OASIS_2,SimpleCNN,motion__mild,motion,mild,0.3768115942028986,0.09050721736809272,0.218246336996337,0.02859272761751352,0.3440675266762223,0.07072873198553127,0.24842171717171715,0.030189378097153108,83.96464646464646,9.95234666613059
56,OASIS_2,SimpleCNN,motion__moderate,motion,moderate,0.30434782608695654,0.0,0.11800766283524905,0.002322673496739874,0.16418457437947695,0.0032315457345945967,0.21875,0.0,69.82323232323233,15.536460961960689
57,OASIS_2,SimpleCNN,motion__severe,motion,severe,0.34782608695652173,0.0,0.12903225806451613,0.0,0.17952314165497896,0.0,0.25,0.0,79.79797979797979,17.75595538509793
58,OASIS_2,SimpleCNN,rician_noise__mild,rician_noise,mild,0.2463768115942029,0.100408742467761,0.09700854700854701,0.03404886202913177,0.11824600520252694,0.07633639010690035,0.22916666666666666,0.018042195912175808,53.15656565656567,13.81580865231847
59,OASIS_2,SimpleCNN,rician_noise__moderate,rician_noise,moderate,0.21739130434782608,0.11503266569846045,0.11876543209876543,0.07341325293338088,0.12714362395521814,0.09327414338279391,0.22569444444444442,0.09100932237556358,47.85353535353536,21.641797198500456
60,OASIS_2,SimpleCNN,rician_noise__severe,rician_noise,severe,0.13043478260869565,0.08695652173913043,0.07314327485380116,0.05997165659498744,0.06625730994152046,0.08563872265725529,0.23611111111111108,0.024056261216234418,30.429292929292927,19.544622564706042
61,OASIS_2,SimpleCNN,rotation__mild,rotation,mild,0.4492753623188406,0.13282828101321273,0.19768518518518516,0.05984053741148615,0.3455716586151369,0.11018870785701632,0.25473484848484845,0.05554927793963055,99.11616161616162,16.642257148219105
62,OASIS_2,SimpleCNN,rotation__moderate,rotation,moderate,0.463768115942029,0.10941789036624273,0.20699211797609965,0.052733202795757196,0.36258857603997385,0.09051479550118112,0.262310606060606,0.04530633982540033,103.28282828282829,13.558983594604841
63,OASIS_2,SimpleCNN,rotation__severe,rotation,severe,0.47826086956521735,0.04347826086956522,0.20724498132586366,0.040213376154953163,0.3670690740064142,0.049950867674239376,0.26704545454545453,0.015817512394403474,108.58585858585859,16.672404889135414
