dataset,model,seed,best_epoch,best_val_macro_f1,clean_accuracy_slice,DRI_slice,clean_accuracy_subject,DRI_subject,elapsed_minutes
OASIS_1,SimpleCNN,13,9,0.31466615517750496,0.5597222222222222,100.0,0.5277777777777778,108.42105263157897,0.5901763518651326
OASIS_1,SimpleCNN,47,5,0.3509994999694191,0.525,96.63139329805996,0.6111111111111112,85.75757575757575,0.45981974601745607
OASIS_1,SimpleCNN,101,13,0.2503339412031176,0.5902777777777778,89.1607843137255,0.5833333333333334,89.5238095238095,0.6733022451400756
OASIS_1,ResNet18,13,4,0.2979342588616955,0.44305555555555554,104.57680250783702,0.4444444444444444,111.25,0.41594273249308267
OASIS_1,ResNet18,47,3,0.24754744217481042,0.49166666666666664,104.12429378531074,0.5,106.29629629629632,0.39618873993555703
OASIS_1,ResNet18,101,10,0.32923134702539664,0.4736111111111111,94.97556207233627,0.4722222222222222,96.47058823529412,0.5945631543795268
OASIS_2,SimpleCNN,13,4,0.2842281186036467,0.4652173913043478,79.93769470404985,0.5217391304347826,72.22222222222223,0.3252293864885966
OASIS_2,SimpleCNN,47,3,0.284570757141808,0.4543478260869565,84.33811802232853,0.4782608695652174,84.84848484848484,0.29207440217336017
OASIS_2,SimpleCNN,101,6,0.3164814633708514,0.3717391304347826,85.61403508771927,0.34782608695652173,93.33333333333333,0.3461106856664022
OASIS_2,ResNet18,13,10,0.2910487533520677,0.40217391304347827,84.82882882882882,0.4782608695652174,88.48484848484848,0.44427921772003176
OASIS_2,ResNet18,47,10,0.30943149858823266,0.3804347826086957,97.25714285714285,0.43478260869565216,98.0,0.4262068549791972
OASIS_2,ResNet18,101,2,0.29988534500729624,0.33043478260869563,101.31578947368422,0.34782608695652173,94.16666666666667,0.27443618377049767
