dataset,model,condition,distortion,severity,accuracy_mean,accuracy_sd,macro_f1_mean,macro_f1_sd,weighted_f1_mean,weighted_f1_sd,balanced_accuracy_mean,balanced_accuracy_sd
OASIS_1,LinearSVM,brightness_contrast__mild,brightness_contrast,mild,0.375,0.0,0.2413515481376891,0.0,0.3827492858582729,0.0,0.2901136363636364,0.0
OASIS_1,LinearSVM,brightness_contrast__moderate,brightness_contrast,moderate,0.37916666666666665,0.0,0.24769289638907646,0.0,0.38627779154362035,0.0,0.2905681818181818,0.0
OASIS_1,LinearSVM,brightness_contrast__severe,brightness_contrast,severe,0.32083333333333336,0.0,0.2136921416052537,0.0,0.3392531873734494,0.0,0.24681818181818183,0.0
OASIS_1,LinearSVM,clean_test,clean,clean,0.4694444444444444,0.0,0.28667787950430795,0.0,0.4496161895040081,0.0,0.30272727272727273,0.0
OASIS_1,LinearSVM,gaussian_blur__mild,gaussian_blur,mild,0.4694444444444444,0.0,0.2635948055114572,0.0,0.4444872361733629,0.0,0.2732386363636364,0.0
OASIS_1,LinearSVM,gaussian_blur__moderate,gaussian_blur,moderate,0.47222222222222215,0.0,0.24250007358279538,0.0,0.4363930558553373,0.0,0.25488636363636363,0.0
OASIS_1,LinearSVM,gaussian_blur__severe,gaussian_blur,severe,0.4861111111111111,0.0,0.24931831199715393,0.0,0.4478762025471334,0.0,0.2621590909090909,0.0
OASIS_1,LinearSVM,motion__mild,motion,mild,0.2513888888888889,0.0,0.1462592466589616,0.0,0.15892384691568398,0.0,0.24096590909090906,0.0
OASIS_1,LinearSVM,motion__moderate,motion,moderate,0.2611111111111111,0.0,0.15459330378903402,0.0,0.1596892730740928,0.0,0.26136363636363635,0.0
OASIS_1,LinearSVM,motion__severe,motion,severe,0.25833333333333336,0.0,0.15054023544589581,0.0,0.15831227938146178,0.0,0.253125,0.0
OASIS_1,LinearSVM,rician_noise__mild,rician_noise,mild,0.1111111111111111,0.0,0.05000000000000001,0.0,0.022222222222222223,0.0,0.25,0.0
OASIS_1,LinearSVM,rician_noise__moderate,rician_noise,moderate,0.11388888888888889,0.0,0.054629817787712524,0.0,0.02778342252026462,0.0,0.25227272727272726,0.0
OASIS_1,LinearSVM,rician_noise__severe,rician_noise,severe,0.1111111111111111,0.0,0.05000000000000001,0.0,0.022222222222222223,0.0,0.25,0.0
OASIS_1,LinearSVM,rotation__mild,rotation,mild,0.45,0.0,0.2864877840605996,0.0,0.4429967281909029,0.0,0.2942613636363636,0.0
OASIS_1,LinearSVM,rotation__moderate,rotation,moderate,0.4305555555555556,0.0,0.2698494294387811,0.0,0.4273969230616144,0.0,0.27647727272727274,0.0
OASIS_1,LinearSVM,rotation__severe,rotation,severe,0.44166666666666665,0.0,0.2605384373564756,0.0,0.4388995019571953,0.0,0.2640909090909091,0.0
OASIS_1,RandomForest,brightness_contrast__mild,brightness_contrast,mild,0.48657407407407405,0.005613127617121348,0.20163032281492407,0.003917544656737816,0.4098275317790951,0.002976355007014195,0.23259469696969695,0.0012785143054346874
OASIS_1,RandomForest,brightness_contrast__moderate,brightness_contrast,moderate,0.35648148148148145,0.010607814108694113,0.1890306766364873,0.0008334668897014504,0.3599161301322911,0.003941825860766214,0.20291666666666666,0.007481324314492912
OASIS_1,RandomForest,brightness_contrast__severe,brightness_contrast,severe,0.28472222222222227,0.009107553505974973,0.17252705098853474,0.0072706747316014075,0.3019571384508326,0.009873587461174794,0.22032196969696968,0.006133820320303058
OASIS_1,RandomForest,clean_test,clean,clean,0.5685185185185185,0.005782405554072575,0.23500197139698822,0.0036510751828268367,0.4682001623033251,0.005453486863833349,0.2718560606060606,0.00328482481052077
OASIS_1,RandomForest,gaussian_blur__mild,gaussian_blur,mild,0.5541666666666667,0.001388888888888884,0.23396988141176098,0.0005015719911268826,0.46474383429792976,0.0003346210958124412,0.26642045454545454,0.0003977272727272728
OASIS_1,RandomForest,gaussian_blur__moderate,gaussian_blur,moderate,0.512037037037037,0.006563632814239809,0.22555853332580447,0.006819432411050882,0.44508002647529765,0.006119447844917228,0.2489583333333333,0.006004026856920498
OASIS_1,RandomForest,gaussian_blur__severe,gaussian_blur,severe,0.45138888888888884,0.007733006059486122,0.22362363167900642,0.008144278570418948,0.40283589297942174,0.00782135491703004,0.24303030303030304,0.008440002562244213
OASIS_1,RandomForest,motion__mild,motion,mild,0.5689814814814814,0.005613127617121326,0.2047122976198912,0.0076366773395465486,0.4315816049908847,0.009886480992728992,0.26166666666666666,0.004297323026354594
OASIS_1,RandomForest,motion__moderate,motion,moderate,0.5564814814814815,0.0008018753738744614,0.20682204541455732,0.0026813726745243747,0.43034068650603235,0.005355411318912111,0.25789772727272725,0.0011191883865677569
OASIS_1,RandomForest,motion__severe,motion,severe,0.5416666666666666,0.001388888888888884,0.2066617188786369,0.0030700816176085434,0.4204000290127057,0.00480836657034059,0.25386363636363635,0.0012291652075445208
OASIS_1,RandomForest,rician_noise__mild,rician_noise,mild,0.5583333333333333,0.006054026310473136,0.18873541708222483,0.006327240452462598,0.4100758805556726,0.008727927222269376,0.2534659090909091,0.003973618451114945
OASIS_1,RandomForest,rician_noise__moderate,rician_noise,moderate,0.5564814814814815,0.0016037507477489469,0.1817791215507881,0.0034016135912980547,0.4009806304732228,0.004195110004998406,0.2510984848484849,0.001482000012082558
OASIS_1,RandomForest,rician_noise__severe,rician_noise,severe,0.5361111111111111,0.01601744804815383,0.17649942668676277,0.0020613549506926583,0.3922209481928061,0.004580788779317065,0.24125,0.0072078516216692425
OASIS_1,RandomForest,rotation__mild,rotation,mild,0.5444444444444444,0.005555555555555605,0.2298868459739839,0.005008127340110813,0.4551904156783841,0.00687736724447522,0.26202651515151515,0.0037051089458038423
OASIS_1,RandomForest,rotation__moderate,rotation,moderate,0.524537037037037,0.00626284687892065,0.21752641236686246,0.0035217949965321254,0.43715107538537773,0.0053759336743242426,0.25018939393939393,0.003299533786668405
OASIS_1,RandomForest,rotation__severe,rotation,severe,0.5189814814814815,0.010516496936667187,0.22110212425084505,0.0044028482094771995,0.43772988744234104,0.006404962114553157,0.25022727272727274,0.005226963923684943
OASIS_2,LinearSVM,brightness_contrast__mild,brightness_contrast,mild,0.40652173913043477,0.0,0.29416789473510435,0.0,0.4033684381611558,0.0,0.29971590909090906,0.0
OASIS_2,LinearSVM,brightness_contrast__moderate,brightness_contrast,moderate,0.3782608695652174,0.0,0.2382619548389139,0.0,0.3746811976748485,0.0,0.24621212121212124,0.0
OASIS_2,LinearSVM,brightness_contrast__severe,brightness_contrast,severe,0.3739130434782609,0.0,0.24762327844051915,0.0,0.37442725402306976,0.0,0.2526041666666667,0.0
OASIS_2,LinearSVM,clean_test,clean,clean,0.4108695652173913,0.0,0.2649891796183356,0.0,0.4051472512809107,0.0,0.2722537878787879,0.0
OASIS_2,LinearSVM,gaussian_blur__mild,gaussian_blur,mild,0.4108695652173913,0.0,0.2639794095124649,0.0,0.40854175992068625,0.0,0.268844696969697,0.0
OASIS_2,LinearSVM,gaussian_blur__moderate,gaussian_blur,moderate,0.40217391304347827,0.0,0.25916744272676473,0.0,0.40100123899681744,0.0,0.2630681818181818,0.0
OASIS_2,LinearSVM,gaussian_blur__severe,gaussian_blur,severe,0.40217391304347827,0.0,0.24829783528890267,0.0,0.39625527949220957,0.0,0.25175189393939396,0.0
OASIS_2,LinearSVM,motion__mild,motion,mild,0.39565217391304347,0.0,0.25068007348725,0.0,0.36895538060894123,0.0,0.27447916666666666,0.0
OASIS_2,LinearSVM,motion__moderate,motion,moderate,0.34130434782608693,0.0,0.17119850369218806,0.0,0.23550457087818313,0.0,0.24758522727272728,0.0
OASIS_2,LinearSVM,motion__severe,motion,severe,0.33695652173913043,0.0,0.13668358168391634,0.0,0.18475066486811234,0.0,0.24436553030303032,0.0
OASIS_2,LinearSVM,rician_noise__mild,rician_noise,mild,0.4152173913043478,0.0,0.2603204052791187,0.0,0.4010947911643903,0.0,0.2765151515151515,0.0
OASIS_2,LinearSVM,rician_noise__moderate,rician_noise,moderate,0.2891304347826087,0.0,0.18160102929733038,0.0,0.25167702351913623,0.0,0.21808712121212123,0.0
OASIS_2,LinearSVM,rician_noise__severe,rician_noise,severe,0.25,0.0,0.18311443308129718,0.0,0.1947890440208965,0.0,0.2858901515151515,0.0
OASIS_2,LinearSVM,rotation__mild,rotation,mild,0.30434782608695654,0.0,0.21407628217121685,0.0,0.32837174711490813,0.0,0.21368371212121215,0.0
OASIS_2,LinearSVM,rotation__moderate,rotation,moderate,0.2565217391304348,0.0,0.1924841806091806,0.0,0.2860770242291982,0.0,0.20700757575757575,0.0
OASIS_2,LinearSVM,rotation__severe,rotation,severe,0.29130434782608694,0.0,0.20003014928424565,0.0,0.31269831705783935,0.0,0.19611742424242426,0.0
OASIS_2,RandomForest,brightness_contrast__mild,brightness_contrast,mild,0.4492753623188406,0.0033207070253303272,0.2117913856466386,0.0042689640638647,0.3663374562964341,0.0027435945726523993,0.24853219696969697,0.002097810408795055
OASIS_2,RandomForest,brightness_contrast__moderate,brightness_contrast,moderate,0.44202898550724634,0.004525360868404622,0.20294020109269625,0.007336674751346755,0.355029695973302,0.006801287776411352,0.24259785353535354,0.004540108256354172
OASIS_2,RandomForest,brightness_contrast__severe,brightness_contrast,severe,0.43623188405797103,0.008785764965929059,0.20412605190313116,0.011918986312934615,0.34660587524707487,0.012011932186734253,0.24248737373737372,0.008218247658267536
OASIS_2,RandomForest,clean_test,clean,clean,0.42681159420289855,0.01115565530314542,0.25176469753883773,0.0088500798416799,0.3914301613425231,0.005140735452810202,0.2604166666666667,0.0035769265511848302
OASIS_2,RandomForest,gaussian_blur__mild,gaussian_blur,mild,0.3942028985507246,0.006275546404235034,0.2585523440821784,0.010131196816441168,0.37662892216216887,0.007346636450276155,0.2603693181818182,0.008975254695824136
OASIS_2,RandomForest,gaussian_blur__moderate,gaussian_blur,moderate,0.3898550724637681,0.007634531704965739,0.26656830972811857,0.01473109998603738,0.3807980009497771,0.00824765410787948,0.2730587121212121,0.016741355653715633
OASIS_2,RandomForest,gaussian_blur__severe,gaussian_blur,severe,0.35434782608695653,0.02073780872645533,0.24422822689510096,0.02115303602315592,0.3555513308770153,0.0199415180924925,0.25733901515151514,0.027801141782632658
OASIS_2,RandomForest,motion__mild,motion,mild,0.43985507246376815,0.0025102185616940344,0.25624641798968195,0.009131100210366918,0.4022261440082913,0.0026059466096930244,0.26665088383838387,0.004524279248930027
OASIS_2,RandomForest,motion__moderate,motion,moderate,0.46594202898550724,0.011972979450621956,0.25912708307212184,0.004714528682081869,0.4214274258796931,0.010733126552402147,0.27492108585858593,0.006126340173716248
OASIS_2,RandomForest,motion__severe,motion,severe,0.4753623188405797,0.006641414050660647,0.250220961046767,0.0065308980006334024,0.4229772568464199,0.00774676056467026,0.2756313131313131,0.005414384297881451
OASIS_2,RandomForest,rician_noise__mild,rician_noise,mild,0.5101449275362319,0.016603535126651563,0.26156017595321457,0.009754633727626848,0.4461733224860425,0.0154287304694022,0.2916666666666667,0.009843589437450433
OASIS_2,RandomForest,rician_noise__moderate,rician_noise,moderate,0.47898550724637684,0.0012551092808470094,0.16287931577830594,0.001930560970409661,0.3110551101737833,0.0027577618955560933,0.25052083333333336,0.0009021097956088071
OASIS_2,RandomForest,rician_noise__severe,rician_noise,severe,0.47826086956521746,0.0,0.16176470588235295,0.0,0.30946291560102307,0.0,0.25,0.0
OASIS_2,RandomForest,rotation__mild,rotation,mild,0.4210144927536232,0.00878576496592906,0.2151110767237643,0.00218471391687349,0.36881346742006293,0.004583421443989609,0.23982007575757577,0.003983186890728805
OASIS_2,RandomForest,rotation__moderate,rotation,moderate,0.4572463768115942,0.0025102185616940184,0.22446746929184744,0.004731588186657442,0.3889828170008475,0.006360900478763,0.25620265151515154,0.0026813627149181343
OASIS_2,RandomForest,rotation__severe,rotation,severe,0.4630434782608696,0.01895173453713335,0.21913486489136993,0.01783191884436603,0.3850156647207246,0.026431569340015712,0.25625000000000003,0.013259013044384465
