dataset,model,seed,DRI,mean_corrupted_accuracy,mean_corrupted_macro_f1
OASIS_1,LinearSVM,13,70.03944773175543,0.3287962962962963,0.19206986878405907
OASIS_1,LinearSVM,47,70.03944773175543,0.3287962962962963,0.19206986878405907
OASIS_1,LinearSVM,101,70.03944773175543,0.3287962962962963,0.19206986878405907
OASIS_1,RandomForest,13,89.98357963875205,0.5074074074074074,0.20697841806953757
OASIS_1,RandomForest,47,87.21417069243157,0.5014814814814815,0.2048470142909336
OASIS_1,RandomForest,101,88.48039215686275,0.5013888888888889,0.20418766897574295
OASIS_2,LinearSVM,13,85.25573192239858,0.35028985507246374,0.22277909694189424
OASIS_2,LinearSVM,47,85.25573192239858,0.35028985507246374,0.22277909694189424
OASIS_2,LinearSVM,101,85.25573192239858,0.35028985507246374,0.22277909694189424
OASIS_2,RandomForest,13,100.46204620462046,0.4411594202898551,0.22040624059753552
OASIS_2,RandomForest,47,105.1965811965812,0.4459420289855072,0.2306978191871605
OASIS_2,RandomForest,101,106.3888888888889,0.44405797101449274,0.2286396582107619
