dataset,model,condition,distortion,severity,ARR_mean,ARR_sd,delta_accuracy_mean,delta_accuracy_sd,delta_macro_f1_mean,delta_macro_f1_sd
OASIS_1,LinearSVM,brightness_contrast__mild,brightness_contrast,mild,82.60185622148812,1.7437667403556305,-0.0787037037037037,0.008018753738744775,-0.027899651247418927,0.004373091569771243
OASIS_1,LinearSVM,brightness_contrast__moderate,brightness_contrast,moderate,80.55309108069844,0.32041713854035364,-0.08796296296296298,0.0016037507477489527,-0.03246680330143773,0.001285963715021381
OASIS_1,LinearSVM,brightness_contrast__severe,brightness_contrast,severe,70.21488123328614,0.05285792931703194,-0.13472222222222224,0.0,-0.054497304127419155,9.206989363002442e-05
OASIS_1,LinearSVM,gaussian_blur__mild,gaussian_blur,mild,101.43275129778198,0.1749216011419181,0.006481481481481459,0.0008018753738744775,-0.008395162157475267,0.001061374540788487
OASIS_1,LinearSVM,gaussian_blur__moderate,gaussian_blur,moderate,108.90482932200725,0.0158028860844623,0.04027777777777778,3.1031676915590914e-17,-0.010449172983616603,0.0005984253266326404
OASIS_1,LinearSVM,gaussian_blur__severe,gaussian_blur,severe,111.56646216768917,0.3754547762828091,0.05231481481481479,0.0016037507477489558,-0.023002752330670072,0.001881545273081502
OASIS_1,LinearSVM,motion__mild,motion,mild,59.57023753342772,0.1057158586340567,-0.18287037037037038,0.0008018753738744734,-0.12484947431343874,0.0008421329761137135
OASIS_1,LinearSVM,motion__moderate,motion,moderate,59.57023753342772,0.1057158586340567,-0.18287037037037038,0.0008018753738744734,-0.14571019694221335,0.0009100440854450301
OASIS_1,LinearSVM,motion__severe,motion,severe,61.105552933773794,0.10844049416586692,-0.1759259259259259,0.0008018753738744734,-0.14216436036392247,0.0008030949500566082
OASIS_1,LinearSVM,rician_noise__mild,rician_noise,mild,72.77772534214252,3.3235104216965796,-0.12314814814814813,0.0152356321036151,-0.06504609721172597,0.005540154803748352
OASIS_1,LinearSVM,rician_noise__moderate,rician_noise,moderate,42.17775680352367,6.641026645223188,-0.26157407407407407,0.030471264207230248,-0.14409145555291292,0.020576076977867286
OASIS_1,LinearSVM,rician_noise__severe,rician_noise,severe,29.686330029888314,3.069574390132292,-0.3180555555555556,0.014433756729740633,-0.18607837728757634,0.013547571851913385
OASIS_1,LinearSVM,rotation__mild,rotation,mild,97.33899638194116,0.1727418927164843,-0.01203703703703705,0.0008018753738744771,0.007301181345045686,0.0008940764654234429
OASIS_1,LinearSVM,rotation__moderate,rotation,moderate,100.10256410256409,0.17764623667372012,0.0004629629629629613,0.0008018753738744775,0.023064190409978185,0.0008497921526022051
OASIS_1,LinearSVM,rotation__severe,rotation,severe,100.71669026270253,0.17873609088645445,0.0032407407407407294,0.0008018753738744772,0.011497133767810086,0.0009118348519032329
OASIS_1,RandomForest,brightness_contrast__mild,brightness_contrast,mild,87.53252712097076,0.9157635337167344,-0.07175925925925926,0.005613127617121403,-0.033010624465222176,0.0019272179269825935
OASIS_1,RandomForest,brightness_contrast__moderate,brightness_contrast,moderate,83.50926403712646,0.3852176809047771,-0.09490740740740738,0.002891202777036303,-0.029087972555955532,0.0043382177258591195
OASIS_1,RandomForest,brightness_contrast__severe,brightness_contrast,severe,78.0948979720961,3.51008479454896,-0.1259259259259259,0.01890794245987232,-0.0294626282995271,0.014685644748970418
OASIS_1,RandomForest,gaussian_blur__mild,gaussian_blur,mild,99.35777653735492,0.27256645139197555,-0.0037037037037037277,0.0016037507477490187,0.002281756054438524,0.0013928347655950844
OASIS_1,RandomForest,gaussian_blur__moderate,gaussian_blur,moderate,93.24328238382401,0.1764179356665896,-0.038888888888888896,0.0013888888888889403,-0.009401709685057621,0.0009440695252666634
OASIS_1,RandomForest,gaussian_blur__severe,gaussian_blur,severe,85.04245479994432,0.9631101511933947,-0.08611111111111112,0.006364688465216469,-0.030395300578445167,0.01041871234969947
OASIS_1,RandomForest,motion__mild,motion,mild,98.07160020640386,0.4027641536572017,-0.011111111111111108,0.0024056261216234645,-0.03646264743724482,0.001899898141522059
OASIS_1,RandomForest,motion__moderate,motion,moderate,98.39386487483368,0.4870172571993337,-0.009259259259259264,0.0028912027770363474,-0.028734804941291974,0.0036753938096467337
OASIS_1,RandomForest,motion__severe,motion,severe,95.89480339375943,0.510917040763608,-0.0236111111111111,0.0027777777777778234,-0.04512869898258395,0.00364619655387889
OASIS_1,RandomForest,rician_noise__mild,rician_noise,mild,96.54290402360989,0.9942103534816817,-0.019907407407407374,0.005782405554072553,-0.04847586839226677,0.009985066183245407
OASIS_1,RandomForest,rician_noise__moderate,rician_noise,moderate,94.75814800806681,2.2464328798474535,-0.03009259259259256,0.012602460730385366,-0.05833638968908903,0.0037247536135232135
OASIS_1,RandomForest,rician_noise__severe,rician_noise,severe,96.54676589424567,0.94398080906227,-0.019907407407407374,0.005613127617121392,-0.05892157238557844,0.0022810789309118417
OASIS_1,RandomForest,rotation__mild,rotation,mild,93.48695517277419,1.0670637218061383,-0.03750000000000001,0.006364688465216483,-0.017183725725855636,0.0016812370090315636
OASIS_1,RandomForest,rotation__moderate,rotation,moderate,89.63580310271311,2.2035031382966346,-0.0597222222222222,0.013249155575235424,-0.02439586930846624,0.007992321513651725
OASIS_1,RandomForest,rotation__severe,rotation,severe,86.32453961018541,0.431159424829567,-0.0787037037037037,0.0028912027770363366,-0.03538091367841161,0.0010384209995627017
OASIS_2,LinearSVM,brightness_contrast__mild,brightness_contrast,mild,92.42424242424242,0.0,-0.03260869565217395,0.0,-0.011740473667323947,0.0
OASIS_2,LinearSVM,brightness_contrast__moderate,brightness_contrast,moderate,96.96969696969695,0.0,-0.013043478260869601,0.0,-0.022724916028505487,0.0
OASIS_2,LinearSVM,brightness_contrast__severe,brightness_contrast,severe,90.90909090909092,0.0,-0.03913043478260869,0.0,-0.035151752399564695,0.0
OASIS_2,LinearSVM,gaussian_blur__mild,gaussian_blur,mild,95.45454545454545,0.0,-0.019565217391304346,0.0,-0.020066599990840595,0.0
OASIS_2,LinearSVM,gaussian_blur__moderate,gaussian_blur,moderate,95.95959595959596,0.0,-0.017391304347826098,0.0,-0.023781759193857693,0.0
OASIS_2,LinearSVM,gaussian_blur__severe,gaussian_blur,severe,99.15824915824915,0.29159104504527383,-0.0036231884057971175,0.0012551092808470374,-0.001010320423581031,0.0009398463428368441
OASIS_2,LinearSVM,motion__mild,motion,mild,83.33333333333333,0.0,-0.07173913043478264,0.0,-0.04366969265448123,0.0
OASIS_2,LinearSVM,motion__moderate,motion,moderate,81.81818181818183,0.0,-0.07826086956521738,0.0,-0.05264207215064495,0.0
OASIS_2,LinearSVM,motion__severe,motion,severe,73.23232323232324,0.0,-0.11521739130434783,0.0,-0.11878211222814966,0.0
OASIS_2,LinearSVM,rician_noise__mild,rician_noise,mild,100.0,0.0,0.0,0.0,-0.003970768391319102,0.0
OASIS_2,LinearSVM,rician_noise__moderate,rician_noise,moderate,79.7979797979798,0.0,-0.08695652173913043,0.0,-0.02909159483672291,0.0
OASIS_2,LinearSVM,rician_noise__severe,rician_noise,severe,69.1919191919192,0.0,-0.13260869565217392,0.0,-0.08806275811044013,0.0
OASIS_2,LinearSVM,rotation__mild,rotation,mild,68.68686868686868,0.0,-0.13478260869565217,0.0,-0.058320210512561005,0.0
OASIS_2,LinearSVM,rotation__moderate,rotation,moderate,59.595959595959606,0.0,-0.17391304347826086,0.0,-0.07858203266465494,0.0
OASIS_2,LinearSVM,rotation__severe,rotation,severe,63.636363636363626,0.0,-0.15652173913043482,0.0,-0.0688692835950169,0.0
OASIS_2,RandomForest,brightness_contrast__mild,brightness_contrast,mild,111.33463486404662,1.781549611193255,0.04637681159420289,0.006988152725357237,-0.006396843976555118,0.0023414537248149674
OASIS_2,RandomForest,brightness_contrast__moderate,brightness_contrast,moderate,109.3870544850937,1.9149354506231935,0.03840579710144928,0.007634531704965765,-0.01528353131002346,0.004205030275458516
OASIS_2,RandomForest,brightness_contrast__severe,brightness_contrast,severe,106.37372794235539,0.9383864870104083,0.02608695652173913,0.0037653278425410484,-0.03781953589118097,0.004820525580203835
OASIS_2,RandomForest,gaussian_blur__mild,gaussian_blur,mild,95.40314442275228,1.6016619352744026,-0.01884057971014493,0.006641414050660654,-0.00812299831783772,0.00937139234809854
OASIS_2,RandomForest,gaussian_blur__moderate,gaussian_blur,moderate,95.39748559356401,2.3879091397699588,-0.01884057971014493,0.009802716853962811,0.0106475050688667,0.017035148446719217
OASIS_2,RandomForest,gaussian_blur__severe,gaussian_blur,severe,91.14204604400682,2.0711707799483006,-0.03623188405797101,0.008230301950435151,0.011170178577296288,0.015153596121365687
OASIS_2,RandomForest,motion__mild,motion,mild,108.4995614407379,2.330288751247009,0.03478260869565216,0.009475867268566692,0.04456757698727431,0.0024270655571375192
OASIS_2,RandomForest,motion__moderate,motion,moderate,116.2917692329457,2.1165439606425083,0.06666666666666665,0.008230301950435195,0.10400811599227955,0.005752474493322051
OASIS_2,RandomForest,motion__severe,motion,severe,109.20880136566412,2.477128373417633,0.03768115942028984,0.010040874246776122,0.07027287045046039,0.016411939399078184
OASIS_2,RandomForest,rician_noise__mild,rician_noise,mild,115.7513510454687,1.601228690673622,0.0644927536231884,0.006641414050660623,-0.00834057368645146,0.008599376867146525
OASIS_2,RandomForest,rician_noise__moderate,rician_noise,moderate,116.81709720925407,0.7187678421283906,0.06884057971014494,0.0025102185616940435,-0.06825971254641942,0.006086346945171731
OASIS_2,RandomForest,rician_noise__severe,rician_noise,severe,116.81709720925407,0.7187678421283906,0.06884057971014494,0.0025102185616940435,-0.06825971254641942,0.006086346945171731
OASIS_2,RandomForest,rotation__mild,rotation,mild,100.7092399249262,1.6176763999129906,0.002898550724637683,0.00664141405066066,-0.018607141075928934,0.002689355041417044
OASIS_2,RandomForest,rotation__moderate,rotation,moderate,109.19559743089155,2.098954642445559,0.03768115942028984,0.008785764965929066,-0.00890158268639841,0.008527157689153965
OASIS_2,RandomForest,rotation__severe,rotation,severe,112.74556960831471,6.635756221699565,0.05217391304347826,0.02723905236117755,-0.014121945774900604,0.012755308223941404
