dataset,model,seed,split,condition,distortion,severity,n_images,n_subjects,accuracy,macro_f1,weighted_f1,balanced_accuracy
OASIS_1,RandomForest,13,val,clean_val,clean,clean,680,34,0.5029411764705882,0.20576441679851842,0.43590514102898753,0.3066666666666667
OASIS_1,RandomForest,13,test,clean_test,clean,clean,720,36,0.5694444444444444,0.23582520765619358,0.46771798884474947,0.27261363636363634
OASIS_1,RandomForest,13,test,motion__mild,motion,mild,720,36,0.5611111111111111,0.19985138494884136,0.4244635337533689,0.25710227272727276
OASIS_1,RandomForest,13,test,motion__moderate,motion,moderate,720,36,0.5625,0.21106369551171283,0.43624354922457126,0.26130681818181817
OASIS_1,RandomForest,13,test,motion__severe,motion,severe,720,36,0.5430555555555555,0.19249769585253457,0.41177265745007674,0.2484659090909091
OASIS_1,RandomForest,13,test,rician_noise__mild,rician_noise,mild,720,36,0.5541666666666667,0.19430225090161474,0.41504637810772593,0.2534659090909091
OASIS_1,RandomForest,13,test,rician_noise__moderate,rician_noise,moderate,720,36,0.525,0.18176836270598376,0.3964390581980663,0.23829545454545456
OASIS_1,RandomForest,13,test,rician_noise__severe,rician_noise,severe,720,36,0.5555555555555556,0.17953321364452424,0.39896269698783166,0.25
OASIS_1,RandomForest,13,test,rotation__mild,rotation,mild,720,36,0.5333333333333333,0.21878703460188514,0.43905536308836424,0.25431818181818183
OASIS_1,RandomForest,13,test,rotation__moderate,rotation,moderate,720,36,0.5222222222222223,0.21975292999683244,0.4363917924893535,0.25136363636363634
OASIS_1,RandomForest,13,test,rotation__severe,rotation,severe,720,36,0.49166666666666664,0.19928803080976992,0.40760588043196744,0.23249999999999998
OASIS_1,RandomForest,13,test,gaussian_blur__mild,gaussian_blur,mild,720,36,0.5666666666666667,0.2375801282051282,0.4706641737891738,0.271875
OASIS_1,RandomForest,13,test,gaussian_blur__moderate,gaussian_blur,moderate,720,36,0.5319444444444444,0.2270896439342668,0.4494597066989653,0.25625
OASIS_1,RandomForest,13,test,gaussian_blur__severe,gaussian_blur,severe,720,36,0.49027777777777776,0.2159885748133642,0.42473253043564174,0.23795454545454545
OASIS_1,RandomForest,13,test,brightness_contrast__mild,brightness_contrast,mild,720,36,0.4986111111111111,0.20459379747966752,0.4157307275995273,0.23767045454545455
OASIS_1,RandomForest,13,test,brightness_contrast__moderate,brightness_contrast,moderate,720,36,0.4777777777777778,0.2060291810348444,0.4117721638172694,0.23238636363636364
OASIS_1,RandomForest,13,test,brightness_contrast__severe,brightness_contrast,severe,720,36,0.4222222222222222,0.22317645119721896,0.38220995201800745,0.25488636363636363
OASIS_1,RandomForest,47,val,clean_val,clean,clean,680,34,0.5117647058823529,0.2050887293054107,0.4387772119198317,0.30916666666666665
OASIS_1,RandomForest,47,test,clean_test,clean,clean,720,36,0.5763888888888888,0.2394189558173438,0.4733232628285774,0.27625
OASIS_1,RandomForest,47,test,motion__mild,motion,mild,720,36,0.5638888888888889,0.20085976191208588,0.42516858579333583,0.25886363636363635
OASIS_1,RandomForest,47,test,motion__moderate,motion,moderate,720,36,0.5680555555555555,0.20740590549998497,0.4341530410287732,0.26227272727272727
OASIS_1,RandomForest,47,test,motion__severe,motion,severe,720,36,0.5555555555555556,0.1900939777522056,0.4118825384648169,0.2525568181818182
OASIS_1,RandomForest,47,test,rician_noise__mild,rician_noise,mild,720,36,0.55,0.17950143785449865,0.39667969474057707,0.24801136363636364
OASIS_1,RandomForest,47,test,rician_noise__moderate,rician_noise,moderate,720,36,0.5555555555555556,0.17857142857142858,0.39682539682539686,0.25
OASIS_1,RandomForest,47,test,rician_noise__severe,rician_noise,severe,720,36,0.5555555555555556,0.17905102954341987,0.3978911767631553,0.25
OASIS_1,RandomForest,47,test,rotation__mild,rotation,mild,720,36,0.5444444444444444,0.22383895866038722,0.44810018024303744,0.25982954545454545
OASIS_1,RandomForest,47,test,rotation__moderate,rotation,moderate,720,36,0.5180555555555556,0.2143131843272102,0.42973989282015707,0.2474431818181818
OASIS_1,RandomForest,47,test,rotation__severe,rotation,severe,720,36,0.5,0.204341201384226,0.41461787442108705,0.23727272727272727
OASIS_1,RandomForest,47,test,gaussian_blur__mild,gaussian_blur,mild,720,36,0.5736111111111111,0.24328011668634592,0.47876681142212035,0.2765340909090909
OASIS_1,RandomForest,47,test,gaussian_blur__moderate,gaussian_blur,moderate,720,36,0.5375,0.23043147124076954,0.4568859896023047,0.25875
OASIS_1,RandomForest,47,test,gaussian_blur__severe,gaussian_blur,severe,720,36,0.4888888888888889,0.2087378640776699,0.4217907227615965,0.23329545454545453
OASIS_1,RandomForest,47,test,brightness_contrast__mild,brightness_contrast,mild,720,36,0.5097222222222222,0.20436115506329114,0.41774349507735586,0.24113636363636362
OASIS_1,RandomForest,47,test,brightness_contrast__moderate,brightness_contrast,moderate,720,36,0.4791666666666667,0.20639034760449956,0.4120698744331345,0.23301136363636363
OASIS_1,RandomForest,47,test,brightness_contrast__severe,brightness_contrast,severe,720,36,0.45694444444444443,0.19964192023731778,0.400454994360997,0.2225
OASIS_1,RandomForest,101,val,clean_val,clean,clean,680,34,0.5088235294117647,0.21306407379705808,0.4453048235000806,0.31333333333333335
OASIS_1,RandomForest,101,test,clean_test,clean,clean,720,36,0.5805555555555556,0.23867622544257064,0.4744349333942405,0.2771022727272727
OASIS_1,RandomForest,101,test,motion__mild,motion,mild,720,36,0.5680555555555555,0.20382129974344632,0.42953196633295393,0.26125
OASIS_1,RandomForest,101,test,motion__moderate,motion,moderate,720,36,0.5680555555555555,0.2092463730805343,0.4359462970254381,0.26278409090909094
OASIS_1,RandomForest,101,test,motion__severe,motion,severe,720,36,0.5569444444444445,0.195942618363616,0.41910151019579067,0.2547159090909091
OASIS_1,RandomForest,101,test,rician_noise__mild,rician_noise,mild,720,36,0.5625,0.1946890949831943,0.4175562263994357,0.25670454545454546
OASIS_1,RandomForest,101,test,rician_noise__moderate,rician_noise,moderate,720,36,0.5555555555555556,0.17857142857142858,0.39682539682539686,0.25
OASIS_1,RandomForest,101,test,rician_noise__severe,rician_noise,severe,720,36,0.5555555555555556,0.17857142857142858,0.39682539682539686,0.25
OASIS_1,RandomForest,101,test,rotation__mild,rotation,mild,720,36,0.5361111111111111,0.21974321847626874,0.4430162498577784,0.2550568181818182
OASIS_1,RandomForest,101,test,rotation__moderate,rotation,moderate,720,36,0.5069444444444444,0.20666666666666667,0.41925925925925916,0.2403977272727273
OASIS_1,RandomForest,101,test,rotation__severe,rotation,severe,720,36,0.4986111111111111,0.20414841568687725,0.41470210700979937,0.2366477272727273
OASIS_1,RandomForest,101,test,gaussian_blur__mild,gaussian_blur,mild,720,36,0.575,0.23990541218794947,0.47481925126964813,0.275625
OASIS_1,RandomForest,101,test,gaussian_blur__moderate,gaussian_blur,moderate,720,36,0.5402777777777777,0.2281941446858988,0.4552586344190542,0.2589772727272727
OASIS_1,RandomForest,101,test,gaussian_blur__severe,gaussian_blur,severe,720,36,0.4888888888888889,0.19800804828973842,0.41001788508830755,0.22920454545454544
OASIS_1,RandomForest,101,test,brightness_contrast__mild,brightness_contrast,mild,720,36,0.5027777777777778,0.20593356297748283,0.41400527476298615,0.23948863636363635
OASIS_1,RandomForest,101,test,brightness_contrast__moderate,brightness_contrast,moderate,720,36,0.4847222222222222,0.21423694260889745,0.4187926224237044,0.23801136363636363
OASIS_1,RandomForest,101,test,brightness_contrast__severe,brightness_contrast,severe,720,36,0.46944444444444444,0.20271413258298998,0.4061210114747448,0.228125
OASIS_1,LinearSVM,13,val,clean_val,clean,clean,680,34,0.43676470588235294,0.24980830353191574,0.4355287669743441,0.33416666666666667
OASIS_1,LinearSVM,13,test,clean_test,clean,clean,720,36,0.4527777777777778,0.25943144984941025,0.4280686905907828,0.2721022727272727
OASIS_1,LinearSVM,13,test,motion__mild,motion,mild,720,36,0.26944444444444443,0.1340957698355188,0.1853222245769923,0.2122159090909091
OASIS_1,LinearSVM,13,test,motion__moderate,motion,moderate,720,36,0.26944444444444443,0.11319583870949078,0.1395973523268395,0.21994318181818182
OASIS_1,LinearSVM,13,test,motion__severe,motion,severe,720,36,0.2763888888888889,0.1168034223998878,0.14011423584324909,0.228125
OASIS_1,LinearSVM,13,test,rician_noise__mild,rician_noise,mild,720,36,0.32083333333333336,0.19118674277038797,0.30333810638328906,0.3159090909090909
OASIS_1,LinearSVM,13,test,rician_noise__moderate,rician_noise,moderate,720,36,0.1736111111111111,0.1034603907144592,0.13431917986205086,0.270625
OASIS_1,LinearSVM,13,test,rician_noise__severe,rician_noise,severe,720,36,0.12638888888888888,0.06553137830626592,0.056507890095043936,0.251875
OASIS_1,LinearSVM,13,test,rotation__mild,rotation,mild,720,36,0.44027777777777777,0.2662164359064676,0.42932460870114975,0.2761363636363636
OASIS_1,LinearSVM,13,test,rotation__moderate,rotation,moderate,720,36,0.4527777777777778,0.2820050125313283,0.45191590086326927,0.2860795454545455
OASIS_1,LinearSVM,13,test,rotation__severe,rotation,severe,720,36,0.45555555555555555,0.2704021355200175,0.45429635735852647,0.2733522727272727
OASIS_1,LinearSVM,13,test,gaussian_blur__mild,gaussian_blur,mild,720,36,0.4597222222222222,0.2516490725687702,0.4310782773080964,0.26375
OASIS_1,LinearSVM,13,test,gaussian_blur__moderate,gaussian_blur,moderate,720,36,0.4930555555555556,0.2486367758423724,0.451733293552182,0.26323863636363637
OASIS_1,LinearSVM,13,test,gaussian_blur__severe,gaussian_blur,severe,720,36,0.5041666666666667,0.2353423868488341,0.4431988072223593,0.258125
OASIS_1,LinearSVM,13,test,brightness_contrast__mild,brightness_contrast,mild,720,36,0.36944444444444446,0.229006993006993,0.3734731934731935,0.26954545454545453
OASIS_1,LinearSVM,13,test,brightness_contrast__moderate,brightness_contrast,moderate,720,36,0.3638888888888889,0.22622219505093683,0.3683643051948627,0.2610795454545455
OASIS_1,LinearSVM,13,test,brightness_contrast__severe,brightness_contrast,severe,720,36,0.31805555555555554,0.20488098914411954,0.334901141015591,0.23249999999999998
OASIS_1,LinearSVM,47,val,clean_val,clean,clean,680,34,0.43676470588235294,0.24980830353191574,0.4355287669743441,0.33416666666666667
OASIS_1,LinearSVM,47,test,clean_test,clean,clean,720,36,0.4527777777777778,0.25943144984941025,0.4280686905907828,0.2721022727272727
OASIS_1,LinearSVM,47,test,motion__mild,motion,mild,720,36,0.26944444444444443,0.1340957698355188,0.1853222245769923,0.2122159090909091
OASIS_1,LinearSVM,47,test,motion__moderate,motion,moderate,720,36,0.26944444444444443,0.11319583870949078,0.1395973523268395,0.21994318181818182
OASIS_1,LinearSVM,47,test,motion__severe,motion,severe,720,36,0.2763888888888889,0.1168034223998878,0.14011423584324909,0.228125
OASIS_1,LinearSVM,47,test,rician_noise__mild,rician_noise,mild,720,36,0.32083333333333336,0.19118674277038797,0.30333810638328906,0.3159090909090909
OASIS_1,LinearSVM,47,test,rician_noise__moderate,rician_noise,moderate,720,36,0.1736111111111111,0.1034603907144592,0.13431917986205086,0.270625
OASIS_1,LinearSVM,47,test,rician_noise__severe,rician_noise,severe,720,36,0.12638888888888888,0.06553137830626592,0.056507890095043936,0.251875
OASIS_1,LinearSVM,47,test,rotation__mild,rotation,mild,720,36,0.44027777777777777,0.2662164359064676,0.42932460870114975,0.2761363636363636
OASIS_1,LinearSVM,47,test,rotation__moderate,rotation,moderate,720,36,0.4527777777777778,0.2820050125313283,0.45191590086326927,0.2860795454545455
OASIS_1,LinearSVM,47,test,rotation__severe,rotation,severe,720,36,0.45555555555555555,0.2704021355200175,0.45429635735852647,0.2733522727272727
OASIS_1,LinearSVM,47,test,gaussian_blur__mild,gaussian_blur,mild,720,36,0.4597222222222222,0.2516490725687702,0.4310782773080964,0.26375
OASIS_1,LinearSVM,47,test,gaussian_blur__moderate,gaussian_blur,moderate,720,36,0.4930555555555556,0.2486367758423724,0.451733293552182,0.26323863636363637
OASIS_1,LinearSVM,47,test,gaussian_blur__severe,gaussian_blur,severe,720,36,0.5041666666666667,0.2353423868488341,0.4431988072223593,0.258125
OASIS_1,LinearSVM,47,test,brightness_contrast__mild,brightness_contrast,mild,720,36,0.36944444444444446,0.229006993006993,0.3734731934731935,0.26954545454545453
OASIS_1,LinearSVM,47,test,brightness_contrast__moderate,brightness_contrast,moderate,720,36,0.3638888888888889,0.22622219505093683,0.3683643051948627,0.2610795454545455
OASIS_1,LinearSVM,47,test,brightness_contrast__severe,brightness_contrast,severe,720,36,0.31805555555555554,0.20488098914411954,0.334901141015591,0.23249999999999998
OASIS_1,LinearSVM,101,val,clean_val,clean,clean,680,34,0.43676470588235294,0.24980830353191574,0.4355287669743441,0.33416666666666667
OASIS_1,LinearSVM,101,test,clean_test,clean,clean,720,36,0.4513888888888889,0.2578521055578018,0.42640353241619067,0.2709659090909091
OASIS_1,LinearSVM,101,test,motion__mild,motion,mild,720,36,0.26944444444444443,0.1339750426452685,0.1851638395792486,0.2122159090909091
OASIS_1,LinearSVM,101,test,motion__moderate,motion,moderate,720,36,0.26944444444444443,0.11319273701100067,0.1395904596635282,0.21994318181818182
OASIS_1,LinearSVM,101,test,motion__severe,motion,severe,720,36,0.2763888888888889,0.11661507936507937,0.13982892416225748,0.228125
OASIS_1,LinearSVM,101,test,rician_noise__mild,rician_noise,mild,720,36,0.3458333333333333,0.19920322808066845,0.3260380055390902,0.29767045454545454
OASIS_1,LinearSVM,101,test,rician_noise__moderate,rician_noise,moderate,720,36,0.225,0.13751985716896517,0.20517559438735264,0.28625
OASIS_1,LinearSVM,101,test,rician_noise__severe,rician_noise,severe,720,36,0.15,0.08741711678136146,0.10144077109458507,0.2580113636363636
OASIS_1,LinearSVM,101,test,rotation__mild,rotation,mild,720,36,0.44027777777777777,0.26618567747882416,0.42910794736544655,0.2761363636363636
OASIS_1,LinearSVM,101,test,rotation__moderate,rotation,moderate,720,36,0.4527777777777778,0.2818975514239002,0.45219657892179854,0.2860795454545455
OASIS_1,LinearSVM,101,test,rotation__severe,rotation,severe,720,36,0.45555555555555555,0.2704021355200175,0.45429635735852647,0.2733522727272727
OASIS_1,LinearSVM,101,test,gaussian_blur__mild,gaussian_blur,mild,720,36,0.45694444444444443,0.24823137364665604,0.4287762245957152,0.26
OASIS_1,LinearSVM,101,test,gaussian_blur__moderate,gaussian_blur,moderate,720,36,0.49166666666666664,0.2480939346210277,0.45085151017198394,0.2626136363636364
OASIS_1,LinearSVM,101,test,gaussian_blur__severe,gaussian_blur,severe,720,36,0.5055555555555555,0.23702197456694388,0.4451352551236912,0.25926136363636365
OASIS_1,LinearSVM,101,test,brightness_contrast__mild,brightness_contrast,mild,720,36,0.3819444444444444,0.2350020655003795,0.3818544457360494,0.2751704545454545
OASIS_1,LinearSVM,101,test,brightness_contrast__moderate,brightness_contrast,moderate,720,36,0.36527777777777776,0.22687020525043544,0.36951516426611164,0.26170454545454547
OASIS_1,LinearSVM,101,test,brightness_contrast__severe,brightness_contrast,severe,720,36,0.31666666666666665,0.20346111458612576,0.33309628409417447,0.23136363636363638
OASIS_2,RandomForest,13,val,clean_val,clean,clean,460,23,0.48043478260869565,0.23197278911564626,0.4097012718130731,0.26477272727272727
OASIS_2,RandomForest,13,test,clean_test,clean,clean,460,23,0.40652173913043477,0.23017465626161276,0.37863409432407535,0.2411458333333333
OASIS_2,RandomForest,13,test,motion__mild,motion,mild,460,23,0.44565217391304346,0.27255419249433444,0.4249165526979605,0.27888257575757575
OASIS_2,RandomForest,13,test,motion__moderate,motion,moderate,460,23,0.4826086956521739,0.3400428675036523,0.4745925503420809,0.35880681818181814
OASIS_2,RandomForest,13,test,motion__severe,motion,severe,460,23,0.45,0.30342578901159833,0.4409851067719686,0.31278409090909093
OASIS_2,RandomForest,13,test,rician_noise__mild,rician_noise,mild,460,23,0.46956521739130436,0.21533128952964897,0.3818790745483998,0.25738636363636364
OASIS_2,RandomForest,13,test,rician_noise__moderate,rician_noise,moderate,460,23,0.4782608695652174,0.16176470588235295,0.30946291560102307,0.25
OASIS_2,RandomForest,13,test,rician_noise__severe,rician_noise,severe,460,23,0.4782608695652174,0.16176470588235295,0.30946291560102307,0.25
OASIS_2,RandomForest,13,test,rotation__mild,rotation,mild,460,23,0.4108695652173913,0.21205819201049153,0.3638646945475666,0.234375
OASIS_2,RandomForest,13,test,rotation__moderate,rotation,moderate,460,23,0.43478260869565216,0.21582257530618998,0.3735014320049508,0.24431818181818182
OASIS_2,RandomForest,13,test,rotation__severe,rotation,severe,460,23,0.4608695652173913,0.2153482880755608,0.37809147374364765,0.2536931818181818
OASIS_2,RandomForest,13,test,gaussian_blur__mild,gaussian_blur,mild,460,23,0.3934782608695652,0.22547254725472549,0.37079360109924037,0.2347537878787879
OASIS_2,RandomForest,13,test,gaussian_blur__moderate,gaussian_blur,moderate,460,23,0.3869565217391304,0.23793126065853337,0.3699416525503482,0.24389204545454546
OASIS_2,RandomForest,13,test,gaussian_blur__severe,gaussian_blur,severe,460,23,0.36086956521739133,0.2255078933747412,0.35423924295616166,0.23025568181818182
OASIS_2,RandomForest,13,test,brightness_contrast__mild,brightness_contrast,mild,460,23,0.4608695652173913,0.2228844100710679,0.3839073001543029,0.2562973484848485
OASIS_2,RandomForest,13,test,brightness_contrast__moderate,brightness_contrast,moderate,460,23,0.45217391304347826,0.2181730602067069,0.3649054985027276,0.2539772727272727
OASIS_2,RandomForest,13,test,brightness_contrast__severe,brightness_contrast,severe,460,23,0.43478260869565216,0.1950526060279695,0.33388192879131984,0.240625
OASIS_2,RandomForest,47,val,clean_val,clean,clean,460,23,0.49782608695652175,0.2507269651480976,0.43256445712813585,0.27945075757575755
OASIS_2,RandomForest,47,test,clean_test,clean,clean,460,23,0.4108695652173913,0.236034255599473,0.38298676748582233,0.24602272727272728
OASIS_2,RandomForest,47,test,motion__mild,motion,mild,460,23,0.45217391304347826,0.2832124298532567,0.43339288379171537,0.28920454545454544
OASIS_2,RandomForest,47,test,motion__moderate,motion,moderate,460,23,0.47391304347826085,0.3344039248928574,0.4621175078332647,0.36036931818181817
OASIS_2,RandomForest,47,test,motion__severe,motion,severe,460,23,0.4369565217391304,0.28860999625458117,0.42813150871407324,0.29862689393939396
OASIS_2,RandomForest,47,test,rician_noise__mild,rician_noise,mild,460,23,0.46956521739130436,0.2244462674323216,0.3939365837999786,0.26079545454545455
OASIS_2,RandomForest,47,test,rician_noise__moderate,rician_noise,moderate,460,23,0.4782608695652174,0.16176470588235295,0.30946291560102307,0.25
OASIS_2,RandomForest,47,test,rician_noise__severe,rician_noise,severe,460,23,0.4782608695652174,0.16176470588235295,0.30946291560102307,0.25
OASIS_2,RandomForest,47,test,rotation__mild,rotation,mild,460,23,0.41956521739130437,0.21452620503715392,0.3685064944347712,0.23806818181818182
OASIS_2,RandomForest,47,test,rotation__moderate,rotation,moderate,460,23,0.45,0.22275641025641024,0.38562886388973344,0.2526988636363636
OASIS_2,RandomForest,47,test,rotation__severe,rotation,severe,460,23,0.43478260869565216,0.2095238095238095,0.3660455486542443,0.24176136363636364
OASIS_2,RandomForest,47,test,gaussian_blur__mild,gaussian_blur,mild,460,23,0.3847826086956522,0.21731002347200346,0.35876363101688297,0.22807765151515152
OASIS_2,RandomForest,47,test,gaussian_blur__moderate,gaussian_blur,moderate,460,23,0.3826086956521739,0.23127703882179584,0.3659240565723386,0.23773674242424245
OASIS_2,RandomForest,47,test,gaussian_blur__severe,gaussian_blur,severe,460,23,0.3804347826086957,0.24867892017851284,0.37664687674194003,0.2547348484848485
OASIS_2,RandomForest,47,test,brightness_contrast__mild,brightness_contrast,mild,460,23,0.4543478260869565,0.22787418514999558,0.3852329641389245,0.256344696969697
OASIS_2,RandomForest,47,test,brightness_contrast__moderate,brightness_contrast,moderate,460,23,0.45,0.21601073175824204,0.3612696565969872,0.25241477272727275
OASIS_2,RandomForest,47,test,brightness_contrast__severe,brightness_contrast,severe,460,23,0.4391304347826087,0.19264932593180017,0.3310331758783574,0.24204545454545456
OASIS_2,RandomForest,101,val,clean_val,clean,clean,460,23,0.5,0.23201693543725796,0.4130384521628556,0.27329545454545456
OASIS_2,RandomForest,101,test,clean_test,clean,clean,460,23,0.4108695652173913,0.22386434342523134,0.3757125066664011,0.2391098484848485
OASIS_2,RandomForest,101,test,motion__mild,motion,mild,460,23,0.43478260869565216,0.2680093639005489,0.4148493399409433,0.2740530303030303
OASIS_2,RandomForest,101,test,motion__moderate,motion,moderate,460,23,0.4717391304347826,0.327650810866646,0.46148933590223784,0.34796401515151515
OASIS_2,RandomForest,101,test,motion__severe,motion,severe,460,23,0.4543478260869565,0.30885608137151876,0.44701790012252696,0.3258996212121212
OASIS_2,RandomForest,101,test,rician_noise__mild,rician_noise,mild,460,23,0.4826086956521739,0.22527397726499215,0.3974335070569677,0.26590909090909093
OASIS_2,RandomForest,101,test,rician_noise__moderate,rician_noise,moderate,460,23,0.4782608695652174,0.16176470588235295,0.30946291560102307,0.25
OASIS_2,RandomForest,101,test,rician_noise__severe,rician_noise,severe,460,23,0.4782608695652174,0.16176470588235295,0.30946291560102307,0.25
OASIS_2,RandomForest,101,test,rotation__mild,rotation,mild,460,23,0.40652173913043477,0.20766743501088486,0.35700223265240216,0.23125
OASIS_2,RandomForest,101,test,rotation__moderate,rotation,moderate,460,23,0.45652173913043476,0.22478952166452165,0.38974339246078377,0.2556818181818182
OASIS_2,RandomForest,101,test,rotation__severe,rotation,severe,460,23,0.4891304347826087,0.222835320362245,0.39278747365669203,0.2676136363636364
OASIS_2,RandomForest,101,test,gaussian_blur__mild,gaussian_blur,mild,460,23,0.3934782608695652,0.222921689606075,0.36806141020614513,0.23347537878787877
OASIS_2,RandomForest,101,test,gaussian_blur__moderate,gaussian_blur,moderate,460,23,0.40217391304347827,0.252807471012588,0.3861684552449089,0.25833333333333336
OASIS_2,RandomForest,101,test,gaussian_blur__severe,gaussian_blur,severe,460,23,0.3782608695652174,0.24939697746495193,0.37321885090648976,0.25577651515151517
OASIS_2,RandomForest,101,test,brightness_contrast__mild,brightness_contrast,mild,460,23,0.45217391304347826,0.22012412813558827,0.3796615167269187,0.25175189393939396
OASIS_2,RandomForest,101,test,brightness_contrast__moderate,brightness_contrast,moderate,460,23,0.44130434782608696,0.2100388693912978,0.35824787481726134,0.24569128787878788
OASIS_2,RandomForest,101,test,brightness_contrast__severe,brightness_contrast,severe,460,23,0.4326086956521739,0.18891271565300452,0.33035076567222676,0.23645833333333333
OASIS_2,LinearSVM,13,val,clean_val,clean,clean,460,23,0.41304347826086957,0.24863747025950314,0.39685791199459197,0.2562973484848485
OASIS_2,LinearSVM,13,test,clean_test,clean,clean,460,23,0.43043478260869567,0.2716792427927069,0.4235700585394325,0.2773200757575758
OASIS_2,LinearSVM,13,test,motion__mild,motion,mild,460,23,0.358695652173913,0.22800955013822566,0.343564583629271,0.24786931818181818
OASIS_2,LinearSVM,13,test,motion__moderate,motion,moderate,460,23,0.3521739130434783,0.21903717064206193,0.27522560040485206,0.2840909090909091
OASIS_2,LinearSVM,13,test,motion__severe,motion,severe,460,23,0.31521739130434784,0.15289713056455723,0.19657918240544073,0.23787878787878788
OASIS_2,LinearSVM,13,test,rician_noise__mild,rician_noise,mild,460,23,0.43043478260869567,0.2677084744013878,0.4161558776416702,0.28020833333333334
OASIS_2,LinearSVM,13,test,rician_noise__moderate,rician_noise,moderate,460,23,0.34347826086956523,0.24258764795598398,0.31577657668278186,0.28229166666666666
OASIS_2,LinearSVM,13,test,rician_noise__severe,rician_noise,severe,460,23,0.29782608695652174,0.18361648468226674,0.22090226363788343,0.2643939393939394
OASIS_2,LinearSVM,13,test,rotation__mild,rotation,mild,460,23,0.2956521739130435,0.21335903228014588,0.32426476326773396,0.21657196969696968
OASIS_2,LinearSVM,13,test,rotation__moderate,rotation,moderate,460,23,0.2565217391304348,0.19309721012805195,0.28277847872604883,0.21174242424242423
OASIS_2,LinearSVM,13,test,rotation__severe,rotation,severe,460,23,0.27391304347826084,0.20280995919769,0.2936232330644118,0.22211174242424242
OASIS_2,LinearSVM,13,test,gaussian_blur__mild,gaussian_blur,mild,460,23,0.4108695652173913,0.2516126428018663,0.40629506978991137,0.2541666666666667
OASIS_2,LinearSVM,13,test,gaussian_blur__moderate,gaussian_blur,moderate,460,23,0.41304347826086957,0.2478974835988492,0.40508696116350834,0.2506155303030303
OASIS_2,LinearSVM,13,test,gaussian_blur__severe,gaussian_blur,severe,460,23,0.4260869565217391,0.2701263018300921,0.41691180492826313,0.27514204545454546
OASIS_2,LinearSVM,13,test,brightness_contrast__mild,brightness_contrast,mild,460,23,0.3978260869565217,0.25993876912538294,0.39044559390174355,0.2682291666666667
OASIS_2,LinearSVM,13,test,brightness_contrast__moderate,brightness_contrast,moderate,460,23,0.41739130434782606,0.2489543267642014,0.40022044931137307,0.26344696969696973
OASIS_2,LinearSVM,13,test,brightness_contrast__severe,brightness_contrast,severe,460,23,0.391304347826087,0.2365274903931422,0.375940058348006,0.25028409090909093
OASIS_2,LinearSVM,47,val,clean_val,clean,clean,460,23,0.41304347826086957,0.24863747025950314,0.39685791199459197,0.2562973484848485
OASIS_2,LinearSVM,47,test,clean_test,clean,clean,460,23,0.43043478260869567,0.2716792427927069,0.4235700585394325,0.2773200757575758
OASIS_2,LinearSVM,47,test,motion__mild,motion,mild,460,23,0.358695652173913,0.22800955013822566,0.343564583629271,0.24786931818181818
OASIS_2,LinearSVM,47,test,motion__moderate,motion,moderate,460,23,0.3521739130434783,0.21903717064206193,0.27522560040485206,0.2840909090909091
OASIS_2,LinearSVM,47,test,motion__severe,motion,severe,460,23,0.31521739130434784,0.15289713056455723,0.19657918240544073,0.23787878787878788
OASIS_2,LinearSVM,47,test,rician_noise__mild,rician_noise,mild,460,23,0.43043478260869567,0.2677084744013878,0.4161558776416702,0.28020833333333334
OASIS_2,LinearSVM,47,test,rician_noise__moderate,rician_noise,moderate,460,23,0.34347826086956523,0.24258764795598398,0.31577657668278186,0.28229166666666666
OASIS_2,LinearSVM,47,test,rician_noise__severe,rician_noise,severe,460,23,0.29782608695652174,0.18361648468226674,0.22090226363788343,0.2643939393939394
OASIS_2,LinearSVM,47,test,rotation__mild,rotation,mild,460,23,0.2956521739130435,0.21335903228014588,0.32426476326773396,0.21657196969696968
OASIS_2,LinearSVM,47,test,rotation__moderate,rotation,moderate,460,23,0.2565217391304348,0.19309721012805195,0.28277847872604883,0.21174242424242423
OASIS_2,LinearSVM,47,test,rotation__severe,rotation,severe,460,23,0.27391304347826084,0.20280995919769,0.2936232330644118,0.22211174242424242
OASIS_2,LinearSVM,47,test,gaussian_blur__mild,gaussian_blur,mild,460,23,0.4108695652173913,0.2516126428018663,0.40629506978991137,0.2541666666666667
OASIS_2,LinearSVM,47,test,gaussian_blur__moderate,gaussian_blur,moderate,460,23,0.41304347826086957,0.2478974835988492,0.40508696116350834,0.2506155303030303
OASIS_2,LinearSVM,47,test,gaussian_blur__severe,gaussian_blur,severe,460,23,0.4260869565217391,0.2701263018300921,0.41691180492826313,0.27514204545454546
OASIS_2,LinearSVM,47,test,brightness_contrast__mild,brightness_contrast,mild,460,23,0.3978260869565217,0.25993876912538294,0.39044559390174355,0.2682291666666667
OASIS_2,LinearSVM,47,test,brightness_contrast__moderate,brightness_contrast,moderate,460,23,0.41739130434782606,0.2489543267642014,0.40022044931137307,0.26344696969696973
OASIS_2,LinearSVM,47,test,brightness_contrast__severe,brightness_contrast,severe,460,23,0.391304347826087,0.2365274903931422,0.375940058348006,0.25028409090909093
OASIS_2,LinearSVM,101,val,clean_val,clean,clean,460,23,0.41304347826086957,0.24863747025950314,0.39685791199459197,0.2562973484848485
OASIS_2,LinearSVM,101,test,clean_test,clean,clean,460,23,0.43043478260869567,0.2716792427927069,0.4235700585394325,0.2773200757575758
OASIS_2,LinearSVM,101,test,motion__mild,motion,mild,460,23,0.358695652173913,0.22800955013822566,0.343564583629271,0.24786931818181818
OASIS_2,LinearSVM,101,test,motion__moderate,motion,moderate,460,23,0.3521739130434783,0.21903717064206193,0.27522560040485206,0.2840909090909091
OASIS_2,LinearSVM,101,test,motion__severe,motion,severe,460,23,0.31521739130434784,0.15289713056455723,0.19657918240544073,0.23787878787878788
OASIS_2,LinearSVM,101,test,rician_noise__mild,rician_noise,mild,460,23,0.43043478260869567,0.2677084744013878,0.4161558776416702,0.28020833333333334
OASIS_2,LinearSVM,101,test,rician_noise__moderate,rician_noise,moderate,460,23,0.34347826086956523,0.24258764795598398,0.31577657668278186,0.28229166666666666
OASIS_2,LinearSVM,101,test,rician_noise__severe,rician_noise,severe,460,23,0.29782608695652174,0.18361648468226674,0.22090226363788343,0.2643939393939394
OASIS_2,LinearSVM,101,test,rotation__mild,rotation,mild,460,23,0.2956521739130435,0.21335903228014588,0.32426476326773396,0.21657196969696968
OASIS_2,LinearSVM,101,test,rotation__moderate,rotation,moderate,460,23,0.2565217391304348,0.19309721012805195,0.28277847872604883,0.21174242424242423
OASIS_2,LinearSVM,101,test,rotation__severe,rotation,severe,460,23,0.27391304347826084,0.20280995919769,0.2936232330644118,0.22211174242424242
OASIS_2,LinearSVM,101,test,gaussian_blur__mild,gaussian_blur,mild,460,23,0.4108695652173913,0.2516126428018663,0.40629506978991137,0.2541666666666667
OASIS_2,LinearSVM,101,test,gaussian_blur__moderate,gaussian_blur,moderate,460,23,0.41304347826086957,0.2478974835988492,0.40508696116350834,0.2506155303030303
OASIS_2,LinearSVM,101,test,gaussian_blur__severe,gaussian_blur,severe,460,23,0.4282608695652174,0.27175416344719333,0.4189635271440425,0.2767045454545454
OASIS_2,LinearSVM,101,test,brightness_contrast__mild,brightness_contrast,mild,460,23,0.3978260869565217,0.25993876912538294,0.39044559390174355,0.2682291666666667
OASIS_2,LinearSVM,101,test,brightness_contrast__moderate,brightness_contrast,moderate,460,23,0.41739130434782606,0.2489543267642014,0.40022044931137307,0.26344696969696973
OASIS_2,LinearSVM,101,test,brightness_contrast__severe,brightness_contrast,severe,460,23,0.391304347826087,0.2365274903931422,0.375940058348006,0.25028409090909093
