dataset,model,seed,condition,subject_id,true_label,prob_0,prob_1,prob_2,prob_3,pred_label
OASIS_2,ResNet18,47,brightness_contrast__mild,OAS2_0004,0,0.30202431156358217,0.4759094110748265,0.11521650206168488,0.10684975299265886,1
OASIS_2,ResNet18,47,brightness_contrast__mild,OAS2_0005,0,0.5473381956528556,0.33378937259534214,0.07712514505882337,0.04174730132198837,0
OASIS_2,ResNet18,47,brightness_contrast__mild,OAS2_0009,1,0.9426192730665207,0.0200447200436572,0.0370225035625239,0.0003135037620435238,0
OASIS_2,ResNet18,47,brightness_contrast__mild,OAS2_0014,2,0.598266332334606,0.23417089629347174,0.11605650413621334,0.05150626251057466,0
OASIS_2,ResNet18,47,brightness_contrast__mild,OAS2_0017,0,0.4388375351089053,0.37642975151436353,0.08070504891685214,0.10402763741255897,0
OASIS_2,ResNet18,47,brightness_contrast__mild,OAS2_0020,1,0.6288773143432763,0.34682312031818585,0.024002309106177712,0.00029726320746190115,0
OASIS_2,ResNet18,47,brightness_contrast__mild,OAS2_0021,1,0.3412674722527299,0.5939845799075556,0.06360046143674278,0.0011475044234897785,1
OASIS_2,ResNet18,47,brightness_contrast__mild,OAS2_0036,0,0.36686442191210344,0.5786502519447823,0.023774359629928198,0.03071094213228116,1
OASIS_2,ResNet18,47,brightness_contrast__mild,OAS2_0040,1,0.7616051923216218,0.19686277427947801,0.041477415084749156,5.463706424864458e-05,0
OASIS_2,ResNet18,47,brightness_contrast__mild,OAS2_0050,2,0.4678451864511771,0.396247716772632,0.08204716133197025,0.053859944764275004,0
OASIS_2,ResNet18,47,brightness_contrast__mild,OAS2_0067,0,0.6619697729940526,0.23048995817276596,0.10509997008012442,0.002440288248407209,0
OASIS_2,ResNet18,47,brightness_contrast__mild,OAS2_0069,0,0.7601810463516131,0.08635595200861701,0.15344741504948728,1.5577731510587374e-05,0
OASIS_2,ResNet18,47,brightness_contrast__mild,OAS2_0070,0,0.21899057708147165,0.7790033369645244,0.00145252118182666,0.0005535676626807626,1
OASIS_2,ResNet18,47,brightness_contrast__mild,OAS2_0098,1,0.33021644395948896,0.5247491661983077,0.01673651099454019,0.12829788142300486,1
OASIS_2,ResNet18,47,brightness_contrast__mild,OAS2_0102,1,0.35907907471934186,0.5166699153371155,0.07473204308985107,0.04951896655326349,1
OASIS_2,ResNet18,47,brightness_contrast__mild,OAS2_0103,1,0.546321471144438,0.20451030231083678,0.1795156380059363,0.06965258800222766,0
OASIS_2,ResNet18,47,brightness_contrast__mild,OAS2_0114,2,0.5223740087021724,0.2861603176189533,0.029854257816594298,0.1616114277912828,0
OASIS_2,ResNet18,47,brightness_contrast__mild,OAS2_0120,3,0.8080466864048503,0.08703085470343819,0.06066174921422941,0.04426070438032242,0
OASIS_2,ResNet18,47,brightness_contrast__mild,OAS2_0128,0,0.6738835338241188,0.20067515068269587,0.12536597273001301,7.534020985993789e-05,0
OASIS_2,ResNet18,47,brightness_contrast__mild,OAS2_0135,0,0.27453921264293796,0.6925606253382284,0.032894080260283336,6.0770308541216804e-06,1
OASIS_2,ResNet18,47,brightness_contrast__mild,OAS2_0141,0,0.6080465185281355,0.19643808933029733,0.14506570116280953,0.050449687678824406,0
OASIS_2,ResNet18,47,brightness_contrast__mild,OAS2_0171,0,0.6337518422854146,0.31589697839580494,0.04982559300975949,0.000525598182902356,0
OASIS_2,ResNet18,47,brightness_contrast__mild,OAS2_0176,1,0.46353836021735334,0.3935034220985532,0.09427871986633685,0.048679479920140524,0
OASIS_2,ResNet18,47,brightness_contrast__moderate,OAS2_0004,0,0.46081324629885784,0.14992835545639166,0.14034729359473444,0.24891108330711562,0
OASIS_2,ResNet18,47,brightness_contrast__moderate,OAS2_0005,0,0.49367531280302046,0.34751113998124766,0.039584719152158596,0.1192288234823345,0
OASIS_2,ResNet18,47,brightness_contrast__moderate,OAS2_0009,1,0.7389298488444183,0.11520938911046105,0.09167858314128212,0.0541822086511477,0
OASIS_2,ResNet18,47,brightness_contrast__moderate,OAS2_0014,2,0.43038986394949463,0.3876157984053258,0.16373459224013534,0.018259727924362052,0
OASIS_2,ResNet18,47,brightness_contrast__moderate,OAS2_0017,0,0.4940424117633029,0.38337160538682924,0.07224423175288709,0.050341762990255765,0
OASIS_2,ResNet18,47,brightness_contrast__moderate,OAS2_0020,1,0.8291127872271318,0.11727544365192558,0.009394655523041962,0.0442171165800716,0
OASIS_2,ResNet18,47,brightness_contrast__moderate,OAS2_0021,1,0.5541960993443809,0.28866834756336174,0.043128245794775456,0.11400730095640829,0
OASIS_2,ResNet18,47,brightness_contrast__moderate,OAS2_0036,0,0.49914263470247133,0.36791728488478836,0.03933449417611849,0.09360559789972703,0
OASIS_2,ResNet18,47,brightness_contrast__moderate,OAS2_0040,1,0.6283707598573528,0.28113549451664727,0.09048573298527873,8.004472528785668e-06,0
OASIS_2,ResNet18,47,brightness_contrast__moderate,OAS2_0050,2,0.6770639653033867,0.19889964766739468,0.024181584205042312,0.09985479502822522,0
OASIS_2,ResNet18,47,brightness_contrast__moderate,OAS2_0067,0,0.5869889473426155,0.30728555778379185,0.062048913895552046,0.0436765894762561,0
OASIS_2,ResNet18,47,brightness_contrast__moderate,OAS2_0069,0,0.8735611788593814,0.002277379000980284,0.06863199285234464,0.05552944288525806,0
OASIS_2,ResNet18,47,brightness_contrast__moderate,OAS2_0070,0,0.33449604614422396,0.6294404607064067,1.4490022344177056e-05,0.03604901425240671,1
OASIS_2,ResNet18,47,brightness_contrast__moderate,OAS2_0098,1,0.4275263559693315,0.4992005028976564,0.05364684200729376,0.01962631928029515,1
OASIS_2,ResNet18,47,brightness_contrast__moderate,OAS2_0102,1,0.4828450291918262,0.40982850901700657,0.0632161192985887,0.04411035511440477,0
OASIS_2,ResNet18,47,brightness_contrast__moderate,OAS2_0103,1,0.7081143917399458,0.09579211969095738,0.06812299972727624,0.12797050544593588,0
OASIS_2,ResNet18,47,brightness_contrast__moderate,OAS2_0114,2,0.39036835081715254,0.3002727965400595,0.010920220880122563,0.2984386285980986,0
OASIS_2,ResNet18,47,brightness_contrast__moderate,OAS2_0120,3,0.6811992904920772,0.26577993488555907,0.04835890328818497,0.004661887708663365,0
OASIS_2,ResNet18,47,brightness_contrast__moderate,OAS2_0128,0,0.5161944307139492,0.2299211191616557,0.15674401932011928,0.09714042042699694,0
OASIS_2,ResNet18,47,brightness_contrast__moderate,OAS2_0135,0,0.5547498210163422,0.39367058215540285,0.012501142046033264,0.039078458544119406,0
OASIS_2,ResNet18,47,brightness_contrast__moderate,OAS2_0141,0,0.7246582924679388,0.05467175076919943,0.16451746641435286,0.056152495669926236,0
OASIS_2,ResNet18,47,brightness_contrast__moderate,OAS2_0171,0,0.6368209835060498,0.26498225643861195,0.07774599516340985,0.020450774101529057,0
OASIS_2,ResNet18,47,brightness_contrast__moderate,OAS2_0176,1,0.5505935413607859,0.15889132244416942,0.07713721626332708,0.21337792490909294,0
OASIS_2,ResNet18,47,brightness_contrast__severe,OAS2_0004,0,0.34809079380574987,0.24728178904062847,0.07998523920570125,0.3246421921063996,0
OASIS_2,ResNet18,47,brightness_contrast__severe,OAS2_0005,0,0.5210152665494945,0.4445947174439482,0.02533192074817836,0.00905809155232644,0
OASIS_2,ResNet18,47,brightness_contrast__severe,OAS2_0009,1,0.6959286008952403,0.20583034840384767,0.09457044966660888,0.003670602748009397,0
OASIS_2,ResNet18,47,brightness_contrast__severe,OAS2_0014,2,0.7853986598012852,0.14998996101733758,0.0010394191920573936,0.06357197965074683,0
OASIS_2,ResNet18,47,brightness_contrast__severe,OAS2_0017,0,0.6289029409709888,0.282549081441232,0.06748519210322415,0.021062795470580046,0
OASIS_2,ResNet18,47,brightness_contrast__severe,OAS2_0020,1,0.7081216951019087,0.17514669030372518,0.074185975530153,0.04254565561066408,0
OASIS_2,ResNet18,47,brightness_contrast__severe,OAS2_0021,1,0.8143421147332447,0.07436754284632156,0.04521324479231156,0.06607707827111328,0
OASIS_2,ResNet18,47,brightness_contrast__severe,OAS2_0036,0,0.5627056575595816,0.3481506497744203,0.004093812082895232,0.08504986790353601,0
OASIS_2,ResNet18,47,brightness_contrast__severe,OAS2_0040,1,0.56067924377464,0.39577653247674904,0.042810337822017416,0.0007338839596138878,0
OASIS_2,ResNet18,47,brightness_contrast__severe,OAS2_0050,2,0.4944283300530515,0.41234319557031257,0.029900247871953955,0.06332823875311883,0
OASIS_2,ResNet18,47,brightness_contrast__severe,OAS2_0067,0,0.7780505354981869,0.10242062904548832,0.015410887133391995,0.10411794753743289,0
OASIS_2,ResNet18,47,brightness_contrast__severe,OAS2_0069,0,0.5842803915125842,0.14420291538790736,0.2127176259858438,0.05879908141503302,0
OASIS_2,ResNet18,47,brightness_contrast__severe,OAS2_0070,0,0.5410717011050565,0.4421618958007002,0.008913336106627534,0.007853074152920584,0
OASIS_2,ResNet18,47,brightness_contrast__severe,OAS2_0098,1,0.7093620301006013,0.21402791292968004,0.042514944469174074,0.034095098740092075,0
OASIS_2,ResNet18,47,brightness_contrast__severe,OAS2_0102,1,0.5659603371998827,0.3668441921193363,0.042957042399259425,0.024238414251988683,0
OASIS_2,ResNet18,47,brightness_contrast__severe,OAS2_0103,1,0.5627052038264082,0.26321040578975924,0.05632778450465161,0.11775660959155776,0
OASIS_2,ResNet18,47,brightness_contrast__severe,OAS2_0114,2,0.4593985157098359,0.2709940137359522,0.021467468662625312,0.24814000968668992,0
OASIS_2,ResNet18,47,brightness_contrast__severe,OAS2_0120,3,0.5710032076050993,0.275499805129775,0.12596087893841337,0.027536102833763964,0
OASIS_2,ResNet18,47,brightness_contrast__severe,OAS2_0128,0,0.6982168232776076,0.18987015421444084,0.01262571092200277,0.09928728644990713,0
OASIS_2,ResNet18,47,brightness_contrast__severe,OAS2_0135,0,0.5554869609147488,0.3361948857040488,0.035052814224513965,0.07326534166413885,0
OASIS_2,ResNet18,47,brightness_contrast__severe,OAS2_0141,0,0.6063541111834638,0.09150919919164308,0.10909428448048644,0.1930423852359067,0
OASIS_2,ResNet18,47,brightness_contrast__severe,OAS2_0171,0,0.7430862600464252,0.2031392456140511,0.04888344707769647,0.00489104884877137,0
OASIS_2,ResNet18,47,brightness_contrast__severe,OAS2_0176,1,0.6027079882493126,0.23418803085191797,0.0168422253125725,0.1462617527529381,0
OASIS_2,ResNet18,47,clean,OAS2_0004,0,0.15182698338467163,0.5766448443871923,0.26942933982609246,0.002098821887057056,1
OASIS_2,ResNet18,47,clean,OAS2_0005,0,0.41369108721264636,0.4731203612871468,0.11293880637203983,0.0002497342322893559,1
OASIS_2,ResNet18,47,clean,OAS2_0009,1,0.8317804200574755,0.05925548039071771,0.10878667920091394,0.00017742044413669153,0
OASIS_2,ResNet18,47,clean,OAS2_0014,2,0.4454380258011952,0.32748064742781935,0.22694386645807754,0.00013745412307599735,0
OASIS_2,ResNet18,47,clean,OAS2_0017,0,0.6768435575742842,0.163580598647809,0.14061662874952527,0.01895921825928889,0
OASIS_2,ResNet18,47,clean,OAS2_0020,1,0.3400083023356274,0.5758147970373102,0.08414530804701385,3.159204656022277e-05,1
OASIS_2,ResNet18,47,clean,OAS2_0021,1,0.15157073863088044,0.8402362850436476,0.008190272773488693,2.7084530801094185e-06,1
OASIS_2,ResNet18,47,clean,OAS2_0036,0,0.3897976676305916,0.599466784123797,0.009239862277263455,0.0014957027496393493,1
OASIS_2,ResNet18,47,clean,OAS2_0040,1,0.7987350289709866,0.14529283145723185,0.055964247233365905,7.89814364312736e-06,0
OASIS_2,ResNet18,47,clean,OAS2_0050,2,0.2929340638129133,0.6843213757500053,0.022494770828043187,0.0002497846638810586,1
OASIS_2,ResNet18,47,clean,OAS2_0067,0,0.6614992524497211,0.20682608558740512,0.13134685495916715,0.0003278129974184022,0
OASIS_2,ResNet18,47,clean,OAS2_0069,0,0.8477747721983178,0.014552608377803722,0.13759227586657233,8.036078787263517e-05,0
OASIS_2,ResNet18,47,clean,OAS2_0070,0,0.018128170300166824,0.9812861263751984,0.000557978206621541,2.771625901613181e-05,1
OASIS_2,ResNet18,47,clean,OAS2_0098,1,0.32068022450694117,0.6159350339323282,0.05998925668430104,0.0033954830451307315,1
OASIS_2,ResNet18,47,clean,OAS2_0102,1,0.31859618660191275,0.633907419629395,0.04686061394578538,0.00063578189016211,1
OASIS_2,ResNet18,47,clean,OAS2_0103,1,0.546995416296977,0.29920588781969853,0.1536439002942643,0.00015479397776125837,0
OASIS_2,ResNet18,47,clean,OAS2_0114,2,0.37088233791291714,0.5721651155094151,0.018923273877589963,0.03802926818425476,1
OASIS_2,ResNet18,47,clean,OAS2_0120,3,0.8417810347404157,0.0991968777669217,0.05895576114743166,6.631394780240937e-05,0
OASIS_2,ResNet18,47,clean,OAS2_0128,0,0.5580914286110783,0.23216135146740272,0.20851822832327116,0.0012289763585614122,0
OASIS_2,ResNet18,47,clean,OAS2_0135,0,0.07869426900389413,0.8648423701524734,0.05645855946336137,4.817595894920912e-06,1
OASIS_2,ResNet18,47,clean,OAS2_0141,0,0.6526805367557245,0.03260074632287342,0.314636650269631,8.207062171459722e-05,0
OASIS_2,ResNet18,47,clean,OAS2_0171,0,0.6277314265336826,0.3263630513839644,0.0458926841299117,1.2839135246764665e-05,0
OASIS_2,ResNet18,47,clean,OAS2_0176,1,0.46569175986223854,0.41614099900361906,0.11152317228946132,0.0066440728340593225,0
OASIS_2,ResNet18,47,gaussian_blur__mild,OAS2_0004,0,0.012288219721153838,0.8298433899879456,0.15278183969137443,0.005086537566330662,1
OASIS_2,ResNet18,47,gaussian_blur__mild,OAS2_0005,0,0.17610340668907157,0.7825976990163326,0.03985286990614441,0.0014460215335134307,1
OASIS_2,ResNet18,47,gaussian_blur__mild,OAS2_0009,1,0.6649538744124583,0.2796393366950724,0.05478177677636881,0.0006250035477185654,0
OASIS_2,ResNet18,47,gaussian_blur__mild,OAS2_0014,2,0.31153895706625007,0.6128588152816519,0.06016893454725505,0.015433303567758117,1
OASIS_2,ResNet18,47,gaussian_blur__mild,OAS2_0017,0,0.392925144326,0.565389059523568,0.019187680360562193,0.02249810826161063,1
OASIS_2,ResNet18,47,gaussian_blur__mild,OAS2_0020,1,0.12606744881704798,0.6936346966773271,0.1802059705028057,9.187394993928066e-05,1
OASIS_2,ResNet18,47,gaussian_blur__mild,OAS2_0021,1,0.08392349643791022,0.914708311855793,0.00135821535441627,9.988769969948575e-06,1
OASIS_2,ResNet18,47,gaussian_blur__mild,OAS2_0036,0,0.043014233693448034,0.9549219116568566,0.0008029306495302535,0.0012609302307851067,1
OASIS_2,ResNet18,47,gaussian_blur__mild,OAS2_0040,1,0.677973008994013,0.20287300646014045,0.11891406303859556,0.00023993819535093053,0
OASIS_2,ResNet18,47,gaussian_blur__mild,OAS2_0050,2,0.11914438700864594,0.8629808420315385,0.016413255790216262,0.0014615114136489638,1
OASIS_2,ResNet18,47,gaussian_blur__mild,OAS2_0067,0,0.5259779661620996,0.3377734970545694,0.0774013549685068,0.058847192943024595,0
OASIS_2,ResNet18,47,gaussian_blur__mild,OAS2_0069,0,0.642687013320392,0.16772240918389797,0.18828422128216687,0.0013063468622046437,0
OASIS_2,ResNet18,47,gaussian_blur__mild,OAS2_0070,0,0.011712728531641048,0.9876857340335846,0.0005174484857305152,8.408491907082039e-05,1
OASIS_2,ResNet18,47,gaussian_blur__mild,OAS2_0098,1,0.08146358464673539,0.9032687902450561,0.009983266770500876,0.005284351400166543,1
OASIS_2,ResNet18,47,gaussian_blur__mild,OAS2_0102,1,0.12026474509965368,0.815654356405139,0.05783493969288014,0.006245944081278429,1
OASIS_2,ResNet18,47,gaussian_blur__mild,OAS2_0103,1,0.2960662198761838,0.5958069656509906,0.10117781965175254,0.006948989391869986,1
OASIS_2,ResNet18,47,gaussian_blur__mild,OAS2_0114,2,0.11180520685957163,0.8492355336435139,0.006392288626739173,0.03256698179629893,1
OASIS_2,ResNet18,47,gaussian_blur__mild,OAS2_0120,3,0.6933468679728548,0.28374394922354895,0.021857527865958383,0.0010516679528240092,0
OASIS_2,ResNet18,47,gaussian_blur__mild,OAS2_0128,0,0.07724170384135505,0.8400894025340676,0.07596867750800129,0.00670022664093608,1
OASIS_2,ResNet18,47,gaussian_blur__mild,OAS2_0135,0,0.006746305457147095,0.9694605261087418,0.0237791707529273,1.4008126232385644e-05,1
OASIS_2,ResNet18,47,gaussian_blur__mild,OAS2_0141,0,0.2754411547124619,0.5764861566014587,0.1470266532279311,0.0010460441080795135,1
OASIS_2,ResNet18,47,gaussian_blur__mild,OAS2_0171,0,0.48064509826003815,0.4640369450295111,0.05525534992880338,6.260489473625865e-05,0
OASIS_2,ResNet18,47,gaussian_blur__mild,OAS2_0176,1,0.23933769733635019,0.6682522392220562,0.04275112503398857,0.04965893529722507,1
OASIS_2,ResNet18,47,gaussian_blur__moderate,OAS2_0004,0,0.000734161460826499,0.9810472309589386,0.01603097672845024,0.0021876264005186385,1
OASIS_2,ResNet18,47,gaussian_blur__moderate,OAS2_0005,0,0.011219266004809469,0.9488082379102707,0.0011267781788546927,0.03884571206508554,1
OASIS_2,ResNet18,47,gaussian_blur__moderate,OAS2_0009,1,0.1884841932005088,0.7647684965282678,8.409074812405492e-05,0.046663221740254814,1
OASIS_2,ResNet18,47,gaussian_blur__moderate,OAS2_0014,2,0.053335148065661996,0.6676900122314692,0.0014413361456718122,0.277533493910596,1
OASIS_2,ResNet18,47,gaussian_blur__moderate,OAS2_0017,0,0.0980799052906832,0.890895314142108,4.4209760070401674e-05,0.010980582199590572,1
OASIS_2,ResNet18,47,gaussian_blur__moderate,OAS2_0020,1,0.008519069254543866,0.938768419623375,0.05131589805292265,0.001396594977904897,1
OASIS_2,ResNet18,47,gaussian_blur__moderate,OAS2_0021,1,0.005170112494113255,0.9933519095182419,6.448899188669089e-05,0.0014134807413924478,1
OASIS_2,ResNet18,47,gaussian_blur__moderate,OAS2_0036,0,0.00018357802570969639,0.9986725896596909,0.00018379643653751999,0.0009600413442626632,1
OASIS_2,ResNet18,47,gaussian_blur__moderate,OAS2_0040,1,0.33687321951729243,0.5366577885957667,0.10278096369138541,0.023688034761653397,1
OASIS_2,ResNet18,47,gaussian_blur__moderate,OAS2_0050,2,0.006459737175060809,0.9820816427469253,0.0007422093361160176,0.010716402603065944,1
OASIS_2,ResNet18,47,gaussian_blur__moderate,OAS2_0067,0,0.0852551145830148,0.7157646466803271,0.005947881641617414,0.19303235125203172,1
OASIS_2,ResNet18,47,gaussian_blur__moderate,OAS2_0069,0,0.012348416355598602,0.9626437902450562,0.00579243766574109,0.01921534751172658,1
OASIS_2,ResNet18,47,gaussian_blur__moderate,OAS2_0070,0,0.0007599443627213986,0.9982154607772827,0.00015991622175075547,0.0008646816149351366,1
OASIS_2,ResNet18,47,gaussian_blur__moderate,OAS2_0098,1,0.0004244411384945579,0.9953442126512527,0.00011020745217393824,0.00412114701275641,1
OASIS_2,ResNet18,47,gaussian_blur__moderate,OAS2_0102,1,0.0663558139145266,0.8500675015151501,0.0800734800987712,0.0035031742975533573,1
OASIS_2,ResNet18,47,gaussian_blur__moderate,OAS2_0103,1,0.07986809457938762,0.9150344133377075,0.0017502283952467224,0.003347262439592669,1
OASIS_2,ResNet18,47,gaussian_blur__moderate,OAS2_0114,2,0.005672797301895116,0.936021289229393,0.018068079135571225,0.04023782814310835,1
OASIS_2,ResNet18,47,gaussian_blur__moderate,OAS2_0120,3,0.06919880759295723,0.8778478875756264,0.0018601432799187022,0.0510931645002529,1
OASIS_2,ResNet18,47,gaussian_blur__moderate,OAS2_0128,0,0.001779284152451055,0.9122896939516068,0.08407177018170842,0.001859249994106449,1
OASIS_2,ResNet18,47,gaussian_blur__moderate,OAS2_0135,0,0.0001465453951652762,0.998324716091156,0.001329662507998841,0.00019907053663565933,1
OASIS_2,ResNet18,47,gaussian_blur__moderate,OAS2_0141,0,0.004428421598311161,0.9937520503997803,0.0011183162364432064,0.0007012019593503283,1
OASIS_2,ResNet18,47,gaussian_blur__moderate,OAS2_0171,0,0.13396120795671324,0.8435970522463322,0.0011160254120091916,0.021325708625363406,1
OASIS_2,ResNet18,47,gaussian_blur__moderate,OAS2_0176,1,0.006154259295567499,0.9148872137069702,0.009833255485281,0.0691252586315386,1
OASIS_2,ResNet18,47,gaussian_blur__severe,OAS2_0004,0,2.2875763848162477e-05,0.9990132033824921,0.0007337685355196299,0.0002301551530308643,1
OASIS_2,ResNet18,47,gaussian_blur__severe,OAS2_0005,0,4.9637982624517465e-05,0.9951683878898621,1.9954286238998974e-05,0.004762023428156681,1
OASIS_2,ResNet18,47,gaussian_blur__severe,OAS2_0009,1,0.00033525309974145043,0.9755780398845673,6.235585975744584e-06,0.024080469137879847,1
OASIS_2,ResNet18,47,gaussian_blur__severe,OAS2_0014,2,0.0009947848567776417,0.9036631003022194,9.104902669037074e-05,0.09525105877000897,1
OASIS_2,ResNet18,47,gaussian_blur__severe,OAS2_0017,0,0.002156493317554009,0.9929130554199219,3.287040986243994e-06,0.004927167023652146,1
OASIS_2,ResNet18,47,gaussian_blur__severe,OAS2_0020,1,0.00037303719045667094,0.9960299283266068,0.002863543805108293,0.0007334790638196864,1
OASIS_2,ResNet18,47,gaussian_blur__severe,OAS2_0021,1,6.936751328652235e-05,0.9986116588115692,1.2843712833898736e-05,0.0013060967144156166,1
OASIS_2,ResNet18,47,gaussian_blur__severe,OAS2_0036,0,4.211384933938689e-06,0.9996046900749207,3.618435616772331e-05,0.00035489689307723895,1
OASIS_2,ResNet18,47,gaussian_blur__severe,OAS2_0040,1,0.041062309559993085,0.8728957943618297,0.08006676157326406,0.005975140638111043,1
OASIS_2,ResNet18,47,gaussian_blur__severe,OAS2_0050,2,2.6978740281435874e-05,0.9962596476078034,6.393448286701187e-05,0.003649445669225315,1
OASIS_2,ResNet18,47,gaussian_blur__severe,OAS2_0067,0,0.0013007416072952083,0.8998337274417281,4.860323858792981e-05,0.09881690940037516,1
OASIS_2,ResNet18,47,gaussian_blur__severe,OAS2_0069,0,2.201833519848151e-05,0.9988009572029114,0.0001020463935361704,0.0010749714227131335,1
OASIS_2,ResNet18,47,gaussian_blur__severe,OAS2_0070,0,1.118383416951474e-05,0.9995638191699981,1.655593243086173e-05,0.00040843564128181244,1
OASIS_2,ResNet18,47,gaussian_blur__severe,OAS2_0098,1,6.25979035646651e-06,0.9980091750621796,1.6382854486352016e-05,0.001968183705685078,1
OASIS_2,ResNet18,47,gaussian_blur__severe,OAS2_0102,1,0.02646199664449398,0.9309615224599839,0.04241851415517317,0.00015797257972280932,1
OASIS_2,ResNet18,47,gaussian_blur__severe,OAS2_0103,1,0.00013657776572983948,0.9992262989282608,9.059669237672096e-05,0.0005465148595249047,1
OASIS_2,ResNet18,47,gaussian_blur__severe,OAS2_0114,2,0.00014701708689699445,0.9884409755468369,0.003587686896997866,0.007824311602416856,1
OASIS_2,ResNet18,47,gaussian_blur__severe,OAS2_0120,3,0.0002295017732834026,0.9929708868265152,0.00012944091276381186,0.00667015930512207,1
OASIS_2,ResNet18,47,gaussian_blur__severe,OAS2_0128,0,7.850459891187712e-05,0.9907482206821442,0.009023283185274521,0.00014999165623521548,1
OASIS_2,ResNet18,47,gaussian_blur__severe,OAS2_0135,0,3.5637597868287685e-06,0.9997061222791672,2.0585057050226397e-05,0.00026972592836500554,1
OASIS_2,ResNet18,47,gaussian_blur__severe,OAS2_0141,0,1.0490212829949996e-05,0.9996499836444854,0.00022942236253129523,0.00011008804704033537,1
OASIS_2,ResNet18,47,gaussian_blur__severe,OAS2_0171,0,0.00010350048465852524,0.9941772401332856,9.834256054794822e-05,0.00562091982938,1
OASIS_2,ResNet18,47,gaussian_blur__severe,OAS2_0176,1,2.3548879917711928e-05,0.9972408562898636,0.00014236478244953333,0.002593209728001966,1
OASIS_2,ResNet18,47,motion__mild,OAS2_0004,0,0.07896571568926447,0.6733706881059334,0.24523009405384072,0.0024334976277714305,1
OASIS_2,ResNet18,47,motion__mild,OAS2_0005,0,0.36723490175500045,0.51535216527991,0.11717420583408966,0.00023872672730220756,1
OASIS_2,ResNet18,47,motion__mild,OAS2_0009,1,0.8183879658579827,0.07437156612368767,0.10700274918466646,0.00023772434929486327,0
OASIS_2,ResNet18,47,motion__mild,OAS2_0014,2,0.4162795319745783,0.36043326727694874,0.22306868428586313,0.00021851591139352423,0
OASIS_2,ResNet18,47,motion__mild,OAS2_0017,0,0.6638403652024862,0.16774287363249982,0.14350297938980844,0.024913793401647212,0
OASIS_2,ResNet18,47,motion__mild,OAS2_0020,1,0.3091588942334056,0.5930373314491589,0.09776549062489934,3.829250025506603e-05,1
OASIS_2,ResNet18,47,motion__mild,OAS2_0021,1,0.13350529363524402,0.8567242362449179,0.009766412348670706,4.051889697387345e-06,1
OASIS_2,ResNet18,47,motion__mild,OAS2_0036,0,0.305184840871334,0.6840115796541795,0.009364558461902562,0.0014390166013924955,1
OASIS_2,ResNet18,47,motion__mild,OAS2_0040,1,0.796966434828937,0.14598448682809248,0.05703626109498257,1.2823922978282172e-05,0
OASIS_2,ResNet18,47,motion__mild,OAS2_0050,2,0.22721356074952154,0.7390667300671339,0.03342386075445205,0.0002958627158527349,1
OASIS_2,ResNet18,47,motion__mild,OAS2_0067,0,0.6552531260065735,0.22700735547655312,0.11708272848828982,0.0006567826036401571,0
OASIS_2,ResNet18,47,motion__mild,OAS2_0069,0,0.7859482863015728,0.02924945768249927,0.1846662881450712,0.00013596258411562026,0
OASIS_2,ResNet18,47,motion__mild,OAS2_0070,0,0.01515693816511261,0.9843409299850464,0.00047731512338836915,2.483684971972119e-05,1
OASIS_2,ResNet18,47,motion__mild,OAS2_0098,1,0.2701822262417409,0.6631125723943114,0.061414609705094846,0.005290582680231637,1
OASIS_2,ResNet18,47,motion__mild,OAS2_0102,1,0.2776309919202703,0.6734161511063576,0.04820992406742048,0.0007429420630764722,1
OASIS_2,ResNet18,47,motion__mild,OAS2_0103,1,0.5217922382019424,0.309747620930284,0.16809913731849518,0.0003610017030524659,0
OASIS_2,ResNet18,47,motion__mild,OAS2_0114,2,0.33221072154119613,0.6085919696335622,0.016570920979620495,0.04262642292287637,1
OASIS_2,ResNet18,47,motion__mild,OAS2_0120,3,0.8349400681343468,0.12851499786877602,0.036384662997978656,0.00016026128686671322,0
OASIS_2,ResNet18,47,motion__mild,OAS2_0128,0,0.49889189036330206,0.281777494995913,0.21763309698922056,0.0016975361855234294,0
OASIS_2,ResNet18,47,motion__mild,OAS2_0135,0,0.0542368716268868,0.8824036940932274,0.06335295660714703,6.491178891414708e-06,1
OASIS_2,ResNet18,47,motion__mild,OAS2_0141,0,0.6259059861346031,0.052830562322333206,0.32113908138837816,0.00012437240464717724,0
OASIS_2,ResNet18,47,motion__mild,OAS2_0171,0,0.5949686300696158,0.3452666856663882,0.059745005528980745,1.9688716240629186e-05,0
OASIS_2,ResNet18,47,motion__mild,OAS2_0176,1,0.4530503694069921,0.4559641404695867,0.08322453079040315,0.0077609719979221834,1
OASIS_2,ResNet18,47,motion__moderate,OAS2_0004,0,0.023141411355254604,0.7499684813432396,0.2231004331078225,0.0037896839306085896,1
OASIS_2,ResNet18,47,motion__moderate,OAS2_0005,0,0.261885192169575,0.6204674381995574,0.1163127739842011,0.0013345966423184308,1
OASIS_2,ResNet18,47,motion__moderate,OAS2_0009,1,0.7634875801770249,0.1731297438714156,0.06287239537093865,0.0005102771121081572,0
OASIS_2,ResNet18,47,motion__moderate,OAS2_0014,2,0.40371740202717776,0.4611188324059185,0.12848562367526029,0.006678128654485249,1
OASIS_2,ResNet18,47,motion__moderate,OAS2_0017,0,0.6029372019664152,0.19846698256465062,0.16608541973474236,0.032510399910915685,0
OASIS_2,ResNet18,47,motion__moderate,OAS2_0020,1,0.26103171177674084,0.5871686046943069,0.15173078103206378,6.890878902783281e-05,1
OASIS_2,ResNet18,47,motion__moderate,OAS2_0021,1,0.11125334847879458,0.8767567284405231,0.011982002064669078,7.927617126324283e-06,1
OASIS_2,ResNet18,47,motion__moderate,OAS2_0036,0,0.11014367510706506,0.8767133727669716,0.011029404751225514,0.002113553776007393,1
OASIS_2,ResNet18,47,motion__moderate,OAS2_0040,1,0.7744512049481272,0.16197968612204933,0.06354463075420405,2.4489586953616026e-05,0
OASIS_2,ResNet18,47,motion__moderate,OAS2_0050,2,0.19893285809860117,0.7602364469319582,0.04038826728216014,0.0004424186564634169,1
OASIS_2,ResNet18,47,motion__moderate,OAS2_0067,0,0.6293455590450321,0.2556307786920531,0.11262394108214162,0.002399715365668781,0
OASIS_2,ResNet18,47,motion__moderate,OAS2_0069,0,0.5974109581111406,0.11827984126018691,0.2737921084707466,0.010517081431059944,0
OASIS_2,ResNet18,47,motion__moderate,OAS2_0070,0,0.04202073213629234,0.9577892541885376,0.00015185155676960012,3.81686402094128e-05,1
OASIS_2,ResNet18,47,motion__moderate,OAS2_0098,1,0.12265869541552092,0.79206307772547,0.05123498847730303,0.034043240126771936,1
OASIS_2,ResNet18,47,motion__moderate,OAS2_0102,1,0.22391637137790213,0.7177069950848818,0.054853053977189925,0.0035235880851409744,1
OASIS_2,ResNet18,47,motion__moderate,OAS2_0103,1,0.479353898892532,0.3937509098206647,0.12427344237169109,0.0026217486975838255,0
OASIS_2,ResNet18,47,motion__moderate,OAS2_0114,2,0.15323764424101682,0.7856042162049561,0.011358461944064402,0.04979967631225009,1
OASIS_2,ResNet18,47,motion__moderate,OAS2_0120,3,0.6857166232522218,0.25182544547668756,0.06168391622635204,0.0007740145304395814,0
OASIS_2,ResNet18,47,motion__moderate,OAS2_0128,0,0.30710468572797256,0.5122718136463845,0.1619695234961597,0.018653974500478655,1
OASIS_2,ResNet18,47,motion__moderate,OAS2_0135,0,0.05174183350327297,0.9045063495635987,0.043725450618313746,2.6369155149803118e-05,1
OASIS_2,ResNet18,47,motion__moderate,OAS2_0141,0,0.4530218297113606,0.28085201391368175,0.2656232256425938,0.0005029301518419515,0
OASIS_2,ResNet18,47,motion__moderate,OAS2_0171,0,0.5362943494645152,0.3975946810700407,0.06604090374352511,7.007362168745606e-05,0
OASIS_2,ResNet18,47,motion__moderate,OAS2_0176,1,0.3551328255420231,0.5768633104278706,0.05613725158021956,0.011866622894109469,1
OASIS_2,ResNet18,47,motion__severe,OAS2_0004,0,0.002093967283872189,0.9348881840705872,0.06035979646609846,0.0026580407013739203,1
OASIS_2,ResNet18,47,motion__severe,OAS2_0005,0,0.35665746784070507,0.5856056262273341,0.01505697491287492,0.042679942674598334,1
OASIS_2,ResNet18,47,motion__severe,OAS2_0009,1,0.72374532056524,0.26150897273892043,0.005781255631756899,0.008964440961628534,0
OASIS_2,ResNet18,47,motion__severe,OAS2_0014,2,0.2841688772757152,0.5433471900760196,0.04456751991462227,0.12791641049280428,1
OASIS_2,ResNet18,47,motion__severe,OAS2_0017,0,0.5440638416839647,0.3445504803091353,0.027009156821973034,0.08437651065596796,0
OASIS_2,ResNet18,47,motion__severe,OAS2_0020,1,0.17192467138520443,0.6863392191007733,0.14156932925379948,0.00016678281656439252,1
OASIS_2,ResNet18,47,motion__severe,OAS2_0021,1,0.10470163251397366,0.8882835946977139,0.006914672689749707,0.00010011412051937895,1
OASIS_2,ResNet18,47,motion__severe,OAS2_0036,0,0.0008015192180039321,0.9848965287208558,0.0018723224312708453,0.012429625242759812,1
OASIS_2,ResNet18,47,motion__severe,OAS2_0040,1,0.6639566404744983,0.24979565352759536,0.08597280246528605,0.000274889497077629,0
OASIS_2,ResNet18,47,motion__severe,OAS2_0050,2,0.20576547983259844,0.7761372418841347,0.0027295076022316065,0.015367765316887017,1
OASIS_2,ResNet18,47,motion__severe,OAS2_0067,0,0.3980543968709753,0.4891364328413488,0.030834921313289597,0.08197426007945659,1
OASIS_2,ResNet18,47,motion__severe,OAS2_0069,0,0.46705630829092115,0.35594029675467026,0.16666110729167807,0.010342296598490508,0
OASIS_2,ResNet18,47,motion__severe,OAS2_0070,0,0.07410228847415964,0.9198170131072402,0.00571864151584438,0.00036207446563871757,1
OASIS_2,ResNet18,47,motion__severe,OAS2_0098,1,0.12399568795781306,0.8160414360463619,0.0016392075556098007,0.05832366949853167,1
OASIS_2,ResNet18,47,motion__severe,OAS2_0102,1,0.13933696273365967,0.7629244867712259,0.08727966543643265,0.01045889581256728,1
OASIS_2,ResNet18,47,motion__severe,OAS2_0103,1,0.10392811615215578,0.8107879072427749,0.06609639620121115,0.01918758352076111,1
OASIS_2,ResNet18,47,motion__severe,OAS2_0114,2,0.041740155210754894,0.9304502904415131,0.007243682245371019,0.02056587442093587,1
OASIS_2,ResNet18,47,motion__severe,OAS2_0120,3,0.3682531794777617,0.5664362073119265,0.061909025802772355,0.0034015879594065266,1
OASIS_2,ResNet18,47,motion__severe,OAS2_0128,0,0.04832385397530743,0.7815509459935128,0.1354382312754751,0.03468698423483829,1
OASIS_2,ResNet18,47,motion__severe,OAS2_0135,0,0.044924123649434475,0.9379125460982323,0.016849079673017898,0.0003142393310017866,1
OASIS_2,ResNet18,47,motion__severe,OAS2_0141,0,0.15412466544091785,0.7660478163510561,0.07849090370445992,0.0013366168542972901,1
OASIS_2,ResNet18,47,motion__severe,OAS2_0171,0,0.5647161688364577,0.40890902751738734,0.026015299137679117,0.00035951868421236463,0
OASIS_2,ResNet18,47,motion__severe,OAS2_0176,1,0.16415124891718733,0.7359926488716155,0.054960662398411485,0.04489542548053578,1
OASIS_2,ResNet18,47,rician_noise__mild,OAS2_0004,0,0.1478677727165632,0.5815377354098018,0.26806863636174966,0.0025258503909753927,1
OASIS_2,ResNet18,47,rician_noise__mild,OAS2_0005,0,0.4288311692944262,0.4532973396242596,0.11766371115054426,0.00020776671188116325,1
OASIS_2,ResNet18,47,rician_noise__mild,OAS2_0009,1,0.8277226815000176,0.07048856724836909,0.1015068559479007,0.0002818984621113756,0
OASIS_2,ResNet18,47,rician_noise__mild,OAS2_0014,2,0.4681735571513855,0.33200436109395925,0.19970296612946187,0.0001191189797793868,0
OASIS_2,ResNet18,47,rician_noise__mild,OAS2_0017,0,0.6923757169655801,0.14400916634733107,0.14511640736491754,0.018498704755545693,0
OASIS_2,ResNet18,47,rician_noise__mild,OAS2_0020,1,0.3456595873693004,0.5756412988073862,0.07867048385830486,2.8629562909746054e-05,1
OASIS_2,ResNet18,47,rician_noise__mild,OAS2_0021,1,0.15592614216352557,0.8354158080532216,0.008655016364292223,3.0079492874895975e-06,1
OASIS_2,ResNet18,47,rician_noise__mild,OAS2_0036,0,0.39592318646173225,0.5869572699186392,0.014616073664296892,0.0025034747601807793,1
OASIS_2,ResNet18,47,rician_noise__mild,OAS2_0040,1,0.8103140840306878,0.12877688938265236,0.06090245944250542,6.55629801226583e-06,0
OASIS_2,ResNet18,47,rician_noise__mild,OAS2_0050,2,0.2726253323672836,0.697953368537128,0.029189562552846125,0.00023173443798789605,1
OASIS_2,ResNet18,47,rician_noise__mild,OAS2_0067,0,0.6701458194293082,0.2042009307314693,0.12546608052303979,0.00018717671148545703,0
OASIS_2,ResNet18,47,rician_noise__mild,OAS2_0069,0,0.8399549080753786,0.017111815748495473,0.14283012858937952,0.00010314569871367144,0
OASIS_2,ResNet18,47,rician_noise__mild,OAS2_0070,0,0.015373573085446113,0.9839012205600739,0.0007024193860483671,2.277670406751757e-05,1
OASIS_2,ResNet18,47,rician_noise__mild,OAS2_0098,1,0.33446157313883307,0.5975339144468308,0.06531717454675742,0.00268732900938744,1
OASIS_2,ResNet18,47,rician_noise__mild,OAS2_0102,1,0.32732239347820097,0.6233969241380691,0.048582372982738285,0.00069831385235429,1
OASIS_2,ResNet18,47,rician_noise__mild,OAS2_0103,1,0.5603375586732,0.2996577445665025,0.13987865275048533,0.00012604894174828019,0
OASIS_2,ResNet18,47,rician_noise__mild,OAS2_0114,2,0.3802098916610703,0.5676626237767778,0.01109825675221714,0.041029242772901854,1
OASIS_2,ResNet18,47,rician_noise__mild,OAS2_0120,3,0.8388642250069097,0.10389239262316438,0.05717337043650446,7.001248899901005e-05,0
OASIS_2,ResNet18,47,rician_noise__mild,OAS2_0128,0,0.5525688836292829,0.24742052122023778,0.19804318836168805,0.0019674036450778474,0
OASIS_2,ResNet18,47,rician_noise__mild,OAS2_0135,0,0.06997531003229654,0.8706090703606606,0.05940988210530697,5.742122297621105e-06,1
OASIS_2,ResNet18,47,rician_noise__mild,OAS2_0141,0,0.6369602558479528,0.03405467437050902,0.3288975118934559,8.75558985804048e-05,0
OASIS_2,ResNet18,47,rician_noise__mild,OAS2_0171,0,0.6508634133716441,0.30747826326330596,0.041646145128275025,1.2177068222587121e-05,0
OASIS_2,ResNet18,47,rician_noise__mild,OAS2_0176,1,0.4865969059901545,0.40690750006797316,0.10111045311432783,0.005385146246739936,0
OASIS_2,ResNet18,47,rician_noise__moderate,OAS2_0004,0,0.14432129087144857,0.5722065749345348,0.2770917392866977,0.006380378273661336,1
OASIS_2,ResNet18,47,rician_noise__moderate,OAS2_0005,0,0.5609818341094069,0.3095136541815009,0.12923900439524233,0.00026552607784218195,0
OASIS_2,ResNet18,47,rician_noise__moderate,OAS2_0009,1,0.830988521873951,0.09385765630624868,0.0746318860622531,0.0005219434839491523,0
OASIS_2,ResNet18,47,rician_noise__moderate,OAS2_0014,2,0.46678409173109686,0.2958437473062986,0.23700216519628156,0.00037000183273789845,0
OASIS_2,ResNet18,47,rician_noise__moderate,OAS2_0017,0,0.7260203153264229,0.1116647852999904,0.15404281074007148,0.008272107738441182,0
OASIS_2,ResNet18,47,rician_noise__moderate,OAS2_0020,1,0.4489299250766635,0.49103160552695047,0.059958133673531935,8.031719714446384e-05,1
OASIS_2,ResNet18,47,rician_noise__moderate,OAS2_0021,1,0.18219523414054492,0.8139893001876771,0.0038111030264929013,4.369046544894228e-06,1
OASIS_2,ResNet18,47,rician_noise__moderate,OAS2_0036,0,0.4326711991627235,0.5125397541443817,0.05082402745939589,0.003965041009558945,1
OASIS_2,ResNet18,47,rician_noise__moderate,OAS2_0040,1,0.8252552626654506,0.10781882145593755,0.06692076972711898,5.165104333850531e-06,0
OASIS_2,ResNet18,47,rician_noise__moderate,OAS2_0050,2,0.31324151034039005,0.6351908202283084,0.051030841757700784,0.000536830367671115,1
OASIS_2,ResNet18,47,rician_noise__moderate,OAS2_0067,0,0.640312369822641,0.2264338201037174,0.13319183912684457,6.198957611400483e-05,0
OASIS_2,ResNet18,47,rician_noise__moderate,OAS2_0069,0,0.8336970993172145,0.024152069565502643,0.1420254192496923,0.00012539754329552125,0
OASIS_2,ResNet18,47,rician_noise__moderate,OAS2_0070,0,0.033454659175096955,0.9660073935985565,0.0005030746305045586,3.4866764580260454e-05,1
OASIS_2,ResNet18,47,rician_noise__moderate,OAS2_0098,1,0.3653281494087423,0.5492781283333897,0.08077274359931437,0.004620965441624492,1
OASIS_2,ResNet18,47,rician_noise__moderate,OAS2_0102,1,0.33336136021357277,0.617734364233911,0.04785513637430347,0.0010491467596578498,1
OASIS_2,ResNet18,47,rician_noise__moderate,OAS2_0103,1,0.574148309177599,0.2767814286835346,0.1488246694134432,0.0002456059984336179,0
OASIS_2,ResNet18,47,rician_noise__moderate,OAS2_0114,2,0.40996545876841994,0.5233768094007246,0.011925601023301624,0.05473212416527531,1
OASIS_2,ResNet18,47,rician_noise__moderate,OAS2_0120,3,0.8218238517994905,0.11340993382267897,0.06463799597062604,0.00012819918640788312,0
OASIS_2,ResNet18,47,rician_noise__moderate,OAS2_0128,0,0.5610865764960181,0.2635574513383062,0.17289636867482017,0.002459609225734677,0
OASIS_2,ResNet18,47,rician_noise__moderate,OAS2_0135,0,0.03536472546508094,0.9003571927547455,0.0642700861751315,7.992411549802986e-06,1
OASIS_2,ResNet18,47,rician_noise__moderate,OAS2_0141,0,0.6146692192196497,0.037829275608237366,0.34740826884917625,9.3248862078682e-05,0
OASIS_2,ResNet18,47,rician_noise__moderate,OAS2_0171,0,0.7713877059611149,0.2037000539377601,0.024901820212747817,1.0435113038165434e-05,0
OASIS_2,ResNet18,47,rician_noise__moderate,OAS2_0176,1,0.49734051998966605,0.4433400207004524,0.05651872447632371,0.0028007283224312117,0
OASIS_2,ResNet18,47,rician_noise__severe,OAS2_0004,0,0.24128658282570542,0.41661287098686445,0.31933546230102366,0.022765077086023666,1
OASIS_2,ResNet18,47,rician_noise__severe,OAS2_0005,0,0.838483075145632,0.07997273977768486,0.0814050091521118,0.000139174992720607,0
OASIS_2,ResNet18,47,rician_noise__severe,OAS2_0009,1,0.8925319977104664,0.08760003087652508,0.01873399117361507,0.0011339705653062322,0
OASIS_2,ResNet18,47,rician_noise__severe,OAS2_0014,2,0.7345439180673565,0.190500275719387,0.07362516247530948,0.0013306503738292007,0
OASIS_2,ResNet18,47,rician_noise__severe,OAS2_0017,0,0.8834735577460379,0.01781002465939774,0.09864256726323374,7.384972950975988e-05,0
OASIS_2,ResNet18,47,rician_noise__severe,OAS2_0020,1,0.8938051670789718,0.06597500803762842,0.04020879635090766,1.103354846539173e-05,0
OASIS_2,ResNet18,47,rician_noise__severe,OAS2_0021,1,0.7132736266590655,0.27295841826125977,0.013689408319305407,7.855335396768637e-05,0
OASIS_2,ResNet18,47,rician_noise__severe,OAS2_0036,0,0.5155754648614674,0.36176581505278593,0.11572216800190063,0.00693655242848763,0
OASIS_2,ResNet18,47,rician_noise__severe,OAS2_0040,1,0.8443680276162923,0.08716467318958099,0.06846726887197663,3.9468851781444694e-08,0
OASIS_2,ResNet18,47,rician_noise__severe,OAS2_0050,2,0.5724461962822222,0.41415767761891403,0.007046346592097186,0.006349774084714,0
OASIS_2,ResNet18,47,rician_noise__severe,OAS2_0067,0,0.6996461806003935,0.21333190593600762,0.08700272867191963,1.9179725821123507e-05,0
OASIS_2,ResNet18,47,rician_noise__severe,OAS2_0069,0,0.8221859539713477,0.00387736359543851,0.1738715812733858,6.508970087215626e-05,0
OASIS_2,ResNet18,47,rician_noise__severe,OAS2_0070,0,0.32702836275473146,0.6726863407515339,0.00025377003468678985,3.15369225042883e-05,1
OASIS_2,ResNet18,47,rician_noise__severe,OAS2_0098,1,0.5629839596704187,0.350590137580366,0.08439184160281651,0.0020340576123757614,0
OASIS_2,ResNet18,47,rician_noise__severe,OAS2_0102,1,0.5630484947119839,0.3650735067290952,0.07185187301027726,2.6134312521806923e-05,0
OASIS_2,ResNet18,47,rician_noise__severe,OAS2_0103,1,0.6736535858159186,0.21847759726856567,0.10728240800639455,0.0005864129194845802,0
OASIS_2,ResNet18,47,rician_noise__severe,OAS2_0114,2,0.5940181040903554,0.31633233749134887,0.00855725363840707,0.08109230487432342,0
OASIS_2,ResNet18,47,rician_noise__severe,OAS2_0120,3,0.8124317290232284,0.17327391819259574,0.014122473052882967,0.00017185252484289197,0
OASIS_2,ResNet18,47,rician_noise__severe,OAS2_0128,0,0.6356904060114175,0.22581127587529864,0.12439170058796663,0.014106606165401913,0
OASIS_2,ResNet18,47,rician_noise__severe,OAS2_0135,0,0.4432224812568165,0.492432443278085,0.06427260764194376,7.246016598548982e-05,1
OASIS_2,ResNet18,47,rician_noise__severe,OAS2_0141,0,0.6053613769181538,0.14103800580924145,0.2532899143579016,0.0003107032209097582,0
OASIS_2,ResNet18,47,rician_noise__severe,OAS2_0171,0,0.8227442128583788,0.15469492926432232,0.02256008037104041,7.902992093093671e-07,0
OASIS_2,ResNet18,47,rician_noise__severe,OAS2_0176,1,0.6134803646287764,0.30546742353153605,0.08028139525125226,0.0007708133837454056,0
OASIS_2,ResNet18,47,rotation__mild,OAS2_0004,0,0.10865123306139139,0.6900624138768763,0.18882566518859675,0.012460678865159025,1
OASIS_2,ResNet18,47,rotation__mild,OAS2_0005,0,0.3024047873868767,0.5265273604076356,0.17029294243134246,0.000774922031126124,1
OASIS_2,ResNet18,47,rotation__mild,OAS2_0009,1,0.7242441918700934,0.18762123822806415,0.0865823332094974,0.001552234813513138,0
OASIS_2,ResNet18,47,rotation__mild,OAS2_0014,2,0.3742607414595113,0.4179481035247591,0.20635418221262397,0.0014369689704722076,1
OASIS_2,ResNet18,47,rotation__mild,OAS2_0017,0,0.6670062490738928,0.2464719928652812,0.04137455636216225,0.04514721285917034,0
OASIS_2,ResNet18,47,rotation__mild,OAS2_0020,1,0.2608211635306361,0.647845539660193,0.09127426753916498,5.9039434648882826e-05,1
OASIS_2,ResNet18,47,rotation__mild,OAS2_0021,1,0.12096399509896401,0.8281517491690465,0.05087873927286535,5.509258966683583e-06,1
OASIS_2,ResNet18,47,rotation__mild,OAS2_0036,0,0.08492266025634762,0.859394746273756,0.05445615698054881,0.001226430569673198,1
OASIS_2,ResNet18,47,rotation__mild,OAS2_0040,1,0.760096671525389,0.16943212783608033,0.07036670789404721,0.00010449551673976046,0
OASIS_2,ResNet18,47,rotation__mild,OAS2_0050,2,0.10866878336338459,0.7847818827256561,0.10563191942526853,0.0009174038892268754,1
OASIS_2,ResNet18,47,rotation__mild,OAS2_0067,0,0.6462388187472243,0.27212692260436566,0.07839852228376405,0.0032357415069228547,0
OASIS_2,ResNet18,47,rotation__mild,OAS2_0069,0,0.6772487167065264,0.11262748575230112,0.20989129760326666,0.00023250424666074483,0
OASIS_2,ResNet18,47,rotation__mild,OAS2_0070,0,0.002037079869430336,0.9976146280765533,0.0003349774392678487,1.3342005413148617e-05,1
OASIS_2,ResNet18,47,rotation__mild,OAS2_0098,1,0.12369843649075847,0.8132086396217346,0.060948002877295494,0.0021449251674965806,1
OASIS_2,ResNet18,47,rotation__mild,OAS2_0102,1,0.28039377763134327,0.6667147280648351,0.0521017480135777,0.0007897495268315367,1
OASIS_2,ResNet18,47,rotation__mild,OAS2_0103,1,0.4583966247634635,0.33970216026646083,0.19751953220699647,0.004381669492045148,0
OASIS_2,ResNet18,47,rotation__mild,OAS2_0114,2,0.25283708198548993,0.6758755279355683,0.047187118102567635,0.024100282725066792,1
OASIS_2,ResNet18,47,rotation__mild,OAS2_0120,3,0.7558542019965898,0.18803351291587372,0.05594597503019033,0.00016632018317937926,0
OASIS_2,ResNet18,47,rotation__mild,OAS2_0128,0,0.41270799257908947,0.43168409311792855,0.1500918789319417,0.005516034466629557,1
OASIS_2,ResNet18,47,rotation__mild,OAS2_0135,0,0.07987937699004277,0.9103294363245368,0.009773855751320695,1.732152260177375e-05,1
OASIS_2,ResNet18,47,rotation__mild,OAS2_0141,0,0.6172113043372519,0.11460320542246336,0.26774614216806186,0.0004393535090781497,0
OASIS_2,ResNet18,47,rotation__mild,OAS2_0171,0,0.5656085771363906,0.39145048258033055,0.042899160902720834,4.177956697471257e-05,0
OASIS_2,ResNet18,47,rotation__mild,OAS2_0176,1,0.36365555692314044,0.6032628941589337,0.027306465877404883,0.005775069366510031,1
OASIS_2,ResNet18,47,rotation__moderate,OAS2_0004,0,0.16649219008538693,0.7350643663667142,0.09138540482837243,0.0070580271347466805,1
OASIS_2,ResNet18,47,rotation__moderate,OAS2_0005,0,0.3900258036777814,0.3617838144951747,0.2472485319603706,0.0009418379533384424,0
OASIS_2,ResNet18,47,rotation__moderate,OAS2_0009,1,0.7765818438958376,0.19783157125721118,0.024366283922723227,0.001220273224006685,0
OASIS_2,ResNet18,47,rotation__moderate,OAS2_0014,2,0.43947824943752495,0.43263809031413986,0.12473430439261204,0.0031493659977446242,0
OASIS_2,ResNet18,47,rotation__moderate,OAS2_0017,0,0.6077073362888769,0.26113390372952383,0.1233177966164419,0.007840972624386492,0
OASIS_2,ResNet18,47,rotation__moderate,OAS2_0020,1,0.2735192240506876,0.7154505219310522,0.010831581278291934,0.00019867413040599858,1
OASIS_2,ResNet18,47,rotation__moderate,OAS2_0021,1,0.07769009860785445,0.9196970582008361,0.0024802169217224444,0.00013261519333684912,1
OASIS_2,ResNet18,47,rotation__moderate,OAS2_0036,0,0.2670035939612717,0.5822644038125873,0.14777250495720978,0.0029594966362651576,1
OASIS_2,ResNet18,47,rotation__moderate,OAS2_0040,1,0.806507492158562,0.1389788541268672,0.05442208289987267,9.15769410264361e-05,0
OASIS_2,ResNet18,47,rotation__moderate,OAS2_0050,2,0.06059874126904106,0.8080932833254337,0.13098155341774603,0.00032640796856606147,1
OASIS_2,ResNet18,47,rotation__moderate,OAS2_0067,0,0.6375522592968992,0.31731194778913474,0.031083519414836874,0.014052269348467672,0
OASIS_2,ResNet18,47,rotation__moderate,OAS2_0069,0,0.730531289242208,0.17204855938474567,0.09570731362990888,0.001712832145047305,0
OASIS_2,ResNet18,47,rotation__moderate,OAS2_0070,0,0.1593488513290538,0.8316972355009057,0.008926780849167607,2.7106088678452434e-05,1
OASIS_2,ResNet18,47,rotation__moderate,OAS2_0098,1,0.022717038912379906,0.9314891278743744,0.042157087560747854,0.003636744782446044,1
OASIS_2,ResNet18,47,rotation__moderate,OAS2_0102,1,0.2823830833057855,0.6642604172229767,0.0522339908764593,0.0011225229513952772,1
OASIS_2,ResNet18,47,rotation__moderate,OAS2_0103,1,0.3770377872181598,0.41924321652550134,0.2029305061178753,0.0007884837094394137,1
OASIS_2,ResNet18,47,rotation__moderate,OAS2_0114,2,0.2531262714537661,0.5995159961283207,0.13740417928295443,0.009953551383614468,1
OASIS_2,ResNet18,47,rotation__moderate,OAS2_0120,3,0.7181123478803784,0.20442092917110272,0.07726074692610325,0.00020596821145810879,0
OASIS_2,ResNet18,47,rotation__moderate,OAS2_0128,0,0.5459064266004134,0.37809440423752677,0.06945065271851983,0.006548535120779815,0
OASIS_2,ResNet18,47,rotation__moderate,OAS2_0135,0,0.15124264907015572,0.7932251952588558,0.05549491192925986,3.724941121661315e-05,1
OASIS_2,ResNet18,47,rotation__moderate,OAS2_0141,0,0.47014512230525723,0.38772789414069847,0.14186892078232632,0.000258065879791565,0
OASIS_2,ResNet18,47,rotation__moderate,OAS2_0171,0,0.4565863388008438,0.4568259261867752,0.08652840016346149,5.934707972952147e-05,1
OASIS_2,ResNet18,47,rotation__moderate,OAS2_0176,1,0.5212914250911126,0.44229715799386166,0.03225490721791719,0.004156511363485783,0
OASIS_2,ResNet18,47,rotation__severe,OAS2_0004,0,0.20539479042072345,0.7632905886275694,0.029788022128663272,0.001526586015361886,1
OASIS_2,ResNet18,47,rotation__severe,OAS2_0005,0,0.344849367934512,0.551274988008663,0.10295055543429044,0.0009251029069901051,1
OASIS_2,ResNet18,47,rotation__severe,OAS2_0009,1,0.8442906774580479,0.13027973534631626,0.024979234528362246,0.00045034621403605685,0
OASIS_2,ResNet18,47,rotation__severe,OAS2_0014,2,0.6044113293057307,0.33482536241390337,0.059303502170962474,0.0014598097371006703,0
OASIS_2,ResNet18,47,rotation__severe,OAS2_0017,0,0.5088735312689096,0.3111076761447521,0.12929822487129988,0.05072057257841238,0
OASIS_2,ResNet18,47,rotation__severe,OAS2_0020,1,0.1766495046482305,0.819309264421463,0.003882911123650956,0.00015831310550735723,1
OASIS_2,ResNet18,47,rotation__severe,OAS2_0021,1,0.06819720425883133,0.8857222935650497,0.04545653053700107,0.0006239905617952957,1
OASIS_2,ResNet18,47,rotation__severe,OAS2_0036,0,0.10659321524744883,0.7711113564670086,0.11971408360998181,0.0025813246506913856,1
OASIS_2,ResNet18,47,rotation__severe,OAS2_0040,1,0.8002469026483595,0.15103065339981186,0.04871145913443229,1.0988237471232232e-05,0
OASIS_2,ResNet18,47,rotation__severe,OAS2_0050,2,0.010321385807787919,0.9172312393784523,0.07210841271767592,0.0003389442748606586,1
OASIS_2,ResNet18,47,rotation__severe,OAS2_0067,0,0.7422219462692737,0.18355830619032076,0.025249686209644805,0.04897005596615893,0
OASIS_2,ResNet18,47,rotation__severe,OAS2_0069,0,0.7013897894765251,0.266511461922164,0.028861210759185952,0.0032375526357011075,0
OASIS_2,ResNet18,47,rotation__severe,OAS2_0070,0,0.14461165655520744,0.8485763298842357,0.004424272526723882,0.0023877424227370715,1
OASIS_2,ResNet18,47,rotation__severe,OAS2_0098,1,0.15401012124889918,0.7952251337468624,0.04421344538482121,0.006551300583682007,1
OASIS_2,ResNet18,47,rotation__severe,OAS2_0102,1,0.21687995098636748,0.703046744200401,0.07900112132346634,0.0010721756778954371,1
OASIS_2,ResNet18,47,rotation__severe,OAS2_0103,1,0.345049279808336,0.47916359518712853,0.17568739198485334,9.971925192475695e-05,1
OASIS_2,ResNet18,47,rotation__severe,OAS2_0114,2,0.3183723648900923,0.5597522655967623,0.11187196199186503,0.010003407283306842,1
OASIS_2,ResNet18,47,rotation__severe,OAS2_0120,3,0.6664831373840571,0.27013083717552033,0.06240367883209785,0.000982342783534565,0
OASIS_2,ResNet18,47,rotation__severe,OAS2_0128,0,0.5490714565617963,0.4317284135700902,0.005865806696344645,0.013334301512349355,0
OASIS_2,ResNet18,47,rotation__severe,OAS2_0135,0,0.3015784871375331,0.6528139148373157,0.04551611826497037,9.148377973815514e-05,1
OASIS_2,ResNet18,47,rotation__severe,OAS2_0141,0,0.5433378419373185,0.3936460037715733,0.062381694736932405,0.0006344701889731575,0
OASIS_2,ResNet18,47,rotation__severe,OAS2_0171,0,0.4364709811285138,0.5113037753166282,0.051680665790119915,0.0005445755397090579,1
OASIS_2,ResNet18,47,rotation__severe,OAS2_0176,1,0.5649959845002741,0.3840863922254357,0.031786475101012,0.019131138552052108,0
