resolution,dataset,model,seed,DRI,mean_corrupted_accuracy,mean_corrupted_macro_f1,n_conditions
32,OASIS_1,LinearSVM,13,97.64705882352942,0.46111111111111114,0.19299574958570584,15
32,OASIS_1,LinearSVM,47,97.64705882352942,0.46111111111111114,0.19299574958570584,15
32,OASIS_1,LinearSVM,101,97.64705882352942,0.46111111111111114,0.19299574958570584,15
32,OASIS_1,RandomForest,13,92.42424242424242,0.5648148148148149,0.21369010985178208,15
32,OASIS_1,RandomForest,47,92.72727272727273,0.5666666666666667,0.21521876911814017,15
32,OASIS_1,RandomForest,101,95.87301587301587,0.5592592592592592,0.2103244670540268,15
32,OASIS_2,LinearSVM,13,88.88888888888889,0.34782608695652173,0.1770484126500522,15
32,OASIS_2,LinearSVM,47,88.88888888888889,0.34782608695652173,0.1770484126500522,15
32,OASIS_2,LinearSVM,101,88.88888888888889,0.34782608695652173,0.1770484126500522,15
32,OASIS_2,RandomForest,13,127.5,0.4434782608695652,0.20565912439160552,15
32,OASIS_2,RandomForest,47,113.33333333333333,0.4434782608695652,0.21016667029997202,15
32,OASIS_2,RandomForest,101,114.81481481481481,0.4492753623188406,0.2049565170229307,15
64,OASIS_1,LinearSVM,13,70.74074074074073,0.3537037037037037,0.1800566582539166,15
64,OASIS_1,LinearSVM,47,70.74074074074073,0.3537037037037037,0.1800566582539166,15
64,OASIS_1,LinearSVM,101,72.22222222222223,0.3611111111111111,0.18454484899200324,15
64,OASIS_1,RandomForest,13,91.51515151515152,0.5592592592592592,0.21344139164708903,15
64,OASIS_1,RandomForest,47,92.12121212121211,0.562962962962963,0.22049820991959354,15
64,OASIS_1,RandomForest,101,94.92063492063492,0.5537037037037037,0.20752426079285125,15
64,OASIS_2,LinearSVM,13,77.57575757575756,0.3710144927536232,0.20627450508940876,15
64,OASIS_2,LinearSVM,47,77.57575757575756,0.3710144927536232,0.20627450508940876,15
64,OASIS_2,LinearSVM,101,77.57575757575756,0.3710144927536232,0.20627450508940876,15
64,OASIS_2,RandomForest,13,114.07407407407408,0.44637681159420295,0.2049283224440923,15
64,OASIS_2,RandomForest,47,118.5185185185185,0.463768115942029,0.22035405018931542,15
64,OASIS_2,RandomForest,101,104.66666666666667,0.45507246376811594,0.2117474613661724,15
128,OASIS_1,LinearSVM,13,52.063492063492056,0.3037037037037037,0.1645325134193621,15
128,OASIS_1,LinearSVM,47,52.063492063492056,0.3037037037037037,0.1645325134193621,15
128,OASIS_1,LinearSVM,101,52.063492063492056,0.3037037037037037,0.1645325134193621,15
128,OASIS_1,RandomForest,13,95.87301587301587,0.5592592592592592,0.2145576572739117,15
128,OASIS_1,RandomForest,47,93.96825396825396,0.5481481481481482,0.21242175810426694,15
128,OASIS_1,RandomForest,101,94.92063492063491,0.5537037037037037,0.20908357470279407,15
128,OASIS_2,LinearSVM,13,94.81481481481481,0.3710144927536232,0.20675588943787387,15
128,OASIS_2,LinearSVM,47,94.81481481481481,0.3710144927536232,0.20675588943787387,15
128,OASIS_2,LinearSVM,101,94.81481481481481,0.3710144927536232,0.20675588943787387,15
128,OASIS_2,RandomForest,13,104.0,0.45217391304347826,0.20992022453658749,15
128,OASIS_2,RandomForest,47,106.0,0.46086956521739136,0.21985764874603783,15
128,OASIS_2,RandomForest,101,114.81481481481481,0.4492753623188406,0.20505644091146086,15
