resolution,dataset,model,condition,distortion,severity,accuracy_mean,accuracy_sd,macro_f1_mean,macro_f1_sd,balanced_accuracy_mean,balanced_accuracy_sd
32,OASIS_1,LinearSVM,brightness_contrast__mild,brightness_contrast,mild,0.47222222222222215,0.0,0.16666666666666666,0.0,0.2125,0.0
32,OASIS_1,LinearSVM,brightness_contrast__moderate,brightness_contrast,moderate,0.5277777777777778,0.0,0.17272727272727273,0.0,0.23749999999999996,0.0
32,OASIS_1,LinearSVM,brightness_contrast__severe,brightness_contrast,severe,0.5555555555555556,0.0,0.17857142857142858,0.0,0.25,0.0
32,OASIS_1,LinearSVM,clean_test,clean,clean,0.47222222222222215,0.0,0.29444444444444445,0.0,0.28295454545454546,0.0
32,OASIS_1,LinearSVM,gaussian_blur__mild,gaussian_blur,mild,0.5,0.0,0.3052003410059676,0.0,0.29545454545454547,0.0
32,OASIS_1,LinearSVM,gaussian_blur__moderate,gaussian_blur,moderate,0.47222222222222215,0.0,0.21839799749687114,0.0,0.2329545454545455,0.0
32,OASIS_1,LinearSVM,gaussian_blur__severe,gaussian_blur,severe,0.5277777777777778,0.0,0.24375000000000002,0.0,0.25795454545454544,0.0
32,OASIS_1,LinearSVM,motion__mild,motion,mild,0.25,0.0,0.10975609756097561,0.0,0.20454545454545456,0.0
32,OASIS_1,LinearSVM,motion__moderate,motion,moderate,0.25,0.0,0.10000000000000002,0.0,0.20454545454545456,0.0
32,OASIS_1,LinearSVM,motion__severe,motion,severe,0.3055555555555556,0.0,0.11702127659574468,0.0,0.25,0.0
32,OASIS_1,LinearSVM,rician_noise__mild,rician_noise,mild,0.5277777777777778,0.0,0.17592592592592593,0.0,0.23749999999999996,0.0
32,OASIS_1,LinearSVM,rician_noise__moderate,rician_noise,moderate,0.5555555555555556,0.0,0.17857142857142858,0.0,0.25,0.0
32,OASIS_1,LinearSVM,rician_noise__severe,rician_noise,severe,0.5555555555555556,0.0,0.17857142857142858,0.0,0.25,0.0
32,OASIS_1,LinearSVM,rotation__mild,rotation,mild,0.4166666666666667,0.0,0.18226950354609928,0.0,0.19772727272727272,0.0
32,OASIS_1,LinearSVM,rotation__moderate,rotation,moderate,0.5555555555555556,0.0,0.3528604118993135,0.0,0.3306818181818182,0.0
32,OASIS_1,LinearSVM,rotation__severe,rotation,severe,0.4444444444444444,0.0,0.21464646464646464,0.0,0.22045454545454546,0.0
32,OASIS_1,RandomForest,brightness_contrast__mild,brightness_contrast,mild,0.5370370370370371,0.01603750747748965,0.20896514387080423,0.005210134206755568,0.2518939393939394,0.007216878364870297
32,OASIS_1,RandomForest,brightness_contrast__moderate,brightness_contrast,moderate,0.5370370370370371,0.01603750747748965,0.20877444242224116,0.004881102648602973,0.2518939393939394,0.007216878364870297
32,OASIS_1,RandomForest,brightness_contrast__severe,brightness_contrast,severe,0.5370370370370371,0.016037507477489603,0.216931600893865,0.019755761854708932,0.2553030303030303,0.013121597027036937
32,OASIS_1,RandomForest,clean_test,clean,clean,0.601851851851852,0.016037507477489596,0.24923379090045758,0.02229923825250011,0.2878787878787879,0.013121597027036977
32,OASIS_1,RandomForest,gaussian_blur__mild,gaussian_blur,mild,0.601851851851852,0.016037507477489596,0.24923379090045758,0.02229923825250011,0.2878787878787879,0.013121597027036977
32,OASIS_1,RandomForest,gaussian_blur__moderate,gaussian_blur,moderate,0.6111111111111112,0.0,0.2621082621082621,0.0,0.29545454545454547,0.0
32,OASIS_1,RandomForest,gaussian_blur__severe,gaussian_blur,severe,0.5833333333333334,0.02777777777777779,0.257705622161782,0.00900477015092827,0.28295454545454546,0.012500000000000011
32,OASIS_1,RandomForest,motion__mild,motion,mild,0.5555555555555556,0.0,0.17857142857142858,0.0,0.25,0.0
32,OASIS_1,RandomForest,motion__moderate,motion,moderate,0.5648148148148149,0.016037507477489565,0.19354256854256854,0.02593077507723968,0.25757575757575757,0.013121597027036937
32,OASIS_1,RandomForest,motion__severe,motion,severe,0.5648148148148149,0.016037507477489596,0.19354256854256854,0.02593077507723968,0.25757575757575757,0.013121597027036937
32,OASIS_1,RandomForest,rician_noise__mild,rician_noise,mild,0.5555555555555556,0.0,0.17857142857142858,0.0,0.25,0.0
32,OASIS_1,RandomForest,rician_noise__moderate,rician_noise,moderate,0.5462962962962963,0.016037507477489596,0.177689594356261,0.0015273816645228193,0.24583333333333335,0.007216878364870324
32,OASIS_1,RandomForest,rician_noise__severe,rician_noise,severe,0.5555555555555556,0.0,0.17857142857142858,0.0,0.25,0.0
32,OASIS_1,RandomForest,rotation__mild,rotation,mild,0.601851851851852,0.016037507477489596,0.24923379090045758,0.02229923825250011,0.2878787878787879,0.013121597027036977
32,OASIS_1,RandomForest,rotation__moderate,rotation,moderate,0.5555555555555556,0.0,0.2228395061728395,0.014639365799964853,0.2636363636363636,0.005904718662166641
32,OASIS_1,RandomForest,rotation__severe,rotation,severe,0.5462962962962963,0.016037507477489565,0.21988555353335226,0.017759204178033332,0.25946969696969696,0.011382560000997502
32,OASIS_2,LinearSVM,brightness_contrast__mild,brightness_contrast,mild,0.47826086956521746,0.0,0.28157894736842104,0.0,0.30113636363636365,0.0
32,OASIS_2,LinearSVM,brightness_contrast__moderate,brightness_contrast,moderate,0.34782608695652173,0.0,0.19642857142857142,0.0,0.2329545454545455,0.0
32,OASIS_2,LinearSVM,brightness_contrast__severe,brightness_contrast,severe,0.30434782608695654,0.0,0.1206896551724138,0.0,0.21875,0.0
32,OASIS_2,LinearSVM,clean_test,clean,clean,0.391304347826087,0.0,0.21867007672634267,0.0,0.23011363636363635,0.0
32,OASIS_2,LinearSVM,gaussian_blur__mild,gaussian_blur,mild,0.391304347826087,0.0,0.21867007672634267,0.0,0.23011363636363635,0.0
32,OASIS_2,LinearSVM,gaussian_blur__moderate,gaussian_blur,moderate,0.47826086956521746,0.0,0.24814814814814815,0.0,0.2755681818181818,0.0
32,OASIS_2,LinearSVM,gaussian_blur__severe,gaussian_blur,severe,0.47826086956521746,0.0,0.265,0.0,0.28409090909090906,0.0
32,OASIS_2,LinearSVM,motion__mild,motion,mild,0.34782608695652173,0.0,0.18666666666666665,0.0,0.2329545454545455,0.0
32,OASIS_2,LinearSVM,motion__moderate,motion,moderate,0.30434782608695654,0.0,0.11666666666666665,0.0,0.21875,0.0
32,OASIS_2,LinearSVM,motion__severe,motion,severe,0.34782608695652173,0.0,0.12903225806451613,0.0,0.25,0.0
32,OASIS_2,LinearSVM,rician_noise__mild,rician_noise,mild,0.43478260869565216,0.0,0.24812030075187966,0.0,0.27840909090909094,0.0
32,OASIS_2,LinearSVM,rician_noise__moderate,rician_noise,moderate,0.34782608695652173,0.0,0.13333333333333333,0.0,0.25,0.0
32,OASIS_2,LinearSVM,rician_noise__severe,rician_noise,severe,0.34782608695652173,0.0,0.12903225806451613,0.0,0.25,0.0
32,OASIS_2,LinearSVM,rotation__mild,rotation,mild,0.2608695652173913,0.0,0.17499999999999996,0.0,0.3181818181818182,0.0
32,OASIS_2,LinearSVM,rotation__moderate,rotation,moderate,0.13043478260869565,0.0,0.0787878787878788,0.0,0.18939393939393936,0.0
32,OASIS_2,LinearSVM,rotation__severe,rotation,severe,0.21739130434782608,0.0,0.12857142857142856,0.0,0.17424242424242423,0.0
32,OASIS_2,RandomForest,brightness_contrast__mild,brightness_contrast,mild,0.47826086956521746,0.0,0.16176470588235295,0.0,0.25,0.0
32,OASIS_2,RandomForest,brightness_contrast__moderate,brightness_contrast,moderate,0.47826086956521746,0.0,0.16176470588235295,0.0,0.25,0.0
32,OASIS_2,RandomForest,brightness_contrast__severe,brightness_contrast,severe,0.47826086956521746,0.0,0.16176470588235295,0.0,0.25,0.0
32,OASIS_2,RandomForest,clean_test,clean,clean,0.3768115942028986,0.025102185616940283,0.20318376068376068,0.01830126334065832,0.2196969696969697,0.018042195912175804
32,OASIS_2,RandomForest,gaussian_blur__mild,gaussian_blur,mild,0.36231884057971014,0.025102185616940276,0.1926175213675214,0.01830126334065832,0.209280303030303,0.018042195912175804
32,OASIS_2,RandomForest,gaussian_blur__moderate,gaussian_blur,moderate,0.34782608695652173,0.0,0.18205128205128207,0.0,0.19886363636363635,0.0
32,OASIS_2,RandomForest,gaussian_blur__severe,gaussian_blur,severe,0.36231884057971014,0.025102185616940265,0.1926175213675214,0.018301263340658312,0.209280303030303,0.018042195912175808
32,OASIS_2,RandomForest,motion__mild,motion,mild,0.5072463768115942,0.050204371233880475,0.3124236874236874,0.08205344534803018,0.3311237373737374,0.09622504486493764
32,OASIS_2,RandomForest,motion__moderate,motion,moderate,0.4492753623188406,0.025102185616940283,0.3178552441710336,0.026427356819365633,0.42803030303030304,0.018042195912175808
32,OASIS_2,RandomForest,motion__severe,motion,severe,0.4492753623188406,0.025102185616940265,0.3079365079365079,0.01949564508186632,0.4049873737373737,0.04307758108391911
32,OASIS_2,RandomForest,rician_noise__mild,rician_noise,mild,0.463768115942029,0.025102185616940276,0.20171880091234928,0.008705403619012685,0.2509469696969697,0.013121597027036955
32,OASIS_2,RandomForest,rician_noise__moderate,rician_noise,moderate,0.47826086956521746,0.0,0.16176470588235295,0.0,0.25,0.0
32,OASIS_2,RandomForest,rician_noise__severe,rician_noise,severe,0.47826086956521746,0.0,0.16176470588235295,0.0,0.25,0.0
32,OASIS_2,RandomForest,rotation__mild,rotation,mild,0.4202898550724638,0.025102185616940238,0.2135395468728802,0.010809162548930724,0.23674242424242423,0.013121597027036943
32,OASIS_2,RandomForest,rotation__moderate,rotation,moderate,0.4492753623188406,0.025102185616940265,0.19582722385141738,0.009026388922631055,0.24337121212121215,0.013121597027036958
32,OASIS_2,RandomForest,rotation__severe,rotation,severe,0.47826086956521735,0.04347826086956523,0.17850069320657558,0.03820919281771178,0.2528409090909091,0.027100545494799604
64,OASIS_1,LinearSVM,brightness_contrast__mild,brightness_contrast,mild,0.4166666666666667,0.0,0.21361121968167116,4.4661809957816296e-05,0.2875,0.0
64,OASIS_1,LinearSVM,brightness_contrast__moderate,brightness_contrast,moderate,0.35185185185185186,0.03207501495497921,0.20704650942502603,0.016280326005026033,0.35833333333333334,0.014433756729740649
64,OASIS_1,LinearSVM,brightness_contrast__severe,brightness_contrast,severe,0.12037037037037036,0.016037507477489613,0.06035211412785783,0.01337235919423062,0.25416666666666665,0.0072168783648703366
64,OASIS_1,LinearSVM,clean_test,clean,clean,0.5,0.0,0.2815656565656566,0.0,0.29545454545454547,0.0
64,OASIS_1,LinearSVM,gaussian_blur__mild,gaussian_blur,mild,0.5,0.0,0.28104575163398693,0.0,0.29545454545454547,0.0
64,OASIS_1,LinearSVM,gaussian_blur__moderate,gaussian_blur,moderate,0.5277777777777778,0.0,0.2572463768115942,0.0,0.2681818181818182,0.0
64,OASIS_1,LinearSVM,gaussian_blur__severe,gaussian_blur,severe,0.5277777777777778,0.0,0.21700680272108844,0.0,0.2477272727272727,0.0
64,OASIS_1,LinearSVM,motion__mild,motion,mild,0.25,0.0,0.10975609756097561,0.0,0.20454545454545456,0.0
64,OASIS_1,LinearSVM,motion__moderate,motion,moderate,0.2777777777777778,0.0,0.11627906976744186,0.0,0.22727272727272727,0.0
64,OASIS_1,LinearSVM,motion__severe,motion,severe,0.2777777777777778,0.0,0.1111111111111111,0.0,0.22727272727272727,0.0
64,OASIS_1,LinearSVM,rician_noise__mild,rician_noise,mild,0.39814814814814814,0.01603750747748962,0.2272751322751323,0.0076521821392593215,0.37916666666666665,0.0072168783648703366
64,OASIS_1,LinearSVM,rician_noise__moderate,rician_noise,moderate,0.1111111111111111,0.0,0.05087719298245614,0.0015193428136569076,0.25,0.0
64,OASIS_1,LinearSVM,rician_noise__severe,rician_noise,severe,0.1111111111111111,0.0,0.05000000000000001,0.0,0.25,0.0
64,OASIS_1,LinearSVM,rotation__mild,rotation,mild,0.5,0.0,0.2810990338164251,0.0,0.29545454545454547,0.0
64,OASIS_1,LinearSVM,rotation__moderate,rotation,moderate,0.5277777777777778,0.0,0.3214285714285714,0.0,0.3181818181818182,0.0
64,OASIS_1,LinearSVM,rotation__severe,rotation,severe,0.4444444444444444,0.0,0.2191558441558442,0.0,0.23068181818181818,0.0
64,OASIS_1,RandomForest,brightness_contrast__mild,brightness_contrast,mild,0.5277777777777778,0.0,0.20641025641025643,0.0,0.2477272727272727,0.0
64,OASIS_1,RandomForest,brightness_contrast__moderate,brightness_contrast,moderate,0.5277777777777778,0.0,0.20611537309650516,0.0005107528817214131,0.2477272727272727,0.0
64,OASIS_1,RandomForest,brightness_contrast__severe,brightness_contrast,severe,0.5370370370370371,0.016037507477489603,0.216931600893865,0.019755761854708932,0.2553030303030303,0.013121597027036937
64,OASIS_1,RandomForest,clean_test,clean,clean,0.601851851851852,0.016037507477489596,0.24856697576823364,0.021744775860910063,0.2878787878787879,0.013121597027036977
64,OASIS_1,RandomForest,gaussian_blur__mild,gaussian_blur,mild,0.601851851851852,0.016037507477489596,0.25719168439294227,0.006856672319969246,0.2912878787878788,0.0072168783648703366
64,OASIS_1,RandomForest,gaussian_blur__moderate,gaussian_blur,moderate,0.601851851851852,0.016037507477489565,0.26177517451102356,0.006628814255935235,0.2912878787878788,0.007216878364870353
64,OASIS_1,RandomForest,gaussian_blur__severe,gaussian_blur,severe,0.5370370370370371,0.01603750747748965,0.23225023342670403,0.018262152472879344,0.2587121212121212,0.011382560000997478
64,OASIS_1,RandomForest,motion__mild,motion,mild,0.5648148148148149,0.016037507477489613,0.19354256854256854,0.02593077507723968,0.25757575757575757,0.013121597027036937
64,OASIS_1,RandomForest,motion__moderate,motion,moderate,0.5740740740740741,0.016037507477489596,0.2085137085137085,0.02593077507723968,0.26515151515151514,0.013121597027036937
64,OASIS_1,RandomForest,motion__severe,motion,severe,0.5555555555555556,0.0,0.17857142857142858,0.0,0.25,0.0
64,OASIS_1,RandomForest,rician_noise__mild,rician_noise,mild,0.5555555555555556,0.0,0.17857142857142858,0.0,0.25,0.0
64,OASIS_1,RandomForest,rician_noise__moderate,rician_noise,moderate,0.5555555555555556,0.0,0.17857142857142858,0.0,0.25,0.0
64,OASIS_1,RandomForest,rician_noise__severe,rician_noise,severe,0.5555555555555556,0.0,0.17857142857142858,0.0,0.25,0.0
64,OASIS_1,RandomForest,rotation__mild,rotation,mild,0.5648148148148149,0.016037507477489613,0.23493496952616447,0.018614984480056242,0.2712121212121212,0.01138256000099752
64,OASIS_1,RandomForest,rotation__moderate,rotation,moderate,0.5555555555555556,0.027777777777777762,0.23198101688667724,0.023553858004576607,0.26704545454545453,0.017859356415342875
64,OASIS_1,RandomForest,rotation__severe,rotation,severe,0.5648148148148149,0.016037507477489596,0.2433870113115396,0.006310591269081443,0.2746212121212121,0.0072168783648703366
64,OASIS_2,LinearSVM,brightness_contrast__mild,brightness_contrast,mild,0.5217391304347826,0.0,0.2982456140350877,0.0,0.33238636363636365,0.0
64,OASIS_2,LinearSVM,brightness_contrast__moderate,brightness_contrast,moderate,0.47826086956521746,0.0,0.26,0.0,0.3181818181818182,0.0
64,OASIS_2,LinearSVM,brightness_contrast__severe,brightness_contrast,severe,0.34782608695652173,0.0,0.13333333333333333,0.0,0.25,0.0
64,OASIS_2,LinearSVM,clean_test,clean,clean,0.47826086956521746,0.0,0.27525252525252525,0.0,0.29261363636363635,0.0
64,OASIS_2,LinearSVM,gaussian_blur__mild,gaussian_blur,mild,0.5217391304347826,0.0,0.30842391304347827,0.0,0.31534090909090906,0.0
64,OASIS_2,LinearSVM,gaussian_blur__moderate,gaussian_blur,moderate,0.43478260869565216,0.0,0.25538461538461543,0.0,0.25284090909090906,0.0
64,OASIS_2,LinearSVM,gaussian_blur__severe,gaussian_blur,severe,0.47826086956521746,0.0,0.2791666666666667,0.0,0.28409090909090906,0.0
64,OASIS_2,LinearSVM,motion__mild,motion,mild,0.391304347826087,0.0,0.21142857142857144,0.0,0.26420454545454547,0.0
64,OASIS_2,LinearSVM,motion__moderate,motion,moderate,0.30434782608695654,0.0,0.11666666666666665,0.0,0.21875,0.0
64,OASIS_2,LinearSVM,motion__severe,motion,severe,0.34782608695652173,0.0,0.12903225806451613,0.0,0.25,0.0
64,OASIS_2,LinearSVM,rician_noise__mild,rician_noise,mild,0.391304347826087,0.0,0.21969696969696964,0.0,0.2556818181818182,0.0
64,OASIS_2,LinearSVM,rician_noise__moderate,rician_noise,moderate,0.34782608695652173,0.0,0.12903225806451613,0.0,0.25,0.0
64,OASIS_2,LinearSVM,rician_noise__severe,rician_noise,severe,0.391304347826087,0.0,0.3833333333333333,0.0,0.5,0.0
64,OASIS_2,LinearSVM,rotation__mild,rotation,mild,0.21739130434782608,0.0,0.14375,0.0,0.23484848484848483,0.0
64,OASIS_2,LinearSVM,rotation__moderate,rotation,moderate,0.17391304347826086,0.0,0.10000000000000002,0.0,0.0909090909090909,0.0
64,OASIS_2,LinearSVM,rotation__severe,rotation,severe,0.21739130434782608,0.0,0.12662337662337664,0.0,0.17424242424242423,0.0
64,OASIS_2,RandomForest,brightness_contrast__mild,brightness_contrast,mild,0.47826086956521746,0.0,0.16176470588235295,0.0,0.25,0.0
64,OASIS_2,RandomForest,brightness_contrast__moderate,brightness_contrast,moderate,0.47826086956521746,0.0,0.16176470588235295,0.0,0.25,0.0
64,OASIS_2,RandomForest,brightness_contrast__severe,brightness_contrast,severe,0.47826086956521746,0.0,0.16176470588235295,0.0,0.25,0.0
64,OASIS_2,RandomForest,clean_test,clean,clean,0.4057971014492754,0.025102185616940224,0.21576007326007327,0.0034815490133824926,0.23484848484848486,0.008200998141898105
64,OASIS_2,RandomForest,gaussian_blur__mild,gaussian_blur,mild,0.391304347826087,0.0,0.21375,0.0,0.23011363636363635,0.0
64,OASIS_2,RandomForest,gaussian_blur__moderate,gaussian_blur,moderate,0.391304347826087,0.0,0.21375,0.0,0.23011363636363635,0.0
64,OASIS_2,RandomForest,gaussian_blur__severe,gaussian_blur,severe,0.4202898550724638,0.025102185616940238,0.23609927062612482,0.01544384191585819,0.25094696969696967,0.018042195912175808
64,OASIS_2,RandomForest,motion__mild,motion,mild,0.4492753623188406,0.02510218561694026,0.24699633699633702,0.012118011144529504,0.2604166666666667,0.013121597027036974
64,OASIS_2,RandomForest,motion__moderate,motion,moderate,0.5507246376811594,0.05020437123388052,0.36887445887445885,0.05304248026987461,0.4059343434343434,0.05737052653423021
64,OASIS_2,RandomForest,motion__severe,motion,severe,0.4492753623188406,0.06641414050660635,0.28019448546622455,0.06625344288543199,0.2951388888888889,0.0644032227414098
64,OASIS_2,RandomForest,rician_noise__mild,rician_noise,mild,0.463768115942029,0.025102185616940276,0.20171880091234928,0.008705403619012685,0.2509469696969697,0.013121597027036955
64,OASIS_2,RandomForest,rician_noise__moderate,rician_noise,moderate,0.47826086956521746,0.0,0.16176470588235295,0.0,0.25,0.0
64,OASIS_2,RandomForest,rician_noise__severe,rician_noise,severe,0.47826086956521746,0.0,0.16176470588235295,0.0,0.25,0.0
64,OASIS_2,RandomForest,rotation__mild,rotation,mild,0.391304347826087,0.0,0.19642857142857142,0.0,0.2215909090909091,0.0
64,OASIS_2,RandomForest,rotation__moderate,rotation,moderate,0.43478260869565216,0.0,0.20677468619626574,0.013993974958927744,0.24147727272727273,0.004920598885138848
64,OASIS_2,RandomForest,rotation__severe,rotation,severe,0.49275362318840576,0.025102185616940224,0.21173903008580428,0.009082081898984094,0.26609848484848486,0.013121597027036937
128,OASIS_1,LinearSVM,brightness_contrast__mild,brightness_contrast,mild,0.1111111111111111,0.0,0.05000000000000001,0.0,0.25,0.0
128,OASIS_1,LinearSVM,brightness_contrast__moderate,brightness_contrast,moderate,0.1111111111111111,0.0,0.05000000000000001,0.0,0.25,0.0
128,OASIS_1,LinearSVM,brightness_contrast__severe,brightness_contrast,severe,0.1111111111111111,0.0,0.05000000000000001,0.0,0.25,0.0
128,OASIS_1,LinearSVM,clean_test,clean,clean,0.5833333333333334,0.0,0.3861111111111111,0.0,0.39318181818181824,0.0
128,OASIS_1,LinearSVM,gaussian_blur__mild,gaussian_blur,mild,0.5555555555555556,0.0,0.34752415458937197,0.0,0.3704545454545454,0.0
128,OASIS_1,LinearSVM,gaussian_blur__moderate,gaussian_blur,moderate,0.47222222222222215,0.0,0.22186700767263426,0.0,0.2329545454545455,0.0
128,OASIS_1,LinearSVM,gaussian_blur__severe,gaussian_blur,severe,0.5,0.0,0.22903629536921147,0.0,0.24545454545454548,0.0
128,OASIS_1,LinearSVM,motion__mild,motion,mild,0.25,0.0,0.14553571428571427,0.0,0.2443181818181818,0.0
128,OASIS_1,LinearSVM,motion__moderate,motion,moderate,0.2777777777777778,0.0,0.15833333333333333,0.0,0.2670454545454546,0.0
128,OASIS_1,LinearSVM,motion__severe,motion,severe,0.2777777777777778,0.0,0.15833333333333333,0.0,0.2670454545454546,0.0
128,OASIS_1,LinearSVM,rician_noise__mild,rician_noise,mild,0.1111111111111111,0.0,0.05000000000000001,0.0,0.25,0.0
128,OASIS_1,LinearSVM,rician_noise__moderate,rician_noise,moderate,0.1111111111111111,0.0,0.05000000000000001,0.0,0.25,0.0
128,OASIS_1,LinearSVM,rician_noise__severe,rician_noise,severe,0.1111111111111111,0.0,0.05000000000000001,0.0,0.25,0.0
128,OASIS_1,LinearSVM,rotation__mild,rotation,mild,0.5555555555555556,0.0,0.35163996948893966,0.0,0.340909090909091,0.0
128,OASIS_1,LinearSVM,rotation__moderate,rotation,moderate,0.5,0.0,0.3013888888888889,0.0,0.30568181818181817,0.0
128,OASIS_1,LinearSVM,rotation__severe,rotation,severe,0.5,0.0,0.2543290043290043,0.0,0.2659090909090909,0.0
128,OASIS_1,RandomForest,brightness_contrast__mild,brightness_contrast,mild,0.5370370370370371,0.04243125643477635,0.20932454890788224,0.013110254902957967,0.2518939393939394,0.019094065395649323
128,OASIS_1,RandomForest,brightness_contrast__moderate,brightness_contrast,moderate,0.5277777777777778,0.0,0.20728381096028156,0.0007565204319132673,0.2477272727272727,0.0
128,OASIS_1,RandomForest,brightness_contrast__severe,brightness_contrast,severe,0.5462962962962963,0.016037507477489565,0.22833759531872735,0.019755761854708932,0.2628787878787879,0.013121597027036937
128,OASIS_1,RandomForest,clean_test,clean,clean,0.5833333333333334,0.0,0.22359276525943192,9.345866828373668e-05,0.2727272727272727,0.0
128,OASIS_1,RandomForest,gaussian_blur__mild,gaussian_blur,mild,0.5925925925925927,0.01603750747748965,0.2553454715219421,0.007484122425512079,0.2871212121212121,0.007216878364870309
128,OASIS_1,RandomForest,gaussian_blur__moderate,gaussian_blur,moderate,0.5462962962962963,0.016037507477489613,0.24293650793650792,0.006038740233326518,0.2662878787878788,0.007216878364870329
128,OASIS_1,RandomForest,gaussian_blur__severe,gaussian_blur,severe,0.5462962962962963,0.016037507477489596,0.28636621315192745,0.04364493106373959,0.2996212121212121,0.036084391824351615
128,OASIS_1,RandomForest,motion__mild,motion,mild,0.5648148148148149,0.016037507477489613,0.19354256854256854,0.02593077507723968,0.25757575757575757,0.013121597027036937
128,OASIS_1,RandomForest,motion__moderate,motion,moderate,0.5648148148148149,0.016037507477489565,0.19354256854256854,0.02593077507723968,0.25757575757575757,0.013121597027036937
128,OASIS_1,RandomForest,motion__severe,motion,severe,0.5555555555555556,0.0,0.17857142857142858,0.0,0.25,0.0
128,OASIS_1,RandomForest,rician_noise__mild,rician_noise,mild,0.5555555555555556,0.0,0.17857142857142858,0.0,0.25,0.0
128,OASIS_1,RandomForest,rician_noise__moderate,rician_noise,moderate,0.5555555555555556,0.0,0.17857142857142858,0.0,0.25,0.0
128,OASIS_1,RandomForest,rician_noise__severe,rician_noise,severe,0.5555555555555556,0.0,0.17857142857142858,0.0,0.25,0.0
128,OASIS_1,RandomForest,rotation__mild,rotation,mild,0.5462962962962963,0.016037507477489613,0.21143351174797717,0.005116396054744079,0.25606060606060604,0.007216878364870297
128,OASIS_1,RandomForest,rotation__moderate,rotation,moderate,0.5555555555555556,0.0,0.2143874643874644,0.0,0.2602272727272727,0.0
128,OASIS_1,RandomForest,rotation__severe,rotation,severe,0.5555555555555556,0.02777777777777779,0.22352897510130212,0.023922092038093354,0.2636363636363636,0.01785935641534286
128,OASIS_2,LinearSVM,brightness_contrast__mild,brightness_contrast,mild,0.47826086956521746,0.0,0.2777777777777778,0.0,0.30965909090909094,0.0
128,OASIS_2,LinearSVM,brightness_contrast__moderate,brightness_contrast,moderate,0.43478260869565216,0.0,0.2346153846153846,0.0,0.2869318181818182,0.0
128,OASIS_2,LinearSVM,brightness_contrast__severe,brightness_contrast,severe,0.34782608695652173,0.0,0.13333333333333333,0.0,0.25,0.0
128,OASIS_2,LinearSVM,clean_test,clean,clean,0.391304347826087,0.0,0.23128342245989306,0.0,0.23863636363636365,0.0
128,OASIS_2,LinearSVM,gaussian_blur__mild,gaussian_blur,mild,0.43478260869565216,0.0,0.263768115942029,0.0,0.26136363636363635,0.0
128,OASIS_2,LinearSVM,gaussian_blur__moderate,gaussian_blur,moderate,0.391304347826087,0.0,0.23214285714285712,0.0,0.23011363636363635,0.0
128,OASIS_2,LinearSVM,gaussian_blur__severe,gaussian_blur,severe,0.391304347826087,0.0,0.225,0.0,0.23011363636363635,0.0
128,OASIS_2,LinearSVM,motion__mild,motion,mild,0.43478260869565216,0.0,0.21957671957671956,0.0,0.29545454545454547,0.0
128,OASIS_2,LinearSVM,motion__moderate,motion,moderate,0.34782608695652173,0.0,0.12903225806451613,0.0,0.25,0.0
128,OASIS_2,LinearSVM,motion__severe,motion,severe,0.34782608695652173,0.0,0.12903225806451613,0.0,0.25,0.0
128,OASIS_2,LinearSVM,rician_noise__mild,rician_noise,mild,0.5217391304347826,0.0,0.29292929292929293,0.0,0.340909090909091,0.0
128,OASIS_2,LinearSVM,rician_noise__moderate,rician_noise,moderate,0.34782608695652173,0.0,0.12903225806451613,0.0,0.25,0.0
128,OASIS_2,LinearSVM,rician_noise__severe,rician_noise,severe,0.391304347826087,0.0,0.3833333333333333,0.0,0.5,0.0
128,OASIS_2,LinearSVM,rotation__mild,rotation,mild,0.30434782608695654,0.0,0.22790346907993966,0.0,0.23674242424242423,0.0
128,OASIS_2,LinearSVM,rotation__moderate,rotation,moderate,0.17391304347826086,0.0,0.09523809523809523,0.0,0.0909090909090909,0.0
128,OASIS_2,LinearSVM,rotation__severe,rotation,severe,0.21739130434782608,0.0,0.1286231884057971,0.0,0.1221590909090909,0.0
128,OASIS_2,RandomForest,brightness_contrast__mild,brightness_contrast,mild,0.47826086956521735,0.04347826086956522,0.20332152166829587,0.050405973270497804,0.2585227272727273,0.031250000000000014
128,OASIS_2,RandomForest,brightness_contrast__moderate,brightness_contrast,moderate,0.47826086956521746,0.0,0.20624999999999996,0.0,0.2585227272727273,0.0
128,OASIS_2,RandomForest,brightness_contrast__severe,brightness_contrast,severe,0.4057971014492754,0.025102185616940238,0.1442550505050505,0.006287431908788543,0.21212121212121213,0.013121597027036937
128,OASIS_2,RandomForest,clean_test,clean,clean,0.4202898550724638,0.025102185616940224,0.2136374374880122,0.016633934831670083,0.23958333333333334,0.016154092906469665
128,OASIS_2,RandomForest,gaussian_blur__mild,gaussian_blur,mild,0.391304347826087,0.0,0.2091346153846154,0.0,0.23011363636363635,0.0
128,OASIS_2,RandomForest,gaussian_blur__moderate,gaussian_blur,moderate,0.36231884057971014,0.025102185616940276,0.22349386724386724,0.047954725381605154,0.23516414141414144,0.0481125224324688
128,OASIS_2,RandomForest,gaussian_blur__severe,gaussian_blur,severe,0.3768115942028986,0.025102185616940265,0.24176372303307284,0.03277109501502065,0.25126262626262624,0.04307758108391914
128,OASIS_2,RandomForest,motion__mild,motion,mild,0.463768115942029,0.025102185616940276,0.2382847038019452,0.020291488240749445,0.26515151515151514,0.018042195912175808
128,OASIS_2,RandomForest,motion__moderate,motion,moderate,0.4492753623188406,0.02510218561694026,0.22101385204833482,0.010668983754255686,0.2518939393939394,0.01312159702703697
128,OASIS_2,RandomForest,motion__severe,motion,severe,0.49275362318840576,0.025102185616940238,0.22099828934506352,0.02511743695677477,0.268939393939394,0.018042195912175808
128,OASIS_2,RandomForest,rician_noise__mild,rician_noise,mild,0.5652173913043478,0.0,0.2877984084880637,0.0,0.3210227272727273,0.0
128,OASIS_2,RandomForest,rician_noise__moderate,rician_noise,moderate,0.47826086956521746,0.0,0.16176470588235295,0.0,0.25,0.0
128,OASIS_2,RandomForest,rician_noise__severe,rician_noise,severe,0.47826086956521746,0.0,0.16176470588235295,0.0,0.25,0.0
128,OASIS_2,RandomForest,rotation__mild,rotation,mild,0.43478260869565216,0.0,0.21485411140583555,0.0,0.2443181818181818,0.0
128,OASIS_2,RandomForest,rotation__moderate,rotation,moderate,0.47826086956521735,0.043478260869565195,0.23272914824638966,0.017580732379022742,0.2670454545454546,0.022727272727272714
128,OASIS_2,RandomForest,rotation__severe,rotation,severe,0.47826086956521746,0.0,0.20674486803519057,0.0,0.2585227272727273,0.0
