resolution,dataset,model,clean_accuracy_mean,clean_accuracy_sd,clean_macro_f1_mean,clean_macro_f1_sd,clean_balanced_accuracy_mean,clean_balanced_accuracy_sd
32,OASIS_1,LinearSVM,0.47222222222222215,0.0,0.29444444444444445,0.0,0.28295454545454546,0.0
32,OASIS_1,RandomForest,0.601851851851852,0.016037507477489596,0.24923379090045758,0.02229923825250011,0.2878787878787879,0.013121597027036977
32,OASIS_2,LinearSVM,0.391304347826087,0.0,0.21867007672634267,0.0,0.23011363636363635,0.0
32,OASIS_2,RandomForest,0.3768115942028986,0.025102185616940283,0.20318376068376068,0.01830126334065832,0.2196969696969697,0.018042195912175804
64,OASIS_1,LinearSVM,0.5,0.0,0.2815656565656566,0.0,0.29545454545454547,0.0
64,OASIS_1,RandomForest,0.601851851851852,0.016037507477489596,0.24856697576823364,0.021744775860910063,0.2878787878787879,0.013121597027036977
64,OASIS_2,LinearSVM,0.47826086956521746,0.0,0.27525252525252525,0.0,0.29261363636363635,0.0
64,OASIS_2,RandomForest,0.4057971014492754,0.025102185616940224,0.21576007326007327,0.0034815490133824926,0.23484848484848486,0.008200998141898105
128,OASIS_1,LinearSVM,0.5833333333333334,0.0,0.3861111111111111,0.0,0.39318181818181824,0.0
128,OASIS_1,RandomForest,0.5833333333333334,0.0,0.22359276525943192,9.345866828373668e-05,0.2727272727272727,0.0
128,OASIS_2,LinearSVM,0.391304347826087,0.0,0.23128342245989306,0.0,0.23863636363636365,0.0
128,OASIS_2,RandomForest,0.4202898550724638,0.025102185616940224,0.2136374374880122,0.016633934831670083,0.23958333333333334,0.016154092906469665
