resolution,model,seed,CD_DRI,datasets_included
32,LinearSVM,13,93.26797385620915,2
32,LinearSVM,47,93.26797385620915,2
32,LinearSVM,101,93.26797385620915,2
32,RandomForest,13,109.96212121212122,2
32,RandomForest,47,103.03030303030303,2
32,RandomForest,101,105.34391534391534,2
64,LinearSVM,13,74.15824915824915,2
64,LinearSVM,47,74.15824915824915,2
64,LinearSVM,101,74.8989898989899,2
64,RandomForest,13,102.79461279461279,2
64,RandomForest,47,105.3198653198653,2
64,RandomForest,101,99.7936507936508,2
128,LinearSVM,13,73.43915343915343,2
128,LinearSVM,47,73.43915343915343,2
128,LinearSVM,101,73.43915343915343,2
128,RandomForest,13,99.93650793650794,2
128,RandomForest,47,99.98412698412699,2
128,RandomForest,101,104.86772486772486,2
