resolution,dataset,model,seed,condition,distortion,severity,n_subjects,accuracy,macro_f1,weighted_f1,balanced_accuracy
32,OASIS_1,LinearSVM,13,brightness_contrast__mild,brightness_contrast,mild,36,0.4722222222222222,0.16666666666666666,0.37037037037037035,0.2125
32,OASIS_1,LinearSVM,13,brightness_contrast__moderate,brightness_contrast,moderate,36,0.5277777777777778,0.17272727272727273,0.38383838383838387,0.2375
32,OASIS_1,LinearSVM,13,brightness_contrast__severe,brightness_contrast,severe,36,0.5555555555555556,0.17857142857142858,0.39682539682539686,0.25
32,OASIS_1,LinearSVM,13,clean_test,clean,clean,36,0.4722222222222222,0.29444444444444445,0.4506172839506173,0.28295454545454546
32,OASIS_1,LinearSVM,13,gaussian_blur__mild,gaussian_blur,mild,36,0.5,0.3052003410059676,0.4712513024533485,0.29545454545454547
32,OASIS_1,LinearSVM,13,gaussian_blur__moderate,gaussian_blur,moderate,36,0.4722222222222222,0.2183979974968711,0.42650535391461547,0.23295454545454547
32,OASIS_1,LinearSVM,13,gaussian_blur__severe,gaussian_blur,severe,36,0.5277777777777778,0.24375000000000002,0.47500000000000003,0.25795454545454544
32,OASIS_1,LinearSVM,13,motion__mild,motion,mild,36,0.25,0.10975609756097561,0.13414634146341464,0.20454545454545456
32,OASIS_1,LinearSVM,13,motion__moderate,motion,moderate,36,0.25,0.1,0.12222222222222223,0.20454545454545456
32,OASIS_1,LinearSVM,13,motion__severe,motion,severe,36,0.3055555555555556,0.11702127659574468,0.14302600472813237,0.25
32,OASIS_1,LinearSVM,13,rician_noise__mild,rician_noise,mild,36,0.5277777777777778,0.17592592592592593,0.39094650205761317,0.2375
32,OASIS_1,LinearSVM,13,rician_noise__moderate,rician_noise,moderate,36,0.5555555555555556,0.17857142857142858,0.39682539682539686,0.25
32,OASIS_1,LinearSVM,13,rician_noise__severe,rician_noise,severe,36,0.5555555555555556,0.17857142857142858,0.39682539682539686,0.25
32,OASIS_1,LinearSVM,13,rotation__mild,rotation,mild,36,0.4166666666666667,0.18226950354609928,0.3717100078802206,0.19772727272727272
32,OASIS_1,LinearSVM,13,rotation__moderate,rotation,moderate,36,0.5555555555555556,0.3528604118993135,0.5274091024663108,0.3306818181818182
32,OASIS_1,LinearSVM,13,rotation__severe,rotation,severe,36,0.4444444444444444,0.21464646464646464,0.42143658810325474,0.22045454545454546
32,OASIS_1,LinearSVM,47,brightness_contrast__mild,brightness_contrast,mild,36,0.4722222222222222,0.16666666666666666,0.37037037037037035,0.2125
32,OASIS_1,LinearSVM,47,brightness_contrast__moderate,brightness_contrast,moderate,36,0.5277777777777778,0.17272727272727273,0.38383838383838387,0.2375
32,OASIS_1,LinearSVM,47,brightness_contrast__severe,brightness_contrast,severe,36,0.5555555555555556,0.17857142857142858,0.39682539682539686,0.25
32,OASIS_1,LinearSVM,47,clean_test,clean,clean,36,0.4722222222222222,0.29444444444444445,0.4506172839506173,0.28295454545454546
32,OASIS_1,LinearSVM,47,gaussian_blur__mild,gaussian_blur,mild,36,0.5,0.3052003410059676,0.4712513024533485,0.29545454545454547
32,OASIS_1,LinearSVM,47,gaussian_blur__moderate,gaussian_blur,moderate,36,0.4722222222222222,0.2183979974968711,0.42650535391461547,0.23295454545454547
32,OASIS_1,LinearSVM,47,gaussian_blur__severe,gaussian_blur,severe,36,0.5277777777777778,0.24375000000000002,0.47500000000000003,0.25795454545454544
32,OASIS_1,LinearSVM,47,motion__mild,motion,mild,36,0.25,0.10975609756097561,0.13414634146341464,0.20454545454545456
32,OASIS_1,LinearSVM,47,motion__moderate,motion,moderate,36,0.25,0.1,0.12222222222222223,0.20454545454545456
32,OASIS_1,LinearSVM,47,motion__severe,motion,severe,36,0.3055555555555556,0.11702127659574468,0.14302600472813237,0.25
32,OASIS_1,LinearSVM,47,rician_noise__mild,rician_noise,mild,36,0.5277777777777778,0.17592592592592593,0.39094650205761317,0.2375
32,OASIS_1,LinearSVM,47,rician_noise__moderate,rician_noise,moderate,36,0.5555555555555556,0.17857142857142858,0.39682539682539686,0.25
32,OASIS_1,LinearSVM,47,rician_noise__severe,rician_noise,severe,36,0.5555555555555556,0.17857142857142858,0.39682539682539686,0.25
32,OASIS_1,LinearSVM,47,rotation__mild,rotation,mild,36,0.4166666666666667,0.18226950354609928,0.3717100078802206,0.19772727272727272
32,OASIS_1,LinearSVM,47,rotation__moderate,rotation,moderate,36,0.5555555555555556,0.3528604118993135,0.5274091024663108,0.3306818181818182
32,OASIS_1,LinearSVM,47,rotation__severe,rotation,severe,36,0.4444444444444444,0.21464646464646464,0.42143658810325474,0.22045454545454546
32,OASIS_1,LinearSVM,101,brightness_contrast__mild,brightness_contrast,mild,36,0.4722222222222222,0.16666666666666666,0.37037037037037035,0.2125
32,OASIS_1,LinearSVM,101,brightness_contrast__moderate,brightness_contrast,moderate,36,0.5277777777777778,0.17272727272727273,0.38383838383838387,0.2375
32,OASIS_1,LinearSVM,101,brightness_contrast__severe,brightness_contrast,severe,36,0.5555555555555556,0.17857142857142858,0.39682539682539686,0.25
32,OASIS_1,LinearSVM,101,clean_test,clean,clean,36,0.4722222222222222,0.29444444444444445,0.4506172839506173,0.28295454545454546
32,OASIS_1,LinearSVM,101,gaussian_blur__mild,gaussian_blur,mild,36,0.5,0.3052003410059676,0.4712513024533485,0.29545454545454547
32,OASIS_1,LinearSVM,101,gaussian_blur__moderate,gaussian_blur,moderate,36,0.4722222222222222,0.2183979974968711,0.42650535391461547,0.23295454545454547
32,OASIS_1,LinearSVM,101,gaussian_blur__severe,gaussian_blur,severe,36,0.5277777777777778,0.24375000000000002,0.47500000000000003,0.25795454545454544
32,OASIS_1,LinearSVM,101,motion__mild,motion,mild,36,0.25,0.10975609756097561,0.13414634146341464,0.20454545454545456
32,OASIS_1,LinearSVM,101,motion__moderate,motion,moderate,36,0.25,0.1,0.12222222222222223,0.20454545454545456
32,OASIS_1,LinearSVM,101,motion__severe,motion,severe,36,0.3055555555555556,0.11702127659574468,0.14302600472813237,0.25
32,OASIS_1,LinearSVM,101,rician_noise__mild,rician_noise,mild,36,0.5277777777777778,0.17592592592592593,0.39094650205761317,0.2375
32,OASIS_1,LinearSVM,101,rician_noise__moderate,rician_noise,moderate,36,0.5555555555555556,0.17857142857142858,0.39682539682539686,0.25
32,OASIS_1,LinearSVM,101,rician_noise__severe,rician_noise,severe,36,0.5555555555555556,0.17857142857142858,0.39682539682539686,0.25
32,OASIS_1,LinearSVM,101,rotation__mild,rotation,mild,36,0.4166666666666667,0.18226950354609928,0.3717100078802206,0.19772727272727272
32,OASIS_1,LinearSVM,101,rotation__moderate,rotation,moderate,36,0.5555555555555556,0.3528604118993135,0.5274091024663108,0.3306818181818182
32,OASIS_1,LinearSVM,101,rotation__severe,rotation,severe,36,0.4444444444444444,0.21464646464646464,0.42143658810325474,0.22045454545454546
32,OASIS_1,RandomForest,13,brightness_contrast__mild,brightness_contrast,mild,36,0.5555555555555556,0.21495956873315364,0.44197364480383344,0.2602272727272727
32,OASIS_1,RandomForest,13,brightness_contrast__moderate,brightness_contrast,moderate,36,0.5555555555555556,0.2143874643874644,0.4379550490661602,0.2602272727272727
32,OASIS_1,RandomForest,13,brightness_contrast__severe,brightness_contrast,severe,36,0.5277777777777778,0.2055256064690027,0.42100928421683137,0.24772727272727274
32,OASIS_1,RandomForest,13,clean_test,clean,clean,36,0.6111111111111112,0.2621082621082621,0.5055397277619499,0.29545454545454547
32,OASIS_1,RandomForest,13,gaussian_blur__mild,gaussian_blur,mild,36,0.6111111111111112,0.2621082621082621,0.5055397277619499,0.29545454545454547
32,OASIS_1,RandomForest,13,gaussian_blur__moderate,gaussian_blur,moderate,36,0.6111111111111112,0.2621082621082621,0.5055397277619499,0.29545454545454547
32,OASIS_1,RandomForest,13,gaussian_blur__severe,gaussian_blur,severe,36,0.5555555555555556,0.24789915966386555,0.4794584500466854,0.27045454545454545
32,OASIS_1,RandomForest,13,motion__mild,motion,mild,36,0.5555555555555556,0.17857142857142858,0.39682539682539686,0.25
32,OASIS_1,RandomForest,13,motion__moderate,motion,moderate,36,0.5833333333333334,0.22348484848484848,0.45496632996632996,0.2727272727272727
32,OASIS_1,RandomForest,13,motion__severe,motion,severe,36,0.5555555555555556,0.17857142857142858,0.39682539682539686,0.25
32,OASIS_1,RandomForest,13,rician_noise__mild,rician_noise,mild,36,0.5555555555555556,0.17857142857142858,0.39682539682539686,0.25
32,OASIS_1,RandomForest,13,rician_noise__moderate,rician_noise,moderate,36,0.5555555555555556,0.17857142857142858,0.39682539682539686,0.25
32,OASIS_1,RandomForest,13,rician_noise__severe,rician_noise,severe,36,0.5555555555555556,0.17857142857142858,0.39682539682539686,0.25
32,OASIS_1,RandomForest,13,rotation__mild,rotation,mild,36,0.6111111111111112,0.2621082621082621,0.5055397277619499,0.29545454545454547
32,OASIS_1,RandomForest,13,rotation__moderate,rotation,moderate,36,0.5555555555555556,0.2143874643874644,0.4379550490661602,0.2602272727272727
32,OASIS_1,RandomForest,13,rotation__severe,rotation,severe,36,0.5277777777777778,0.2055256064690027,0.42100928421683137,0.24772727272727274
32,OASIS_1,RandomForest,47,brightness_contrast__mild,brightness_contrast,mild,36,0.5277777777777778,0.2055256064690027,0.42100928421683137,0.24772727272727274
32,OASIS_1,RandomForest,47,brightness_contrast__moderate,brightness_contrast,moderate,36,0.5277777777777778,0.2055256064690027,0.42100928421683137,0.24772727272727274
32,OASIS_1,RandomForest,47,brightness_contrast__severe,brightness_contrast,severe,36,0.5555555555555556,0.23974358974358972,0.4660968660968661,0.27045454545454545
32,OASIS_1,RandomForest,47,clean_test,clean,clean,36,0.6111111111111112,0.2621082621082621,0.5055397277619499,0.29545454545454547
32,OASIS_1,RandomForest,47,gaussian_blur__mild,gaussian_blur,mild,36,0.6111111111111112,0.2621082621082621,0.5055397277619499,0.29545454545454547
32,OASIS_1,RandomForest,47,gaussian_blur__moderate,gaussian_blur,moderate,36,0.6111111111111112,0.2621082621082621,0.5055397277619499,0.29545454545454547
32,OASIS_1,RandomForest,47,gaussian_blur__severe,gaussian_blur,severe,36,0.6111111111111112,0.2656023222060958,0.5133043057571359,0.29545454545454547
32,OASIS_1,RandomForest,47,motion__mild,motion,mild,36,0.5555555555555556,0.17857142857142858,0.39682539682539686,0.25
32,OASIS_1,RandomForest,47,motion__moderate,motion,moderate,36,0.5555555555555556,0.17857142857142858,0.39682539682539686,0.25
32,OASIS_1,RandomForest,47,motion__severe,motion,severe,36,0.5555555555555556,0.17857142857142858,0.39682539682539686,0.25
32,OASIS_1,RandomForest,47,rician_noise__mild,rician_noise,mild,36,0.5555555555555556,0.17857142857142858,0.39682539682539686,0.25
32,OASIS_1,RandomForest,47,rician_noise__moderate,rician_noise,moderate,36,0.5555555555555556,0.17857142857142858,0.39682539682539686,0.25
32,OASIS_1,RandomForest,47,rician_noise__severe,rician_noise,severe,36,0.5555555555555556,0.17857142857142858,0.39682539682539686,0.25
32,OASIS_1,RandomForest,47,rotation__mild,rotation,mild,36,0.6111111111111112,0.2621082621082621,0.5055397277619499,0.29545454545454547
32,OASIS_1,RandomForest,47,rotation__moderate,rotation,moderate,36,0.5555555555555556,0.23974358974358972,0.4660968660968661,0.27045454545454545
32,OASIS_1,RandomForest,47,rotation__severe,rotation,severe,36,0.5555555555555556,0.2143874643874644,0.4379550490661602,0.2602272727272727
32,OASIS_1,RandomForest,101,brightness_contrast__mild,brightness_contrast,mild,36,0.5277777777777778,0.2064102564102564,0.4253561253561254,0.24772727272727274
32,OASIS_1,RandomForest,101,brightness_contrast__moderate,brightness_contrast,moderate,36,0.5277777777777778,0.2064102564102564,0.4253561253561254,0.24772727272727274
32,OASIS_1,RandomForest,101,brightness_contrast__severe,brightness_contrast,severe,36,0.5277777777777778,0.2055256064690027,0.42100928421683137,0.24772727272727274
32,OASIS_1,RandomForest,101,clean_test,clean,clean,36,0.5833333333333334,0.22348484848484848,0.45496632996632996,0.2727272727272727
32,OASIS_1,RandomForest,101,gaussian_blur__mild,gaussian_blur,mild,36,0.5833333333333334,0.22348484848484848,0.45496632996632996,0.2727272727272727
32,OASIS_1,RandomForest,101,gaussian_blur__moderate,gaussian_blur,moderate,36,0.6111111111111112,0.2621082621082621,0.5055397277619499,0.29545454545454547
32,OASIS_1,RandomForest,101,gaussian_blur__severe,gaussian_blur,severe,36,0.5833333333333334,0.2596153846153846,0.5,0.28295454545454546
32,OASIS_1,RandomForest,101,motion__mild,motion,mild,36,0.5555555555555556,0.17857142857142858,0.39682539682539686,0.25
32,OASIS_1,RandomForest,101,motion__moderate,motion,moderate,36,0.5555555555555556,0.17857142857142858,0.39682539682539686,0.25
32,OASIS_1,RandomForest,101,motion__severe,motion,severe,36,0.5833333333333334,0.22348484848484848,0.45496632996632996,0.2727272727272727
32,OASIS_1,RandomForest,101,rician_noise__mild,rician_noise,mild,36,0.5555555555555556,0.17857142857142858,0.39682539682539686,0.25
32,OASIS_1,RandomForest,101,rician_noise__moderate,rician_noise,moderate,36,0.5277777777777778,0.17592592592592593,0.39094650205761317,0.2375
32,OASIS_1,RandomForest,101,rician_noise__severe,rician_noise,severe,36,0.5555555555555556,0.17857142857142858,0.39682539682539686,0.25
32,OASIS_1,RandomForest,101,rotation__mild,rotation,mild,36,0.5833333333333334,0.22348484848484848,0.45496632996632996,0.2727272727272727
32,OASIS_1,RandomForest,101,rotation__moderate,rotation,moderate,36,0.5555555555555556,0.2143874643874644,0.4379550490661602,0.2602272727272727
32,OASIS_1,RandomForest,101,rotation__severe,rotation,severe,36,0.5555555555555556,0.23974358974358972,0.4660968660968661,0.27045454545454545
32,OASIS_2,LinearSVM,13,brightness_contrast__mild,brightness_contrast,mild,23,0.4782608695652174,0.28157894736842104,0.46041189931350107,0.30113636363636365
32,OASIS_2,LinearSVM,13,brightness_contrast__moderate,brightness_contrast,moderate,23,0.34782608695652173,0.19642857142857142,0.3105590062111801,0.23295454545454547
32,OASIS_2,LinearSVM,13,brightness_contrast__severe,brightness_contrast,severe,23,0.30434782608695654,0.1206896551724138,0.1679160419790105,0.21875
32,OASIS_2,LinearSVM,13,clean_test,clean,clean,23,0.391304347826087,0.2186700767263427,0.3722895585455354,0.23011363636363635
32,OASIS_2,LinearSVM,13,gaussian_blur__mild,gaussian_blur,mild,23,0.391304347826087,0.2186700767263427,0.3722895585455354,0.23011363636363635
32,OASIS_2,LinearSVM,13,gaussian_blur__moderate,gaussian_blur,moderate,23,0.4782608695652174,0.24814814814814815,0.42254428341384864,0.2755681818181818
32,OASIS_2,LinearSVM,13,gaussian_blur__severe,gaussian_blur,severe,23,0.4782608695652174,0.265,0.44173913043478263,0.28409090909090906
32,OASIS_2,LinearSVM,13,motion__mild,motion,mild,23,0.34782608695652173,0.18666666666666665,0.2944927536231884,0.23295454545454547
32,OASIS_2,LinearSVM,13,motion__moderate,motion,moderate,23,0.30434782608695654,0.11666666666666667,0.16231884057971016,0.21875
32,OASIS_2,LinearSVM,13,motion__severe,motion,severe,23,0.34782608695652173,0.12903225806451613,0.17952314165497896,0.25
32,OASIS_2,LinearSVM,13,rician_noise__mild,rician_noise,mild,23,0.43478260869565216,0.24812030075187969,0.40013076168682576,0.27840909090909094
32,OASIS_2,LinearSVM,13,rician_noise__moderate,rician_noise,moderate,23,0.34782608695652173,0.13333333333333333,0.1855072463768116,0.25
32,OASIS_2,LinearSVM,13,rician_noise__severe,rician_noise,severe,23,0.34782608695652173,0.12903225806451613,0.17952314165497896,0.25
32,OASIS_2,LinearSVM,13,rotation__mild,rotation,mild,23,0.2608695652173913,0.175,0.23043478260869568,0.3181818181818182
32,OASIS_2,LinearSVM,13,rotation__moderate,rotation,moderate,23,0.13043478260869565,0.0787878787878788,0.08748353096179182,0.1893939393939394
32,OASIS_2,LinearSVM,13,rotation__severe,rotation,severe,23,0.21739130434782608,0.12857142857142856,0.19958592132505173,0.17424242424242425
32,OASIS_2,LinearSVM,47,brightness_contrast__mild,brightness_contrast,mild,23,0.4782608695652174,0.28157894736842104,0.46041189931350107,0.30113636363636365
32,OASIS_2,LinearSVM,47,brightness_contrast__moderate,brightness_contrast,moderate,23,0.34782608695652173,0.19642857142857142,0.3105590062111801,0.23295454545454547
32,OASIS_2,LinearSVM,47,brightness_contrast__severe,brightness_contrast,severe,23,0.30434782608695654,0.1206896551724138,0.1679160419790105,0.21875
32,OASIS_2,LinearSVM,47,clean_test,clean,clean,23,0.391304347826087,0.2186700767263427,0.3722895585455354,0.23011363636363635
32,OASIS_2,LinearSVM,47,gaussian_blur__mild,gaussian_blur,mild,23,0.391304347826087,0.2186700767263427,0.3722895585455354,0.23011363636363635
32,OASIS_2,LinearSVM,47,gaussian_blur__moderate,gaussian_blur,moderate,23,0.4782608695652174,0.24814814814814815,0.42254428341384864,0.2755681818181818
32,OASIS_2,LinearSVM,47,gaussian_blur__severe,gaussian_blur,severe,23,0.4782608695652174,0.265,0.44173913043478263,0.28409090909090906
32,OASIS_2,LinearSVM,47,motion__mild,motion,mild,23,0.34782608695652173,0.18666666666666665,0.2944927536231884,0.23295454545454547
32,OASIS_2,LinearSVM,47,motion__moderate,motion,moderate,23,0.30434782608695654,0.11666666666666667,0.16231884057971016,0.21875
32,OASIS_2,LinearSVM,47,motion__severe,motion,severe,23,0.34782608695652173,0.12903225806451613,0.17952314165497896,0.25
32,OASIS_2,LinearSVM,47,rician_noise__mild,rician_noise,mild,23,0.43478260869565216,0.24812030075187969,0.40013076168682576,0.27840909090909094
32,OASIS_2,LinearSVM,47,rician_noise__moderate,rician_noise,moderate,23,0.34782608695652173,0.13333333333333333,0.1855072463768116,0.25
32,OASIS_2,LinearSVM,47,rician_noise__severe,rician_noise,severe,23,0.34782608695652173,0.12903225806451613,0.17952314165497896,0.25
32,OASIS_2,LinearSVM,47,rotation__mild,rotation,mild,23,0.2608695652173913,0.175,0.23043478260869568,0.3181818181818182
32,OASIS_2,LinearSVM,47,rotation__moderate,rotation,moderate,23,0.13043478260869565,0.0787878787878788,0.08748353096179182,0.1893939393939394
32,OASIS_2,LinearSVM,47,rotation__severe,rotation,severe,23,0.21739130434782608,0.12857142857142856,0.19958592132505173,0.17424242424242425
32,OASIS_2,LinearSVM,101,brightness_contrast__mild,brightness_contrast,mild,23,0.4782608695652174,0.28157894736842104,0.46041189931350107,0.30113636363636365
32,OASIS_2,LinearSVM,101,brightness_contrast__moderate,brightness_contrast,moderate,23,0.34782608695652173,0.19642857142857142,0.3105590062111801,0.23295454545454547
32,OASIS_2,LinearSVM,101,brightness_contrast__severe,brightness_contrast,severe,23,0.30434782608695654,0.1206896551724138,0.1679160419790105,0.21875
32,OASIS_2,LinearSVM,101,clean_test,clean,clean,23,0.391304347826087,0.2186700767263427,0.3722895585455354,0.23011363636363635
32,OASIS_2,LinearSVM,101,gaussian_blur__mild,gaussian_blur,mild,23,0.391304347826087,0.2186700767263427,0.3722895585455354,0.23011363636363635
32,OASIS_2,LinearSVM,101,gaussian_blur__moderate,gaussian_blur,moderate,23,0.4782608695652174,0.24814814814814815,0.42254428341384864,0.2755681818181818
32,OASIS_2,LinearSVM,101,gaussian_blur__severe,gaussian_blur,severe,23,0.4782608695652174,0.265,0.44173913043478263,0.28409090909090906
32,OASIS_2,LinearSVM,101,motion__mild,motion,mild,23,0.34782608695652173,0.18666666666666665,0.2944927536231884,0.23295454545454547
32,OASIS_2,LinearSVM,101,motion__moderate,motion,moderate,23,0.30434782608695654,0.11666666666666667,0.16231884057971016,0.21875
32,OASIS_2,LinearSVM,101,motion__severe,motion,severe,23,0.34782608695652173,0.12903225806451613,0.17952314165497896,0.25
32,OASIS_2,LinearSVM,101,rician_noise__mild,rician_noise,mild,23,0.43478260869565216,0.24812030075187969,0.40013076168682576,0.27840909090909094
32,OASIS_2,LinearSVM,101,rician_noise__moderate,rician_noise,moderate,23,0.34782608695652173,0.13333333333333333,0.1855072463768116,0.25
32,OASIS_2,LinearSVM,101,rician_noise__severe,rician_noise,severe,23,0.34782608695652173,0.12903225806451613,0.17952314165497896,0.25
32,OASIS_2,LinearSVM,101,rotation__mild,rotation,mild,23,0.2608695652173913,0.175,0.23043478260869568,0.3181818181818182
32,OASIS_2,LinearSVM,101,rotation__moderate,rotation,moderate,23,0.13043478260869565,0.0787878787878788,0.08748353096179182,0.1893939393939394
32,OASIS_2,LinearSVM,101,rotation__severe,rotation,severe,23,0.21739130434782608,0.12857142857142856,0.19958592132505173,0.17424242424242425
32,OASIS_2,RandomForest,13,brightness_contrast__mild,brightness_contrast,mild,23,0.4782608695652174,0.16176470588235295,0.309462915601023,0.25
32,OASIS_2,RandomForest,13,brightness_contrast__moderate,brightness_contrast,moderate,23,0.4782608695652174,0.16176470588235295,0.309462915601023,0.25
32,OASIS_2,RandomForest,13,brightness_contrast__severe,brightness_contrast,severe,23,0.4782608695652174,0.16176470588235295,0.309462915601023,0.25
32,OASIS_2,RandomForest,13,clean_test,clean,clean,23,0.34782608695652173,0.18205128205128207,0.3134894091415831,0.19886363636363635
32,OASIS_2,RandomForest,13,gaussian_blur__mild,gaussian_blur,mild,23,0.34782608695652173,0.18205128205128207,0.3134894091415831,0.19886363636363635
32,OASIS_2,RandomForest,13,gaussian_blur__moderate,gaussian_blur,moderate,23,0.34782608695652173,0.18205128205128207,0.3134894091415831,0.19886363636363635
32,OASIS_2,RandomForest,13,gaussian_blur__severe,gaussian_blur,severe,23,0.34782608695652173,0.18205128205128207,0.3134894091415831,0.19886363636363635
32,OASIS_2,RandomForest,13,motion__mild,motion,mild,23,0.4782608695652174,0.2692307692307693,0.4548494983277593,0.2755681818181818
32,OASIS_2,RandomForest,13,motion__moderate,motion,moderate,23,0.4782608695652174,0.3483709273182957,0.4739021466710253,0.44886363636363635
32,OASIS_2,RandomForest,13,motion__severe,motion,severe,23,0.43478260869565216,0.29166666666666663,0.4097496706192359,0.35700757575757575
32,OASIS_2,RandomForest,13,rician_noise__mild,rician_noise,mild,23,0.4782608695652174,0.2067448680351906,0.37179650643886264,0.2585227272727273
32,OASIS_2,RandomForest,13,rician_noise__moderate,rician_noise,moderate,23,0.4782608695652174,0.16176470588235295,0.309462915601023,0.25
32,OASIS_2,RandomForest,13,rician_noise__severe,rician_noise,severe,23,0.4782608695652174,0.16176470588235295,0.309462915601023,0.25
32,OASIS_2,RandomForest,13,rotation__mild,rotation,mild,23,0.391304347826087,0.20105820105820105,0.34736599953991254,0.2215909090909091
32,OASIS_2,RandomForest,13,rotation__moderate,rotation,moderate,23,0.43478260869565216,0.1906158357771261,0.3409409664669132,0.23579545454545456
32,OASIS_2,RandomForest,13,rotation__severe,rotation,severe,23,0.5217391304347826,0.2222222222222222,0.3961352657004831,0.28125
32,OASIS_2,RandomForest,47,brightness_contrast__mild,brightness_contrast,mild,23,0.4782608695652174,0.16176470588235295,0.309462915601023,0.25
32,OASIS_2,RandomForest,47,brightness_contrast__moderate,brightness_contrast,moderate,23,0.4782608695652174,0.16176470588235295,0.309462915601023,0.25
32,OASIS_2,RandomForest,47,brightness_contrast__severe,brightness_contrast,severe,23,0.4782608695652174,0.16176470588235295,0.309462915601023,0.25
32,OASIS_2,RandomForest,47,clean_test,clean,clean,23,0.391304347826087,0.21375,0.36,0.23011363636363635
32,OASIS_2,RandomForest,47,gaussian_blur__mild,gaussian_blur,mild,23,0.391304347826087,0.21375,0.36,0.23011363636363635
32,OASIS_2,RandomForest,47,gaussian_blur__moderate,gaussian_blur,moderate,23,0.34782608695652173,0.18205128205128207,0.3134894091415831,0.19886363636363635
32,OASIS_2,RandomForest,47,gaussian_blur__severe,gaussian_blur,severe,23,0.34782608695652173,0.18205128205128207,0.3134894091415831,0.19886363636363635
32,OASIS_2,RandomForest,47,motion__mild,motion,mild,23,0.5652173913043478,0.40705128205128205,0.544593088071349,0.4422348484848485
32,OASIS_2,RandomForest,47,motion__moderate,motion,moderate,23,0.43478260869565216,0.3025974025974026,0.4060982495765104,0.41761363636363635
32,OASIS_2,RandomForest,47,motion__severe,motion,severe,23,0.43478260869565216,0.3025974025974026,0.4060982495765104,0.41761363636363635
32,OASIS_2,RandomForest,47,rician_noise__mild,rician_noise,mild,23,0.43478260869565216,0.19166666666666665,0.34492753623188405,0.23579545454545456
32,OASIS_2,RandomForest,47,rician_noise__moderate,rician_noise,moderate,23,0.4782608695652174,0.16176470588235295,0.309462915601023,0.25
32,OASIS_2,RandomForest,47,rician_noise__severe,rician_noise,severe,23,0.4782608695652174,0.16176470588235295,0.309462915601023,0.25
32,OASIS_2,RandomForest,47,rotation__mild,rotation,mild,23,0.43478260869565216,0.21978021978021978,0.380315336837076,0.24431818181818182
32,OASIS_2,RandomForest,47,rotation__moderate,rotation,moderate,23,0.43478260869565216,0.1906158357771261,0.3409409664669132,0.23579545454545456
32,OASIS_2,RandomForest,47,rotation__severe,rotation,severe,23,0.43478260869565216,0.15151515151515152,0.2898550724637681,0.22727272727272727
32,OASIS_2,RandomForest,101,brightness_contrast__mild,brightness_contrast,mild,23,0.4782608695652174,0.16176470588235295,0.309462915601023,0.25
32,OASIS_2,RandomForest,101,brightness_contrast__moderate,brightness_contrast,moderate,23,0.4782608695652174,0.16176470588235295,0.309462915601023,0.25
32,OASIS_2,RandomForest,101,brightness_contrast__severe,brightness_contrast,severe,23,0.4782608695652174,0.16176470588235295,0.309462915601023,0.25
32,OASIS_2,RandomForest,101,clean_test,clean,clean,23,0.391304347826087,0.21375,0.36,0.23011363636363635
32,OASIS_2,RandomForest,101,gaussian_blur__mild,gaussian_blur,mild,23,0.34782608695652173,0.18205128205128207,0.3134894091415831,0.19886363636363635
32,OASIS_2,RandomForest,101,gaussian_blur__moderate,gaussian_blur,moderate,23,0.34782608695652173,0.18205128205128207,0.3134894091415831,0.19886363636363635
32,OASIS_2,RandomForest,101,gaussian_blur__severe,gaussian_blur,severe,23,0.391304347826087,0.21375,0.36,0.23011363636363635
32,OASIS_2,RandomForest,101,motion__mild,motion,mild,23,0.4782608695652174,0.260989010989011,0.4433827042522695,0.2755681818181818
32,OASIS_2,RandomForest,101,motion__moderate,motion,moderate,23,0.43478260869565216,0.3025974025974026,0.4060982495765104,0.41761363636363635
32,OASIS_2,RandomForest,101,motion__severe,motion,severe,23,0.4782608695652174,0.32954545454545453,0.43280632411067194,0.44034090909090906
32,OASIS_2,RandomForest,101,rician_noise__mild,rician_noise,mild,23,0.4782608695652174,0.2067448680351906,0.37179650643886264,0.2585227272727273
32,OASIS_2,RandomForest,101,rician_noise__moderate,rician_noise,moderate,23,0.4782608695652174,0.16176470588235295,0.309462915601023,0.25
32,OASIS_2,RandomForest,101,rician_noise__severe,rician_noise,severe,23,0.4782608695652174,0.16176470588235295,0.309462915601023,0.25
32,OASIS_2,RandomForest,101,rotation__mild,rotation,mild,23,0.43478260869565216,0.21978021978021978,0.380315336837076,0.24431818181818182
32,OASIS_2,RandomForest,101,rotation__moderate,rotation,moderate,23,0.4782608695652174,0.20625,0.3684782608695652,0.2585227272727273
32,OASIS_2,RandomForest,101,rotation__severe,rotation,severe,23,0.4782608695652174,0.16176470588235295,0.309462915601023,0.25
64,OASIS_1,LinearSVM,13,brightness_contrast__mild,brightness_contrast,mild,36,0.4166666666666667,0.2135854341736695,0.3700591347650171,0.2875
64,OASIS_1,LinearSVM,13,brightness_contrast__moderate,brightness_contrast,moderate,36,0.3333333333333333,0.1976470588235294,0.29699346405228755,0.35
64,OASIS_1,LinearSVM,13,brightness_contrast__severe,brightness_contrast,severe,36,0.1111111111111111,0.05263157894736842,0.023391812865497075,0.25
64,OASIS_1,LinearSVM,13,clean_test,clean,clean,36,0.5,0.2815656565656566,0.47138047138047134,0.29545454545454547
64,OASIS_1,LinearSVM,13,gaussian_blur__mild,gaussian_blur,mild,36,0.5,0.28104575163398693,0.466957153231663,0.29545454545454547
64,OASIS_1,LinearSVM,13,gaussian_blur__moderate,gaussian_blur,moderate,36,0.5277777777777778,0.2572463768115942,0.4883252818035426,0.2681818181818182
64,OASIS_1,LinearSVM,13,gaussian_blur__severe,gaussian_blur,severe,36,0.5277777777777778,0.21700680272108844,0.4489040060468632,0.24772727272727274
64,OASIS_1,LinearSVM,13,motion__mild,motion,mild,36,0.25,0.10975609756097561,0.13414634146341464,0.20454545454545456
64,OASIS_1,LinearSVM,13,motion__moderate,motion,moderate,36,0.2777777777777778,0.11627906976744186,0.1421188630490956,0.22727272727272727
64,OASIS_1,LinearSVM,13,motion__severe,motion,severe,36,0.2777777777777778,0.1111111111111111,0.13580246913580246,0.22727272727272727
64,OASIS_1,LinearSVM,13,rician_noise__mild,rician_noise,mild,36,0.3888888888888889,0.22285714285714286,0.35301587301587295,0.375
64,OASIS_1,LinearSVM,13,rician_noise__moderate,rician_noise,moderate,36,0.1111111111111111,0.05,0.022222222222222223,0.25
64,OASIS_1,LinearSVM,13,rician_noise__severe,rician_noise,severe,36,0.1111111111111111,0.05,0.022222222222222223,0.25
64,OASIS_1,LinearSVM,13,rotation__mild,rotation,mild,36,0.5,0.2810990338164251,0.46339908749329045,0.29545454545454547
64,OASIS_1,LinearSVM,13,rotation__moderate,rotation,moderate,36,0.5277777777777778,0.3214285714285714,0.503968253968254,0.3181818181818182
64,OASIS_1,LinearSVM,13,rotation__severe,rotation,severe,36,0.4444444444444444,0.21915584415584416,0.41558441558441556,0.23068181818181818
64,OASIS_1,LinearSVM,47,brightness_contrast__mild,brightness_contrast,mild,36,0.4166666666666667,0.2135854341736695,0.3700591347650171,0.2875
64,OASIS_1,LinearSVM,47,brightness_contrast__moderate,brightness_contrast,moderate,36,0.3333333333333333,0.1976470588235294,0.29699346405228755,0.35
64,OASIS_1,LinearSVM,47,brightness_contrast__severe,brightness_contrast,severe,36,0.1111111111111111,0.05263157894736842,0.023391812865497075,0.25
64,OASIS_1,LinearSVM,47,clean_test,clean,clean,36,0.5,0.2815656565656566,0.47138047138047134,0.29545454545454547
64,OASIS_1,LinearSVM,47,gaussian_blur__mild,gaussian_blur,mild,36,0.5,0.28104575163398693,0.466957153231663,0.29545454545454547
64,OASIS_1,LinearSVM,47,gaussian_blur__moderate,gaussian_blur,moderate,36,0.5277777777777778,0.2572463768115942,0.4883252818035426,0.2681818181818182
64,OASIS_1,LinearSVM,47,gaussian_blur__severe,gaussian_blur,severe,36,0.5277777777777778,0.21700680272108844,0.4489040060468632,0.24772727272727274
64,OASIS_1,LinearSVM,47,motion__mild,motion,mild,36,0.25,0.10975609756097561,0.13414634146341464,0.20454545454545456
64,OASIS_1,LinearSVM,47,motion__moderate,motion,moderate,36,0.2777777777777778,0.11627906976744186,0.1421188630490956,0.22727272727272727
64,OASIS_1,LinearSVM,47,motion__severe,motion,severe,36,0.2777777777777778,0.1111111111111111,0.13580246913580246,0.22727272727272727
64,OASIS_1,LinearSVM,47,rician_noise__mild,rician_noise,mild,36,0.3888888888888889,0.22285714285714286,0.35301587301587295,0.375
64,OASIS_1,LinearSVM,47,rician_noise__moderate,rician_noise,moderate,36,0.1111111111111111,0.05,0.022222222222222223,0.25
64,OASIS_1,LinearSVM,47,rician_noise__severe,rician_noise,severe,36,0.1111111111111111,0.05,0.022222222222222223,0.25
64,OASIS_1,LinearSVM,47,rotation__mild,rotation,mild,36,0.5,0.2810990338164251,0.46339908749329045,0.29545454545454547
64,OASIS_1,LinearSVM,47,rotation__moderate,rotation,moderate,36,0.5277777777777778,0.3214285714285714,0.503968253968254,0.3181818181818182
64,OASIS_1,LinearSVM,47,rotation__severe,rotation,severe,36,0.4444444444444444,0.21915584415584416,0.41558441558441556,0.23068181818181818
64,OASIS_1,LinearSVM,101,brightness_contrast__mild,brightness_contrast,mild,36,0.4166666666666667,0.2136627906976744,0.3636950904392765,0.2875
64,OASIS_1,LinearSVM,101,brightness_contrast__moderate,brightness_contrast,moderate,36,0.3888888888888889,0.22584541062801933,0.34728931830381105,0.375
64,OASIS_1,LinearSVM,101,brightness_contrast__severe,brightness_contrast,severe,36,0.1388888888888889,0.07579318448883667,0.07233320276798537,0.2625
64,OASIS_1,LinearSVM,101,clean_test,clean,clean,36,0.5,0.2815656565656566,0.47138047138047134,0.29545454545454547
64,OASIS_1,LinearSVM,101,gaussian_blur__mild,gaussian_blur,mild,36,0.5,0.28104575163398693,0.466957153231663,0.29545454545454547
64,OASIS_1,LinearSVM,101,gaussian_blur__moderate,gaussian_blur,moderate,36,0.5277777777777778,0.2572463768115942,0.4883252818035426,0.2681818181818182
64,OASIS_1,LinearSVM,101,gaussian_blur__severe,gaussian_blur,severe,36,0.5277777777777778,0.21700680272108844,0.4489040060468632,0.24772727272727274
64,OASIS_1,LinearSVM,101,motion__mild,motion,mild,36,0.25,0.10975609756097561,0.13414634146341464,0.20454545454545456
64,OASIS_1,LinearSVM,101,motion__moderate,motion,moderate,36,0.2777777777777778,0.11627906976744186,0.1421188630490956,0.22727272727272727
64,OASIS_1,LinearSVM,101,motion__severe,motion,severe,36,0.2777777777777778,0.1111111111111111,0.13580246913580246,0.22727272727272727
64,OASIS_1,LinearSVM,101,rician_noise__mild,rician_noise,mild,36,0.4166666666666667,0.2361111111111111,0.37654320987654327,0.3875
64,OASIS_1,LinearSVM,101,rician_noise__moderate,rician_noise,moderate,36,0.1111111111111111,0.05263157894736842,0.023391812865497075,0.25
64,OASIS_1,LinearSVM,101,rician_noise__severe,rician_noise,severe,36,0.1111111111111111,0.05,0.022222222222222223,0.25
64,OASIS_1,LinearSVM,101,rotation__mild,rotation,mild,36,0.5,0.2810990338164251,0.46339908749329045,0.29545454545454547
64,OASIS_1,LinearSVM,101,rotation__moderate,rotation,moderate,36,0.5277777777777778,0.3214285714285714,0.503968253968254,0.3181818181818182
64,OASIS_1,LinearSVM,101,rotation__severe,rotation,severe,36,0.4444444444444444,0.21915584415584416,0.41558441558441556,0.23068181818181818
64,OASIS_1,RandomForest,13,brightness_contrast__mild,brightness_contrast,mild,36,0.5277777777777778,0.2064102564102564,0.4253561253561254,0.24772727272727274
64,OASIS_1,RandomForest,13,brightness_contrast__moderate,brightness_contrast,moderate,36,0.5277777777777778,0.2064102564102564,0.4253561253561254,0.24772727272727274
64,OASIS_1,RandomForest,13,brightness_contrast__severe,brightness_contrast,severe,36,0.5277777777777778,0.2055256064690027,0.42100928421683137,0.24772727272727274
64,OASIS_1,RandomForest,13,clean_test,clean,clean,36,0.6111111111111112,0.26010781671159033,0.5065887990416292,0.29545454545454547
64,OASIS_1,RandomForest,13,gaussian_blur__mild,gaussian_blur,mild,36,0.6111111111111112,0.26010781671159033,0.5065887990416292,0.29545454545454547
64,OASIS_1,RandomForest,13,gaussian_blur__moderate,gaussian_blur,moderate,36,0.5833333333333334,0.2541208791208791,0.4932844932844933,0.28295454545454546
64,OASIS_1,RandomForest,13,gaussian_blur__severe,gaussian_blur,severe,36,0.5555555555555556,0.24789915966386555,0.4794584500466854,0.27045454545454545
64,OASIS_1,RandomForest,13,motion__mild,motion,mild,36,0.5555555555555556,0.17857142857142858,0.39682539682539686,0.25
64,OASIS_1,RandomForest,13,motion__moderate,motion,moderate,36,0.5833333333333334,0.22348484848484848,0.45496632996632996,0.2727272727272727
64,OASIS_1,RandomForest,13,motion__severe,motion,severe,36,0.5555555555555556,0.17857142857142858,0.39682539682539686,0.25
64,OASIS_1,RandomForest,13,rician_noise__mild,rician_noise,mild,36,0.5555555555555556,0.17857142857142858,0.39682539682539686,0.25
64,OASIS_1,RandomForest,13,rician_noise__moderate,rician_noise,moderate,36,0.5555555555555556,0.17857142857142858,0.39682539682539686,0.25
64,OASIS_1,RandomForest,13,rician_noise__severe,rician_noise,severe,36,0.5555555555555556,0.17857142857142858,0.39682539682539686,0.25
64,OASIS_1,RandomForest,13,rotation__mild,rotation,mild,36,0.5555555555555556,0.2143874643874644,0.4379550490661602,0.2602272727272727
64,OASIS_1,RandomForest,13,rotation__moderate,rotation,moderate,36,0.5833333333333334,0.25067385444743934,0.4856244384546271,0.28295454545454546
64,OASIS_1,RandomForest,13,rotation__severe,rotation,severe,36,0.5555555555555556,0.23974358974358972,0.4660968660968661,0.27045454545454545
64,OASIS_1,RandomForest,47,brightness_contrast__mild,brightness_contrast,mild,36,0.5277777777777778,0.2064102564102564,0.4253561253561254,0.24772727272727274
64,OASIS_1,RandomForest,47,brightness_contrast__moderate,brightness_contrast,moderate,36,0.5277777777777778,0.2055256064690027,0.42100928421683137,0.24772727272727274
64,OASIS_1,RandomForest,47,brightness_contrast__severe,brightness_contrast,severe,36,0.5555555555555556,0.23974358974358972,0.4660968660968661,0.27045454545454545
64,OASIS_1,RandomForest,47,clean_test,clean,clean,36,0.6111111111111112,0.2621082621082621,0.5055397277619499,0.29545454545454547
64,OASIS_1,RandomForest,47,gaussian_blur__mild,gaussian_blur,mild,36,0.6111111111111112,0.2621082621082621,0.5055397277619499,0.29545454545454547
64,OASIS_1,RandomForest,47,gaussian_blur__moderate,gaussian_blur,moderate,36,0.6111111111111112,0.2656023222060958,0.5133043057571359,0.29545454545454547
64,OASIS_1,RandomForest,47,gaussian_blur__severe,gaussian_blur,severe,36,0.5277777777777778,0.2366666666666667,0.4592592592592593,0.25795454545454544
64,OASIS_1,RandomForest,47,motion__mild,motion,mild,36,0.5833333333333334,0.22348484848484848,0.45496632996632996,0.2727272727272727
64,OASIS_1,RandomForest,47,motion__moderate,motion,moderate,36,0.5833333333333334,0.22348484848484848,0.45496632996632996,0.2727272727272727
64,OASIS_1,RandomForest,47,motion__severe,motion,severe,36,0.5555555555555556,0.17857142857142858,0.39682539682539686,0.25
64,OASIS_1,RandomForest,47,rician_noise__mild,rician_noise,mild,36,0.5555555555555556,0.17857142857142858,0.39682539682539686,0.25
64,OASIS_1,RandomForest,47,rician_noise__moderate,rician_noise,moderate,36,0.5555555555555556,0.17857142857142858,0.39682539682539686,0.25
64,OASIS_1,RandomForest,47,rician_noise__severe,rician_noise,severe,36,0.5555555555555556,0.17857142857142858,0.39682539682539686,0.25
64,OASIS_1,RandomForest,47,rotation__mild,rotation,mild,36,0.5833333333333334,0.25067385444743934,0.4856244384546271,0.28295454545454546
64,OASIS_1,RandomForest,47,rotation__moderate,rotation,moderate,36,0.5555555555555556,0.23974358974358972,0.4660968660968661,0.27045454545454545
64,OASIS_1,RandomForest,47,rotation__severe,rotation,severe,36,0.5555555555555556,0.23974358974358972,0.4660968660968661,0.27045454545454545
64,OASIS_1,RandomForest,101,brightness_contrast__mild,brightness_contrast,mild,36,0.5277777777777778,0.2064102564102564,0.4253561253561254,0.24772727272727274
64,OASIS_1,RandomForest,101,brightness_contrast__moderate,brightness_contrast,moderate,36,0.5277777777777778,0.2064102564102564,0.4253561253561254,0.24772727272727274
64,OASIS_1,RandomForest,101,brightness_contrast__severe,brightness_contrast,severe,36,0.5277777777777778,0.2055256064690027,0.42100928421683137,0.24772727272727274
64,OASIS_1,RandomForest,101,clean_test,clean,clean,36,0.5833333333333334,0.22348484848484848,0.45496632996632996,0.2727272727272727
64,OASIS_1,RandomForest,101,gaussian_blur__mild,gaussian_blur,mild,36,0.5833333333333334,0.24935897435897436,0.4874643874643874,0.28295454545454546
64,OASIS_1,RandomForest,101,gaussian_blur__moderate,gaussian_blur,moderate,36,0.6111111111111112,0.2656023222060958,0.5133043057571359,0.29545454545454547
64,OASIS_1,RandomForest,101,gaussian_blur__severe,gaussian_blur,severe,36,0.5277777777777778,0.21218487394957986,0.4358076563958917,0.24772727272727274
64,OASIS_1,RandomForest,101,motion__mild,motion,mild,36,0.5555555555555556,0.17857142857142858,0.39682539682539686,0.25
64,OASIS_1,RandomForest,101,motion__moderate,motion,moderate,36,0.5555555555555556,0.17857142857142858,0.39682539682539686,0.25
64,OASIS_1,RandomForest,101,motion__severe,motion,severe,36,0.5555555555555556,0.17857142857142858,0.39682539682539686,0.25
64,OASIS_1,RandomForest,101,rician_noise__mild,rician_noise,mild,36,0.5555555555555556,0.17857142857142858,0.39682539682539686,0.25
64,OASIS_1,RandomForest,101,rician_noise__moderate,rician_noise,moderate,36,0.5555555555555556,0.17857142857142858,0.39682539682539686,0.25
64,OASIS_1,RandomForest,101,rician_noise__severe,rician_noise,severe,36,0.5555555555555556,0.17857142857142858,0.39682539682539686,0.25
64,OASIS_1,RandomForest,101,rotation__mild,rotation,mild,36,0.5555555555555556,0.23974358974358972,0.4660968660968661,0.27045454545454545
64,OASIS_1,RandomForest,101,rotation__moderate,rotation,moderate,36,0.5277777777777778,0.2055256064690027,0.42100928421683137,0.24772727272727274
64,OASIS_1,RandomForest,101,rotation__severe,rotation,severe,36,0.5833333333333334,0.25067385444743934,0.4856244384546271,0.28295454545454546
64,OASIS_2,LinearSVM,13,brightness_contrast__mild,brightness_contrast,mild,23,0.5217391304347826,0.2982456140350877,0.4836003051106026,0.33238636363636365
64,OASIS_2,LinearSVM,13,brightness_contrast__moderate,brightness_contrast,moderate,23,0.4782608695652174,0.26,0.41391304347826086,0.3181818181818182
64,OASIS_2,LinearSVM,13,brightness_contrast__severe,brightness_contrast,severe,23,0.34782608695652173,0.13333333333333333,0.1855072463768116,0.25
64,OASIS_2,LinearSVM,13,clean_test,clean,clean,23,0.4782608695652174,0.27525252525252525,0.45410628019323673,0.29261363636363635
64,OASIS_2,LinearSVM,13,gaussian_blur__mild,gaussian_blur,mild,23,0.5217391304347826,0.30842391304347827,0.5085066162570888,0.31534090909090906
64,OASIS_2,LinearSVM,13,gaussian_blur__moderate,gaussian_blur,moderate,23,0.43478260869565216,0.25538461538461543,0.42836120401337796,0.25284090909090906
64,OASIS_2,LinearSVM,13,gaussian_blur__severe,gaussian_blur,severe,23,0.4782608695652174,0.2791666666666667,0.4644927536231884,0.28409090909090906
64,OASIS_2,LinearSVM,13,motion__mild,motion,mild,23,0.391304347826087,0.21142857142857144,0.3314285714285714,0.26420454545454547
64,OASIS_2,LinearSVM,13,motion__moderate,motion,moderate,23,0.30434782608695654,0.11666666666666667,0.16231884057971016,0.21875
64,OASIS_2,LinearSVM,13,motion__severe,motion,severe,23,0.34782608695652173,0.12903225806451613,0.17952314165497896,0.25
64,OASIS_2,LinearSVM,13,rician_noise__mild,rician_noise,mild,23,0.391304347826087,0.21969696969696967,0.3491436100131752,0.2556818181818182
64,OASIS_2,LinearSVM,13,rician_noise__moderate,rician_noise,moderate,23,0.34782608695652173,0.12903225806451613,0.17952314165497896,0.25
64,OASIS_2,LinearSVM,13,rician_noise__severe,rician_noise,severe,23,0.391304347826087,0.3833333333333333,0.2289855072463768,0.5
64,OASIS_2,LinearSVM,13,rotation__mild,rotation,mild,23,0.21739130434782608,0.14375,0.20543478260869563,0.23484848484848483
64,OASIS_2,LinearSVM,13,rotation__moderate,rotation,moderate,23,0.17391304347826086,0.1,0.19130434782608696,0.09090909090909091
64,OASIS_2,LinearSVM,13,rotation__severe,rotation,severe,23,0.21739130434782608,0.12662337662337664,0.19254658385093168,0.17424242424242425
64,OASIS_2,LinearSVM,47,brightness_contrast__mild,brightness_contrast,mild,23,0.5217391304347826,0.2982456140350877,0.4836003051106026,0.33238636363636365
64,OASIS_2,LinearSVM,47,brightness_contrast__moderate,brightness_contrast,moderate,23,0.4782608695652174,0.26,0.41391304347826086,0.3181818181818182
64,OASIS_2,LinearSVM,47,brightness_contrast__severe,brightness_contrast,severe,23,0.34782608695652173,0.13333333333333333,0.1855072463768116,0.25
64,OASIS_2,LinearSVM,47,clean_test,clean,clean,23,0.4782608695652174,0.27525252525252525,0.45410628019323673,0.29261363636363635
64,OASIS_2,LinearSVM,47,gaussian_blur__mild,gaussian_blur,mild,23,0.5217391304347826,0.30842391304347827,0.5085066162570888,0.31534090909090906
64,OASIS_2,LinearSVM,47,gaussian_blur__moderate,gaussian_blur,moderate,23,0.43478260869565216,0.25538461538461543,0.42836120401337796,0.25284090909090906
64,OASIS_2,LinearSVM,47,gaussian_blur__severe,gaussian_blur,severe,23,0.4782608695652174,0.2791666666666667,0.4644927536231884,0.28409090909090906
64,OASIS_2,LinearSVM,47,motion__mild,motion,mild,23,0.391304347826087,0.21142857142857144,0.3314285714285714,0.26420454545454547
64,OASIS_2,LinearSVM,47,motion__moderate,motion,moderate,23,0.30434782608695654,0.11666666666666667,0.16231884057971016,0.21875
64,OASIS_2,LinearSVM,47,motion__severe,motion,severe,23,0.34782608695652173,0.12903225806451613,0.17952314165497896,0.25
64,OASIS_2,LinearSVM,47,rician_noise__mild,rician_noise,mild,23,0.391304347826087,0.21969696969696967,0.3491436100131752,0.2556818181818182
64,OASIS_2,LinearSVM,47,rician_noise__moderate,rician_noise,moderate,23,0.34782608695652173,0.12903225806451613,0.17952314165497896,0.25
64,OASIS_2,LinearSVM,47,rician_noise__severe,rician_noise,severe,23,0.391304347826087,0.3833333333333333,0.2289855072463768,0.5
64,OASIS_2,LinearSVM,47,rotation__mild,rotation,mild,23,0.21739130434782608,0.14375,0.20543478260869563,0.23484848484848483
64,OASIS_2,LinearSVM,47,rotation__moderate,rotation,moderate,23,0.17391304347826086,0.1,0.19130434782608696,0.09090909090909091
64,OASIS_2,LinearSVM,47,rotation__severe,rotation,severe,23,0.21739130434782608,0.12662337662337664,0.19254658385093168,0.17424242424242425
64,OASIS_2,LinearSVM,101,brightness_contrast__mild,brightness_contrast,mild,23,0.5217391304347826,0.2982456140350877,0.4836003051106026,0.33238636363636365
64,OASIS_2,LinearSVM,101,brightness_contrast__moderate,brightness_contrast,moderate,23,0.4782608695652174,0.26,0.41391304347826086,0.3181818181818182
64,OASIS_2,LinearSVM,101,brightness_contrast__severe,brightness_contrast,severe,23,0.34782608695652173,0.13333333333333333,0.1855072463768116,0.25
64,OASIS_2,LinearSVM,101,clean_test,clean,clean,23,0.4782608695652174,0.27525252525252525,0.45410628019323673,0.29261363636363635
64,OASIS_2,LinearSVM,101,gaussian_blur__mild,gaussian_blur,mild,23,0.5217391304347826,0.30842391304347827,0.5085066162570888,0.31534090909090906
64,OASIS_2,LinearSVM,101,gaussian_blur__moderate,gaussian_blur,moderate,23,0.43478260869565216,0.25538461538461543,0.42836120401337796,0.25284090909090906
64,OASIS_2,LinearSVM,101,gaussian_blur__severe,gaussian_blur,severe,23,0.4782608695652174,0.2791666666666667,0.4644927536231884,0.28409090909090906
64,OASIS_2,LinearSVM,101,motion__mild,motion,mild,23,0.391304347826087,0.21142857142857144,0.3314285714285714,0.26420454545454547
64,OASIS_2,LinearSVM,101,motion__moderate,motion,moderate,23,0.30434782608695654,0.11666666666666667,0.16231884057971016,0.21875
64,OASIS_2,LinearSVM,101,motion__severe,motion,severe,23,0.34782608695652173,0.12903225806451613,0.17952314165497896,0.25
64,OASIS_2,LinearSVM,101,rician_noise__mild,rician_noise,mild,23,0.391304347826087,0.21969696969696967,0.3491436100131752,0.2556818181818182
64,OASIS_2,LinearSVM,101,rician_noise__moderate,rician_noise,moderate,23,0.34782608695652173,0.12903225806451613,0.17952314165497896,0.25
64,OASIS_2,LinearSVM,101,rician_noise__severe,rician_noise,severe,23,0.391304347826087,0.3833333333333333,0.2289855072463768,0.5
64,OASIS_2,LinearSVM,101,rotation__mild,rotation,mild,23,0.21739130434782608,0.14375,0.20543478260869563,0.23484848484848483
64,OASIS_2,LinearSVM,101,rotation__moderate,rotation,moderate,23,0.17391304347826086,0.1,0.19130434782608696,0.09090909090909091
64,OASIS_2,LinearSVM,101,rotation__severe,rotation,severe,23,0.21739130434782608,0.12662337662337664,0.19254658385093168,0.17424242424242425
64,OASIS_2,RandomForest,13,brightness_contrast__mild,brightness_contrast,mild,23,0.4782608695652174,0.16176470588235295,0.309462915601023,0.25
64,OASIS_2,RandomForest,13,brightness_contrast__moderate,brightness_contrast,moderate,23,0.4782608695652174,0.16176470588235295,0.309462915601023,0.25
64,OASIS_2,RandomForest,13,brightness_contrast__severe,brightness_contrast,severe,23,0.4782608695652174,0.16176470588235295,0.309462915601023,0.25
64,OASIS_2,RandomForest,13,clean_test,clean,clean,23,0.391304347826087,0.21375,0.36,0.23011363636363635
64,OASIS_2,RandomForest,13,gaussian_blur__mild,gaussian_blur,mild,23,0.391304347826087,0.21375,0.36,0.23011363636363635
64,OASIS_2,RandomForest,13,gaussian_blur__moderate,gaussian_blur,moderate,23,0.391304347826087,0.21375,0.36,0.23011363636363635
64,OASIS_2,RandomForest,13,gaussian_blur__severe,gaussian_blur,severe,23,0.391304347826087,0.2186700767263427,0.3722895585455354,0.23011363636363635
64,OASIS_2,RandomForest,13,motion__mild,motion,mild,23,0.43478260869565216,0.24000000000000002,0.4069565217391304,0.25284090909090906
64,OASIS_2,RandomForest,13,motion__moderate,motion,moderate,23,0.5217391304347826,0.33495670995670995,0.47741389045736876,0.3503787878787879
64,OASIS_2,RandomForest,13,motion__severe,motion,severe,23,0.391304347826087,0.21969696969696967,0.3768115942028985,0.23011363636363635
64,OASIS_2,RandomForest,13,rician_noise__mild,rician_noise,mild,23,0.4782608695652174,0.2067448680351906,0.37179650643886264,0.2585227272727273
64,OASIS_2,RandomForest,13,rician_noise__moderate,rician_noise,moderate,23,0.4782608695652174,0.16176470588235295,0.309462915601023,0.25
64,OASIS_2,RandomForest,13,rician_noise__severe,rician_noise,severe,23,0.4782608695652174,0.16176470588235295,0.309462915601023,0.25
64,OASIS_2,RandomForest,13,rotation__mild,rotation,mild,23,0.391304347826087,0.19642857142857142,0.3385093167701863,0.2215909090909091
64,OASIS_2,RandomForest,13,rotation__moderate,rotation,moderate,23,0.43478260869565216,0.21485411140583555,0.37089147733825395,0.24431818181818182
64,OASIS_2,RandomForest,13,rotation__severe,rotation,severe,23,0.4782608695652174,0.20625,0.3684782608695652,0.2585227272727273
64,OASIS_2,RandomForest,47,brightness_contrast__mild,brightness_contrast,mild,23,0.4782608695652174,0.16176470588235295,0.309462915601023,0.25
64,OASIS_2,RandomForest,47,brightness_contrast__moderate,brightness_contrast,moderate,23,0.4782608695652174,0.16176470588235295,0.309462915601023,0.25
64,OASIS_2,RandomForest,47,brightness_contrast__severe,brightness_contrast,severe,23,0.4782608695652174,0.16176470588235295,0.309462915601023,0.25
64,OASIS_2,RandomForest,47,clean_test,clean,clean,23,0.391304347826087,0.21375,0.36,0.23011363636363635
64,OASIS_2,RandomForest,47,gaussian_blur__mild,gaussian_blur,mild,23,0.391304347826087,0.21375,0.36,0.23011363636363635
64,OASIS_2,RandomForest,47,gaussian_blur__moderate,gaussian_blur,moderate,23,0.391304347826087,0.21375,0.36,0.23011363636363635
64,OASIS_2,RandomForest,47,gaussian_blur__severe,gaussian_blur,severe,23,0.43478260869565216,0.24154589371980675,0.4041167821886158,0.26136363636363635
64,OASIS_2,RandomForest,47,motion__mild,motion,mild,23,0.4782608695652174,0.260989010989011,0.4433827042522695,0.2755681818181818
64,OASIS_2,RandomForest,47,motion__moderate,motion,moderate,23,0.6086956521739131,0.43,0.5834782608695652,0.4649621212121212
64,OASIS_2,RandomForest,47,motion__severe,motion,severe,23,0.5217391304347826,0.3509963768115942,0.5066162570888469,0.35890151515151514
64,OASIS_2,RandomForest,47,rician_noise__mild,rician_noise,mild,23,0.43478260869565216,0.19166666666666665,0.34492753623188405,0.23579545454545456
64,OASIS_2,RandomForest,47,rician_noise__moderate,rician_noise,moderate,23,0.4782608695652174,0.16176470588235295,0.309462915601023,0.25
64,OASIS_2,RandomForest,47,rician_noise__severe,rician_noise,severe,23,0.4782608695652174,0.16176470588235295,0.309462915601023,0.25
64,OASIS_2,RandomForest,47,rotation__mild,rotation,mild,23,0.391304347826087,0.19642857142857142,0.3385093167701863,0.2215909090909091
64,OASIS_2,RandomForest,47,rotation__moderate,rotation,moderate,23,0.43478260869565216,0.1906158357771261,0.3409409664669132,0.23579545454545456
64,OASIS_2,RandomForest,47,rotation__severe,rotation,severe,23,0.4782608695652174,0.2067448680351906,0.37179650643886264,0.2585227272727273
64,OASIS_2,RandomForest,101,brightness_contrast__mild,brightness_contrast,mild,23,0.4782608695652174,0.16176470588235295,0.309462915601023,0.25
64,OASIS_2,RandomForest,101,brightness_contrast__moderate,brightness_contrast,moderate,23,0.4782608695652174,0.16176470588235295,0.309462915601023,0.25
64,OASIS_2,RandomForest,101,brightness_contrast__severe,brightness_contrast,severe,23,0.4782608695652174,0.16176470588235295,0.309462915601023,0.25
64,OASIS_2,RandomForest,101,clean_test,clean,clean,23,0.43478260869565216,0.21978021978021978,0.380315336837076,0.24431818181818182
64,OASIS_2,RandomForest,101,gaussian_blur__mild,gaussian_blur,mild,23,0.391304347826087,0.21375,0.36,0.23011363636363635
64,OASIS_2,RandomForest,101,gaussian_blur__moderate,gaussian_blur,moderate,23,0.391304347826087,0.21375,0.36,0.23011363636363635
64,OASIS_2,RandomForest,101,gaussian_blur__severe,gaussian_blur,severe,23,0.43478260869565216,0.24808184143222506,0.41321027465806737,0.26136363636363635
64,OASIS_2,RandomForest,101,motion__mild,motion,mild,23,0.43478260869565216,0.24000000000000002,0.4069565217391304,0.25284090909090906
64,OASIS_2,RandomForest,101,motion__moderate,motion,moderate,23,0.5217391304347826,0.3416666666666667,0.45362318840579713,0.4024621212121212
64,OASIS_2,RandomForest,101,motion__severe,motion,severe,23,0.43478260869565216,0.26989010989010986,0.3968657429526995,0.29640151515151514
64,OASIS_2,RandomForest,101,rician_noise__mild,rician_noise,mild,23,0.4782608695652174,0.2067448680351906,0.37179650643886264,0.2585227272727273
64,OASIS_2,RandomForest,101,rician_noise__moderate,rician_noise,moderate,23,0.4782608695652174,0.16176470588235295,0.309462915601023,0.25
64,OASIS_2,RandomForest,101,rician_noise__severe,rician_noise,severe,23,0.4782608695652174,0.16176470588235295,0.309462915601023,0.25
64,OASIS_2,RandomForest,101,rotation__mild,rotation,mild,23,0.391304347826087,0.19642857142857142,0.3385093167701863,0.2215909090909091
64,OASIS_2,RandomForest,101,rotation__moderate,rotation,moderate,23,0.43478260869565216,0.21485411140583555,0.37089147733825395,0.24431818181818182
64,OASIS_2,RandomForest,101,rotation__severe,rotation,severe,23,0.5217391304347826,0.2222222222222222,0.3961352657004831,0.28125
128,OASIS_1,LinearSVM,13,brightness_contrast__mild,brightness_contrast,mild,36,0.1111111111111111,0.05,0.022222222222222223,0.25
128,OASIS_1,LinearSVM,13,brightness_contrast__moderate,brightness_contrast,moderate,36,0.1111111111111111,0.05,0.022222222222222223,0.25
128,OASIS_1,LinearSVM,13,brightness_contrast__severe,brightness_contrast,severe,36,0.1111111111111111,0.05,0.022222222222222223,0.25
128,OASIS_1,LinearSVM,13,clean_test,clean,clean,36,0.5833333333333334,0.3861111111111111,0.5524691358024691,0.3931818181818182
128,OASIS_1,LinearSVM,13,gaussian_blur__mild,gaussian_blur,mild,36,0.5555555555555556,0.34752415458937197,0.5122450348899624,0.3704545454545455
128,OASIS_1,LinearSVM,13,gaussian_blur__moderate,gaussian_blur,moderate,36,0.4722222222222222,0.2218670076726343,0.4342142654163115,0.23295454545454547
128,OASIS_1,LinearSVM,13,gaussian_blur__severe,gaussian_blur,severe,36,0.5,0.2290362953692115,0.4501460158531498,0.24545454545454548
128,OASIS_1,LinearSVM,13,motion__mild,motion,mild,36,0.25,0.14553571428571427,0.15357142857142858,0.24431818181818182
128,OASIS_1,LinearSVM,13,motion__moderate,motion,moderate,36,0.2777777777777778,0.15833333333333333,0.1675925925925926,0.2670454545454546
128,OASIS_1,LinearSVM,13,motion__severe,motion,severe,36,0.2777777777777778,0.15833333333333333,0.1675925925925926,0.2670454545454546
128,OASIS_1,LinearSVM,13,rician_noise__mild,rician_noise,mild,36,0.1111111111111111,0.05,0.022222222222222223,0.25
128,OASIS_1,LinearSVM,13,rician_noise__moderate,rician_noise,moderate,36,0.1111111111111111,0.05,0.022222222222222223,0.25
128,OASIS_1,LinearSVM,13,rician_noise__severe,rician_noise,severe,36,0.1111111111111111,0.05,0.022222222222222223,0.25
128,OASIS_1,LinearSVM,13,rotation__mild,rotation,mild,36,0.5555555555555556,0.3516399694889397,0.5280108483769811,0.34090909090909094
128,OASIS_1,LinearSVM,13,rotation__moderate,rotation,moderate,36,0.5,0.3013888888888889,0.47530864197530864,0.30568181818181817
128,OASIS_1,LinearSVM,13,rotation__severe,rotation,severe,36,0.5,0.2543290043290043,0.4699374699374699,0.2659090909090909
128,OASIS_1,LinearSVM,47,brightness_contrast__mild,brightness_contrast,mild,36,0.1111111111111111,0.05,0.022222222222222223,0.25
128,OASIS_1,LinearSVM,47,brightness_contrast__moderate,brightness_contrast,moderate,36,0.1111111111111111,0.05,0.022222222222222223,0.25
128,OASIS_1,LinearSVM,47,brightness_contrast__severe,brightness_contrast,severe,36,0.1111111111111111,0.05,0.022222222222222223,0.25
128,OASIS_1,LinearSVM,47,clean_test,clean,clean,36,0.5833333333333334,0.3861111111111111,0.5524691358024691,0.3931818181818182
128,OASIS_1,LinearSVM,47,gaussian_blur__mild,gaussian_blur,mild,36,0.5555555555555556,0.34752415458937197,0.5122450348899624,0.3704545454545455
128,OASIS_1,LinearSVM,47,gaussian_blur__moderate,gaussian_blur,moderate,36,0.4722222222222222,0.2218670076726343,0.4342142654163115,0.23295454545454547
128,OASIS_1,LinearSVM,47,gaussian_blur__severe,gaussian_blur,severe,36,0.5,0.2290362953692115,0.4501460158531498,0.24545454545454548
128,OASIS_1,LinearSVM,47,motion__mild,motion,mild,36,0.25,0.14553571428571427,0.15357142857142858,0.24431818181818182
128,OASIS_1,LinearSVM,47,motion__moderate,motion,moderate,36,0.2777777777777778,0.15833333333333333,0.1675925925925926,0.2670454545454546
128,OASIS_1,LinearSVM,47,motion__severe,motion,severe,36,0.2777777777777778,0.15833333333333333,0.1675925925925926,0.2670454545454546
128,OASIS_1,LinearSVM,47,rician_noise__mild,rician_noise,mild,36,0.1111111111111111,0.05,0.022222222222222223,0.25
128,OASIS_1,LinearSVM,47,rician_noise__moderate,rician_noise,moderate,36,0.1111111111111111,0.05,0.022222222222222223,0.25
128,OASIS_1,LinearSVM,47,rician_noise__severe,rician_noise,severe,36,0.1111111111111111,0.05,0.022222222222222223,0.25
128,OASIS_1,LinearSVM,47,rotation__mild,rotation,mild,36,0.5555555555555556,0.3516399694889397,0.5280108483769811,0.34090909090909094
128,OASIS_1,LinearSVM,47,rotation__moderate,rotation,moderate,36,0.5,0.3013888888888889,0.47530864197530864,0.30568181818181817
128,OASIS_1,LinearSVM,47,rotation__severe,rotation,severe,36,0.5,0.2543290043290043,0.4699374699374699,0.2659090909090909
128,OASIS_1,LinearSVM,101,brightness_contrast__mild,brightness_contrast,mild,36,0.1111111111111111,0.05,0.022222222222222223,0.25
128,OASIS_1,LinearSVM,101,brightness_contrast__moderate,brightness_contrast,moderate,36,0.1111111111111111,0.05,0.022222222222222223,0.25
128,OASIS_1,LinearSVM,101,brightness_contrast__severe,brightness_contrast,severe,36,0.1111111111111111,0.05,0.022222222222222223,0.25
128,OASIS_1,LinearSVM,101,clean_test,clean,clean,36,0.5833333333333334,0.3861111111111111,0.5524691358024691,0.3931818181818182
128,OASIS_1,LinearSVM,101,gaussian_blur__mild,gaussian_blur,mild,36,0.5555555555555556,0.34752415458937197,0.5122450348899624,0.3704545454545455
128,OASIS_1,LinearSVM,101,gaussian_blur__moderate,gaussian_blur,moderate,36,0.4722222222222222,0.2218670076726343,0.4342142654163115,0.23295454545454547
128,OASIS_1,LinearSVM,101,gaussian_blur__severe,gaussian_blur,severe,36,0.5,0.2290362953692115,0.4501460158531498,0.24545454545454548
128,OASIS_1,LinearSVM,101,motion__mild,motion,mild,36,0.25,0.14553571428571427,0.15357142857142858,0.24431818181818182
128,OASIS_1,LinearSVM,101,motion__moderate,motion,moderate,36,0.2777777777777778,0.15833333333333333,0.1675925925925926,0.2670454545454546
128,OASIS_1,LinearSVM,101,motion__severe,motion,severe,36,0.2777777777777778,0.15833333333333333,0.1675925925925926,0.2670454545454546
128,OASIS_1,LinearSVM,101,rician_noise__mild,rician_noise,mild,36,0.1111111111111111,0.05,0.022222222222222223,0.25
128,OASIS_1,LinearSVM,101,rician_noise__moderate,rician_noise,moderate,36,0.1111111111111111,0.05,0.022222222222222223,0.25
128,OASIS_1,LinearSVM,101,rician_noise__severe,rician_noise,severe,36,0.1111111111111111,0.05,0.022222222222222223,0.25
128,OASIS_1,LinearSVM,101,rotation__mild,rotation,mild,36,0.5555555555555556,0.3516399694889397,0.5280108483769811,0.34090909090909094
128,OASIS_1,LinearSVM,101,rotation__moderate,rotation,moderate,36,0.5,0.3013888888888889,0.47530864197530864,0.30568181818181817
128,OASIS_1,LinearSVM,101,rotation__severe,rotation,severe,36,0.5,0.2543290043290043,0.4699374699374699,0.2659090909090909
128,OASIS_1,RandomForest,13,brightness_contrast__mild,brightness_contrast,mild,36,0.5833333333333334,0.22364672364672364,0.45853118075340293,0.2727272727272727
128,OASIS_1,RandomForest,13,brightness_contrast__moderate,brightness_contrast,moderate,36,0.5277777777777778,0.20772058823529413,0.4303513071895425,0.24772727272727274
128,OASIS_1,RandomForest,13,brightness_contrast__severe,brightness_contrast,severe,36,0.5277777777777778,0.2055256064690027,0.42100928421683137,0.24772727272727274
128,OASIS_1,RandomForest,13,clean_test,clean,clean,36,0.5833333333333334,0.22348484848484848,0.45496632996632996,0.2727272727272727
128,OASIS_1,RandomForest,13,gaussian_blur__mild,gaussian_blur,mild,36,0.6111111111111112,0.26373626373626374,0.5146520146520147,0.29545454545454547
128,OASIS_1,RandomForest,13,gaussian_blur__moderate,gaussian_blur,moderate,36,0.5555555555555556,0.24666666666666665,0.48148148148148145,0.27045454545454545
128,OASIS_1,RandomForest,13,gaussian_blur__severe,gaussian_blur,severe,36,0.5555555555555556,0.31156462585034017,0.4987150415721844,0.32045454545454544
128,OASIS_1,RandomForest,13,motion__mild,motion,mild,36,0.5555555555555556,0.17857142857142858,0.39682539682539686,0.25
128,OASIS_1,RandomForest,13,motion__moderate,motion,moderate,36,0.5833333333333334,0.22348484848484848,0.45496632996632996,0.2727272727272727
128,OASIS_1,RandomForest,13,motion__severe,motion,severe,36,0.5555555555555556,0.17857142857142858,0.39682539682539686,0.25
128,OASIS_1,RandomForest,13,rician_noise__mild,rician_noise,mild,36,0.5555555555555556,0.17857142857142858,0.39682539682539686,0.25
128,OASIS_1,RandomForest,13,rician_noise__moderate,rician_noise,moderate,36,0.5555555555555556,0.17857142857142858,0.39682539682539686,0.25
128,OASIS_1,RandomForest,13,rician_noise__severe,rician_noise,severe,36,0.5555555555555556,0.17857142857142858,0.39682539682539686,0.25
128,OASIS_1,RandomForest,13,rotation__mild,rotation,mild,36,0.5555555555555556,0.2143874643874644,0.4379550490661602,0.2602272727272727
128,OASIS_1,RandomForest,13,rotation__moderate,rotation,moderate,36,0.5555555555555556,0.2143874643874644,0.4379550490661602,0.2602272727272727
128,OASIS_1,RandomForest,13,rotation__severe,rotation,severe,36,0.5555555555555556,0.2143874643874644,0.4379550490661602,0.2602272727272727
128,OASIS_1,RandomForest,47,brightness_contrast__mild,brightness_contrast,mild,36,0.5,0.19791666666666666,0.40856481481481477,0.23522727272727273
128,OASIS_1,RandomForest,47,brightness_contrast__moderate,brightness_contrast,moderate,36,0.5277777777777778,0.2064102564102564,0.4253561253561254,0.24772727272727274
128,OASIS_1,RandomForest,47,brightness_contrast__severe,brightness_contrast,severe,36,0.5555555555555556,0.23974358974358972,0.4660968660968661,0.27045454545454545
128,OASIS_1,RandomForest,47,clean_test,clean,clean,36,0.5833333333333334,0.22364672364672364,0.45853118075340293,0.2727272727272727
128,OASIS_1,RandomForest,47,gaussian_blur__mild,gaussian_blur,mild,36,0.5833333333333334,0.2529411764705882,0.4954248366013072,0.28295454545454546
128,OASIS_1,RandomForest,47,gaussian_blur__moderate,gaussian_blur,moderate,36,0.5277777777777778,0.23596938775510204,0.4618764172335601,0.25795454545454544
128,OASIS_1,RandomForest,47,gaussian_blur__severe,gaussian_blur,severe,36,0.5555555555555556,0.31156462585034017,0.4987150415721844,0.32045454545454544
128,OASIS_1,RandomForest,47,motion__mild,motion,mild,36,0.5833333333333334,0.22348484848484848,0.45496632996632996,0.2727272727272727
128,OASIS_1,RandomForest,47,motion__moderate,motion,moderate,36,0.5555555555555556,0.17857142857142858,0.39682539682539686,0.25
128,OASIS_1,RandomForest,47,motion__severe,motion,severe,36,0.5555555555555556,0.17857142857142858,0.39682539682539686,0.25
128,OASIS_1,RandomForest,47,rician_noise__mild,rician_noise,mild,36,0.5555555555555556,0.17857142857142858,0.39682539682539686,0.25
128,OASIS_1,RandomForest,47,rician_noise__moderate,rician_noise,moderate,36,0.5555555555555556,0.17857142857142858,0.39682539682539686,0.25
128,OASIS_1,RandomForest,47,rician_noise__severe,rician_noise,severe,36,0.5555555555555556,0.17857142857142858,0.39682539682539686,0.25
128,OASIS_1,RandomForest,47,rotation__mild,rotation,mild,36,0.5277777777777778,0.2055256064690027,0.42100928421683137,0.24772727272727274
128,OASIS_1,RandomForest,47,rotation__moderate,rotation,moderate,36,0.5555555555555556,0.2143874643874644,0.4379550490661602,0.2602272727272727
128,OASIS_1,RandomForest,47,rotation__severe,rotation,severe,36,0.5277777777777778,0.2055256064690027,0.42100928421683137,0.24772727272727274
128,OASIS_1,RandomForest,101,brightness_contrast__mild,brightness_contrast,mild,36,0.5277777777777778,0.2064102564102564,0.4253561253561254,0.24772727272727274
128,OASIS_1,RandomForest,101,brightness_contrast__moderate,brightness_contrast,moderate,36,0.5277777777777778,0.20772058823529413,0.4303513071895425,0.24772727272727274
128,OASIS_1,RandomForest,101,brightness_contrast__severe,brightness_contrast,severe,36,0.5555555555555556,0.23974358974358972,0.4660968660968661,0.27045454545454545
128,OASIS_1,RandomForest,101,clean_test,clean,clean,36,0.5833333333333334,0.22364672364672364,0.45853118075340293,0.2727272727272727
128,OASIS_1,RandomForest,101,gaussian_blur__mild,gaussian_blur,mild,36,0.5833333333333334,0.24935897435897436,0.4874643874643874,0.28295454545454546
128,OASIS_1,RandomForest,101,gaussian_blur__moderate,gaussian_blur,moderate,36,0.5555555555555556,0.2461734693877551,0.4845521541950113,0.27045454545454545
128,OASIS_1,RandomForest,101,gaussian_blur__severe,gaussian_blur,severe,36,0.5277777777777778,0.23596938775510204,0.4618764172335601,0.25795454545454544
128,OASIS_1,RandomForest,101,motion__mild,motion,mild,36,0.5555555555555556,0.17857142857142858,0.39682539682539686,0.25
128,OASIS_1,RandomForest,101,motion__moderate,motion,moderate,36,0.5555555555555556,0.17857142857142858,0.39682539682539686,0.25
128,OASIS_1,RandomForest,101,motion__severe,motion,severe,36,0.5555555555555556,0.17857142857142858,0.39682539682539686,0.25
128,OASIS_1,RandomForest,101,rician_noise__mild,rician_noise,mild,36,0.5555555555555556,0.17857142857142858,0.39682539682539686,0.25
128,OASIS_1,RandomForest,101,rician_noise__moderate,rician_noise,moderate,36,0.5555555555555556,0.17857142857142858,0.39682539682539686,0.25
128,OASIS_1,RandomForest,101,rician_noise__severe,rician_noise,severe,36,0.5555555555555556,0.17857142857142858,0.39682539682539686,0.25
128,OASIS_1,RandomForest,101,rotation__mild,rotation,mild,36,0.5555555555555556,0.2143874643874644,0.4379550490661602,0.2602272727272727
128,OASIS_1,RandomForest,101,rotation__moderate,rotation,moderate,36,0.5555555555555556,0.2143874643874644,0.4379550490661602,0.2602272727272727
128,OASIS_1,RandomForest,101,rotation__severe,rotation,severe,36,0.5833333333333334,0.25067385444743934,0.4856244384546271,0.28295454545454546
128,OASIS_2,LinearSVM,13,brightness_contrast__mild,brightness_contrast,mild,23,0.4782608695652174,0.2777777777777778,0.4444444444444444,0.30965909090909094
128,OASIS_2,LinearSVM,13,brightness_contrast__moderate,brightness_contrast,moderate,23,0.43478260869565216,0.23461538461538461,0.37859531772575256,0.2869318181818182
128,OASIS_2,LinearSVM,13,brightness_contrast__severe,brightness_contrast,severe,23,0.34782608695652173,0.13333333333333333,0.1855072463768116,0.25
128,OASIS_2,LinearSVM,13,clean_test,clean,clean,23,0.391304347826087,0.23128342245989303,0.381074168797954,0.23863636363636365
128,OASIS_2,LinearSVM,13,gaussian_blur__mild,gaussian_blur,mild,23,0.43478260869565216,0.263768115942029,0.4350346565847511,0.26136363636363635
128,OASIS_2,LinearSVM,13,gaussian_blur__moderate,gaussian_blur,moderate,23,0.391304347826087,0.23214285714285715,0.38819875776397517,0.23011363636363635
128,OASIS_2,LinearSVM,13,gaussian_blur__severe,gaussian_blur,severe,23,0.391304347826087,0.225,0.3782608695652174,0.23011363636363635
128,OASIS_2,LinearSVM,13,motion__mild,motion,mild,23,0.43478260869565216,0.21957671957671956,0.342765125373821,0.29545454545454547
128,OASIS_2,LinearSVM,13,motion__moderate,motion,moderate,23,0.34782608695652173,0.12903225806451613,0.17952314165497896,0.25
128,OASIS_2,LinearSVM,13,motion__severe,motion,severe,23,0.34782608695652173,0.12903225806451613,0.17952314165497896,0.25
128,OASIS_2,LinearSVM,13,rician_noise__mild,rician_noise,mild,23,0.5217391304347826,0.29292929292929293,0.46552481335090024,0.34090909090909094
128,OASIS_2,LinearSVM,13,rician_noise__moderate,rician_noise,moderate,23,0.34782608695652173,0.12903225806451613,0.17952314165497896,0.25
128,OASIS_2,LinearSVM,13,rician_noise__severe,rician_noise,severe,23,0.391304347826087,0.3833333333333333,0.2289855072463768,0.5
128,OASIS_2,LinearSVM,13,rotation__mild,rotation,mild,23,0.30434782608695654,0.22790346907993966,0.34947865433798936,0.23674242424242425
128,OASIS_2,LinearSVM,13,rotation__moderate,rotation,moderate,23,0.17391304347826086,0.09523809523809523,0.18219461697722564,0.09090909090909091
128,OASIS_2,LinearSVM,13,rotation__severe,rotation,severe,23,0.21739130434782608,0.1286231884057971,0.22432262129804661,0.12215909090909091
128,OASIS_2,LinearSVM,47,brightness_contrast__mild,brightness_contrast,mild,23,0.4782608695652174,0.2777777777777778,0.4444444444444444,0.30965909090909094
128,OASIS_2,LinearSVM,47,brightness_contrast__moderate,brightness_contrast,moderate,23,0.43478260869565216,0.23461538461538461,0.37859531772575256,0.2869318181818182
128,OASIS_2,LinearSVM,47,brightness_contrast__severe,brightness_contrast,severe,23,0.34782608695652173,0.13333333333333333,0.1855072463768116,0.25
128,OASIS_2,LinearSVM,47,clean_test,clean,clean,23,0.391304347826087,0.23128342245989303,0.381074168797954,0.23863636363636365
128,OASIS_2,LinearSVM,47,gaussian_blur__mild,gaussian_blur,mild,23,0.43478260869565216,0.263768115942029,0.4350346565847511,0.26136363636363635
128,OASIS_2,LinearSVM,47,gaussian_blur__moderate,gaussian_blur,moderate,23,0.391304347826087,0.23214285714285715,0.38819875776397517,0.23011363636363635
128,OASIS_2,LinearSVM,47,gaussian_blur__severe,gaussian_blur,severe,23,0.391304347826087,0.225,0.3782608695652174,0.23011363636363635
128,OASIS_2,LinearSVM,47,motion__mild,motion,mild,23,0.43478260869565216,0.21957671957671956,0.342765125373821,0.29545454545454547
128,OASIS_2,LinearSVM,47,motion__moderate,motion,moderate,23,0.34782608695652173,0.12903225806451613,0.17952314165497896,0.25
128,OASIS_2,LinearSVM,47,motion__severe,motion,severe,23,0.34782608695652173,0.12903225806451613,0.17952314165497896,0.25
128,OASIS_2,LinearSVM,47,rician_noise__mild,rician_noise,mild,23,0.5217391304347826,0.29292929292929293,0.46552481335090024,0.34090909090909094
128,OASIS_2,LinearSVM,47,rician_noise__moderate,rician_noise,moderate,23,0.34782608695652173,0.12903225806451613,0.17952314165497896,0.25
128,OASIS_2,LinearSVM,47,rician_noise__severe,rician_noise,severe,23,0.391304347826087,0.3833333333333333,0.2289855072463768,0.5
128,OASIS_2,LinearSVM,47,rotation__mild,rotation,mild,23,0.30434782608695654,0.22790346907993966,0.34947865433798936,0.23674242424242425
128,OASIS_2,LinearSVM,47,rotation__moderate,rotation,moderate,23,0.17391304347826086,0.09523809523809523,0.18219461697722564,0.09090909090909091
128,OASIS_2,LinearSVM,47,rotation__severe,rotation,severe,23,0.21739130434782608,0.1286231884057971,0.22432262129804661,0.12215909090909091
128,OASIS_2,LinearSVM,101,brightness_contrast__mild,brightness_contrast,mild,23,0.4782608695652174,0.2777777777777778,0.4444444444444444,0.30965909090909094
128,OASIS_2,LinearSVM,101,brightness_contrast__moderate,brightness_contrast,moderate,23,0.43478260869565216,0.23461538461538461,0.37859531772575256,0.2869318181818182
128,OASIS_2,LinearSVM,101,brightness_contrast__severe,brightness_contrast,severe,23,0.34782608695652173,0.13333333333333333,0.1855072463768116,0.25
128,OASIS_2,LinearSVM,101,clean_test,clean,clean,23,0.391304347826087,0.23128342245989303,0.381074168797954,0.23863636363636365
128,OASIS_2,LinearSVM,101,gaussian_blur__mild,gaussian_blur,mild,23,0.43478260869565216,0.263768115942029,0.4350346565847511,0.26136363636363635
128,OASIS_2,LinearSVM,101,gaussian_blur__moderate,gaussian_blur,moderate,23,0.391304347826087,0.23214285714285715,0.38819875776397517,0.23011363636363635
128,OASIS_2,LinearSVM,101,gaussian_blur__severe,gaussian_blur,severe,23,0.391304347826087,0.225,0.3782608695652174,0.23011363636363635
128,OASIS_2,LinearSVM,101,motion__mild,motion,mild,23,0.43478260869565216,0.21957671957671956,0.342765125373821,0.29545454545454547
128,OASIS_2,LinearSVM,101,motion__moderate,motion,moderate,23,0.34782608695652173,0.12903225806451613,0.17952314165497896,0.25
128,OASIS_2,LinearSVM,101,motion__severe,motion,severe,23,0.34782608695652173,0.12903225806451613,0.17952314165497896,0.25
128,OASIS_2,LinearSVM,101,rician_noise__mild,rician_noise,mild,23,0.5217391304347826,0.29292929292929293,0.46552481335090024,0.34090909090909094
128,OASIS_2,LinearSVM,101,rician_noise__moderate,rician_noise,moderate,23,0.34782608695652173,0.12903225806451613,0.17952314165497896,0.25
128,OASIS_2,LinearSVM,101,rician_noise__severe,rician_noise,severe,23,0.391304347826087,0.3833333333333333,0.2289855072463768,0.5
128,OASIS_2,LinearSVM,101,rotation__mild,rotation,mild,23,0.30434782608695654,0.22790346907993966,0.34947865433798936,0.23674242424242425
128,OASIS_2,LinearSVM,101,rotation__moderate,rotation,moderate,23,0.17391304347826086,0.09523809523809523,0.18219461697722564,0.09090909090909091
128,OASIS_2,LinearSVM,101,rotation__severe,rotation,severe,23,0.21739130434782608,0.1286231884057971,0.22432262129804661,0.12215909090909091
128,OASIS_2,RandomForest,13,brightness_contrast__mild,brightness_contrast,mild,23,0.4782608695652174,0.20625,0.3684782608695652,0.2585227272727273
128,OASIS_2,RandomForest,13,brightness_contrast__moderate,brightness_contrast,moderate,23,0.4782608695652174,0.20625,0.3684782608695652,0.2585227272727273
128,OASIS_2,RandomForest,13,brightness_contrast__severe,brightness_contrast,severe,23,0.391304347826087,0.140625,0.26902173913043476,0.20454545454545456
128,OASIS_2,RandomForest,13,clean_test,clean,clean,23,0.43478260869565216,0.22962962962962963,0.3871175523349436,0.25284090909090906
128,OASIS_2,RandomForest,13,gaussian_blur__mild,gaussian_blur,mild,23,0.391304347826087,0.2091346153846154,0.3511705685618729,0.23011363636363635
128,OASIS_2,RandomForest,13,gaussian_blur__moderate,gaussian_blur,moderate,23,0.34782608695652173,0.19375,0.32173913043478264,0.20738636363636365
128,OASIS_2,RandomForest,13,gaussian_blur__severe,gaussian_blur,severe,23,0.391304347826087,0.23015873015873015,0.38233264320220844,0.23863636363636365
128,OASIS_2,RandomForest,13,motion__mild,motion,mild,23,0.4782608695652174,0.25,0.42236024844720493,0.2755681818181818
128,OASIS_2,RandomForest,13,motion__moderate,motion,moderate,23,0.43478260869565216,0.21485411140583555,0.37089147733825395,0.24431818181818182
128,OASIS_2,RandomForest,13,motion__severe,motion,severe,23,0.5217391304347826,0.25,0.43478260869565216,0.2897727272727273
128,OASIS_2,RandomForest,13,rician_noise__mild,rician_noise,mild,23,0.5652173913043478,0.2877984084880637,0.49037019951562677,0.3210227272727273
128,OASIS_2,RandomForest,13,rician_noise__moderate,rician_noise,moderate,23,0.4782608695652174,0.16176470588235295,0.309462915601023,0.25
128,OASIS_2,RandomForest,13,rician_noise__severe,rician_noise,severe,23,0.4782608695652174,0.16176470588235295,0.309462915601023,0.25
128,OASIS_2,RandomForest,13,rotation__mild,rotation,mild,23,0.43478260869565216,0.21485411140583555,0.37089147733825395,0.24431818181818182
128,OASIS_2,RandomForest,13,rotation__moderate,rotation,moderate,23,0.43478260869565216,0.21485411140583555,0.37089147733825395,0.24431818181818182
128,OASIS_2,RandomForest,13,rotation__severe,rotation,severe,23,0.4782608695652174,0.2067448680351906,0.37179650643886264,0.2585227272727273
128,OASIS_2,RandomForest,47,brightness_contrast__mild,brightness_contrast,mild,23,0.5217391304347826,0.25219941348973607,0.43503761315823025,0.2897727272727273
128,OASIS_2,RandomForest,47,brightness_contrast__moderate,brightness_contrast,moderate,23,0.4782608695652174,0.20625,0.3684782608695652,0.2585227272727273
128,OASIS_2,RandomForest,47,brightness_contrast__severe,brightness_contrast,severe,23,0.43478260869565216,0.15151515151515152,0.2898550724637681,0.22727272727272727
128,OASIS_2,RandomForest,47,clean_test,clean,clean,23,0.43478260869565216,0.21485411140583555,0.37089147733825395,0.24431818181818182
128,OASIS_2,RandomForest,47,gaussian_blur__mild,gaussian_blur,mild,23,0.391304347826087,0.2091346153846154,0.3511705685618729,0.23011363636363635
128,OASIS_2,RandomForest,47,gaussian_blur__moderate,gaussian_blur,moderate,23,0.391304347826087,0.27881493506493504,0.38509316770186336,0.29071969696969696
128,OASIS_2,RandomForest,47,gaussian_blur__severe,gaussian_blur,severe,23,0.391304347826087,0.27875816993464053,0.4023302074452969,0.29924242424242425
128,OASIS_2,RandomForest,47,motion__mild,motion,mild,23,0.43478260869565216,0.21485411140583555,0.37089147733825395,0.24431818181818182
128,OASIS_2,RandomForest,47,motion__moderate,motion,moderate,23,0.4782608695652174,0.23333333333333334,0.40289855072463765,0.2670454545454546
128,OASIS_2,RandomForest,47,motion__severe,motion,severe,23,0.4782608695652174,0.2067448680351906,0.37179650643886264,0.2585227272727273
128,OASIS_2,RandomForest,47,rician_noise__mild,rician_noise,mild,23,0.5652173913043478,0.2877984084880637,0.49037019951562677,0.3210227272727273
128,OASIS_2,RandomForest,47,rician_noise__moderate,rician_noise,moderate,23,0.4782608695652174,0.16176470588235295,0.309462915601023,0.25
128,OASIS_2,RandomForest,47,rician_noise__severe,rician_noise,severe,23,0.4782608695652174,0.16176470588235295,0.309462915601023,0.25
128,OASIS_2,RandomForest,47,rotation__mild,rotation,mild,23,0.43478260869565216,0.21485411140583555,0.37089147733825395,0.24431818181818182
128,OASIS_2,RandomForest,47,rotation__moderate,rotation,moderate,23,0.4782608695652174,0.23333333333333334,0.40289855072463765,0.2670454545454546
128,OASIS_2,RandomForest,47,rotation__severe,rotation,severe,23,0.4782608695652174,0.2067448680351906,0.37179650643886264,0.2585227272727273
128,OASIS_2,RandomForest,101,brightness_contrast__mild,brightness_contrast,mild,23,0.43478260869565216,0.15151515151515152,0.2898550724637681,0.22727272727272727
128,OASIS_2,RandomForest,101,brightness_contrast__moderate,brightness_contrast,moderate,23,0.4782608695652174,0.20625,0.3684782608695652,0.2585227272727273
128,OASIS_2,RandomForest,101,brightness_contrast__severe,brightness_contrast,severe,23,0.391304347826087,0.140625,0.26902173913043476,0.20454545454545456
128,OASIS_2,RandomForest,101,clean_test,clean,clean,23,0.391304347826087,0.19642857142857142,0.3385093167701863,0.2215909090909091
128,OASIS_2,RandomForest,101,gaussian_blur__mild,gaussian_blur,mild,23,0.391304347826087,0.2091346153846154,0.3511705685618729,0.23011363636363635
128,OASIS_2,RandomForest,101,gaussian_blur__moderate,gaussian_blur,moderate,23,0.34782608695652173,0.19791666666666669,0.32971014492753625,0.20738636363636365
128,OASIS_2,RandomForest,101,gaussian_blur__severe,gaussian_blur,severe,23,0.34782608695652173,0.21637426900584794,0.3559623696923468,0.2159090909090909
128,OASIS_2,RandomForest,101,motion__mild,motion,mild,23,0.4782608695652174,0.25,0.42236024844720493,0.2755681818181818
128,OASIS_2,RandomForest,101,motion__moderate,motion,moderate,23,0.43478260869565216,0.21485411140583555,0.37089147733825395,0.24431818181818182
128,OASIS_2,RandomForest,101,motion__severe,motion,severe,23,0.4782608695652174,0.20625,0.3684782608695652,0.2585227272727273
128,OASIS_2,RandomForest,101,rician_noise__mild,rician_noise,mild,23,0.5652173913043478,0.2877984084880637,0.49037019951562677,0.3210227272727273
128,OASIS_2,RandomForest,101,rician_noise__moderate,rician_noise,moderate,23,0.4782608695652174,0.16176470588235295,0.309462915601023,0.25
128,OASIS_2,RandomForest,101,rician_noise__severe,rician_noise,severe,23,0.4782608695652174,0.16176470588235295,0.309462915601023,0.25
128,OASIS_2,RandomForest,101,rotation__mild,rotation,mild,23,0.43478260869565216,0.21485411140583555,0.37089147733825395,0.24431818181818182
128,OASIS_2,RandomForest,101,rotation__moderate,rotation,moderate,23,0.5217391304347826,0.25,0.43478260869565216,0.2897727272727273
128,OASIS_2,RandomForest,101,rotation__severe,rotation,severe,23,0.4782608695652174,0.2067448680351906,0.37179650643886264,0.2585227272727273
