resolution,dataset,model,DRI_mean,DRI_sd
32,OASIS_1,LinearSVM,97.64705882352943,0.0
32,OASIS_1,RandomForest,93.67484367484367,1.9096930645398384
32,OASIS_2,LinearSVM,88.88888888888887,0.0
32,OASIS_2,RandomForest,118.54938271604938,7.786774631887695
64,OASIS_1,LinearSVM,71.23456790123457,0.8553337321327847
64,OASIS_1,RandomForest,92.85233285233285,1.816654190775342
64,OASIS_2,LinearSVM,77.57575757575756,0.0
64,OASIS_2,RandomForest,112.41975308641975,7.072554939981585
128,OASIS_1,LinearSVM,52.063492063492056,0.0
128,OASIS_1,RandomForest,94.92063492063492,0.9523809523809526
128,OASIS_2,LinearSVM,94.81481481481482,0.0
128,OASIS_2,RandomForest,108.2716049382716,5.754146037108321
