resolution,dataset,model,condition,distortion,severity,ARR_mean,ARR_sd,delta_accuracy_mean,delta_accuracy_sd,delta_macro_f1_mean,delta_macro_f1_sd
32,OASIS_1,LinearSVM,brightness_contrast__mild,brightness_contrast,mild,100.0,0.0,0.0,0.0,-0.1277777777777778,0.0
32,OASIS_1,LinearSVM,brightness_contrast__moderate,brightness_contrast,moderate,111.76470588235294,0.0,0.05555555555555558,0.0,-0.12171717171717172,0.0
32,OASIS_1,LinearSVM,brightness_contrast__severe,brightness_contrast,severe,117.64705882352943,0.0,0.08333333333333337,0.0,-0.11587301587301586,0.0
32,OASIS_1,LinearSVM,gaussian_blur__mild,gaussian_blur,mild,105.88235294117648,0.0,0.02777777777777779,0.0,0.010755896561523148,0.0
32,OASIS_1,LinearSVM,gaussian_blur__moderate,gaussian_blur,moderate,100.0,0.0,0.0,0.0,-0.07604644694757334,0.0
32,OASIS_1,LinearSVM,gaussian_blur__severe,gaussian_blur,severe,111.76470588235294,0.0,0.05555555555555558,0.0,-0.05069444444444443,0.0
32,OASIS_1,LinearSVM,motion__mild,motion,mild,52.94117647058824,0.0,-0.2222222222222222,0.0,-0.18468834688346888,0.0
32,OASIS_1,LinearSVM,motion__moderate,motion,moderate,52.94117647058824,0.0,-0.2222222222222222,0.0,-0.19444444444444445,0.0
32,OASIS_1,LinearSVM,motion__severe,motion,severe,64.70588235294117,0.0,-0.16666666666666663,0.0,-0.1774231678486998,0.0
32,OASIS_1,LinearSVM,rician_noise__mild,rician_noise,mild,111.76470588235294,0.0,0.05555555555555558,0.0,-0.11851851851851852,0.0
32,OASIS_1,LinearSVM,rician_noise__moderate,rician_noise,moderate,117.64705882352943,0.0,0.08333333333333337,0.0,-0.11587301587301586,0.0
32,OASIS_1,LinearSVM,rician_noise__severe,rician_noise,severe,117.64705882352943,0.0,0.08333333333333337,0.0,-0.11587301587301586,0.0
32,OASIS_1,LinearSVM,rotation__mild,rotation,mild,88.23529411764707,0.0,-0.055555555555555525,0.0,-0.11217494089834518,0.0
32,OASIS_1,LinearSVM,rotation__moderate,rotation,moderate,117.64705882352943,0.0,0.08333333333333337,0.0,0.058415967454869044,0.0
32,OASIS_1,LinearSVM,rotation__severe,rotation,severe,94.11764705882352,0.0,-0.02777777777777779,0.0,-0.07979797979797981,0.0
32,OASIS_1,RandomForest,brightness_contrast__mild,brightness_contrast,mild,89.24963924963924,2.5087068760048656,-0.06481481481481484,0.01603750747748961,-0.04026864702965332,0.020633057212738892
32,OASIS_1,RandomForest,brightness_contrast__moderate,brightness_contrast,moderate,89.24963924963924,2.5087068760048656,-0.06481481481481484,0.01603750747748961,-0.040459348478216396,0.020730852743782318
32,OASIS_1,RandomForest,brightness_contrast__severe,brightness_contrast,severe,89.24963924963924,2.508706876004872,-0.06481481481481484,0.01603750747748961,-0.03230219000659252,0.021142556908849242
32,OASIS_1,RandomForest,gaussian_blur__mild,gaussian_blur,mild,100.0,0.0,0.0,0.0,0.0,0.0
32,OASIS_1,RandomForest,gaussian_blur__moderate,gaussian_blur,moderate,101.58730158730158,2.7492869961410795,0.009259259259259264,0.01603750747748961,0.012874471207804541,0.022299238252500114
32,OASIS_1,RandomForest,gaussian_blur__severe,gaussian_blur,severe,96.96969696969695,5.248638810814781,-0.018518518518518528,0.03207501495497923,0.00847183126132442,0.025536316439157224
32,OASIS_1,RandomForest,motion__mild,motion,mild,92.35209235209236,2.4993518146737017,-0.046296296296296315,0.01603750747748961,-0.07066236232902899,0.022299238252500114
32,OASIS_1,RandomForest,motion__moderate,motion,moderate,93.86724386724386,2.5641205835377847,-0.037037037037037056,0.016037507477489613,-0.055691222357889016,0.024319222669090375
32,OASIS_1,RandomForest,motion__severe,motion,severe,93.93939393939394,5.248638810814781,-0.037037037037037056,0.03207501495497922,-0.055691222357889016,0.0482300133297398
32,OASIS_1,RandomForest,rician_noise__mild,rician_noise,mild,92.35209235209236,2.4993518146737017,-0.046296296296296315,0.01603750747748961,-0.07066236232902899,0.022299238252500114
32,OASIS_1,RandomForest,rician_noise__moderate,rician_noise,moderate,90.76479076479076,0.2499351814673638,-0.05555555555555558,0.0,-0.07154419654419654,0.020771856587977297
32,OASIS_1,RandomForest,rician_noise__severe,rician_noise,severe,92.35209235209236,2.4993518146737017,-0.046296296296296315,0.01603750747748961,-0.07066236232902899,0.022299238252500114
32,OASIS_1,RandomForest,rotation__mild,rotation,mild,100.0,0.0,0.0,0.0,0.0,0.0
32,OASIS_1,RandomForest,rotation__moderate,rotation,moderate,92.35209235209236,2.4993518146737017,-0.046296296296296315,0.01603750747748961,-0.026394284727618057,0.019624483479267086
32,OASIS_1,RandomForest,rotation__severe,rotation,severe,90.83694083694083,4.437669354886519,-0.05555555555555558,0.02777777777777779,-0.02934823736710529,0.03974456574143901
32,OASIS_2,LinearSVM,brightness_contrast__mild,brightness_contrast,mild,122.22222222222221,0.0,0.08695652173913043,0.0,0.06290887064207834,0.0
32,OASIS_2,LinearSVM,brightness_contrast__moderate,brightness_contrast,moderate,88.88888888888887,0.0,-0.043478260869565244,0.0,-0.022241505297771275,0.0
32,OASIS_2,LinearSVM,brightness_contrast__severe,brightness_contrast,severe,77.77777777777779,0.0,-0.08695652173913043,0.0,-0.0979804215539289,0.0
32,OASIS_2,LinearSVM,gaussian_blur__mild,gaussian_blur,mild,100.0,0.0,0.0,0.0,0.0,0.0
32,OASIS_2,LinearSVM,gaussian_blur__moderate,gaussian_blur,moderate,122.22222222222221,0.0,0.08695652173913043,0.0,0.029478071421805446,0.0
32,OASIS_2,LinearSVM,gaussian_blur__severe,gaussian_blur,severe,122.22222222222221,0.0,0.08695652173913043,0.0,0.046329923273657314,0.0
32,OASIS_2,LinearSVM,motion__mild,motion,mild,88.88888888888887,0.0,-0.043478260869565244,0.0,-0.03200341005967605,0.0
32,OASIS_2,LinearSVM,motion__moderate,motion,moderate,77.77777777777779,0.0,-0.08695652173913043,0.0,-0.10200341005967602,0.0
32,OASIS_2,LinearSVM,motion__severe,motion,severe,88.88888888888887,0.0,-0.043478260869565244,0.0,-0.08963781866182657,0.0
32,OASIS_2,LinearSVM,rician_noise__mild,rician_noise,mild,111.1111111111111,0.0,0.04347826086956519,0.0,0.029450224025536986,0.0
32,OASIS_2,LinearSVM,rician_noise__moderate,rician_noise,moderate,88.88888888888887,0.0,-0.043478260869565244,0.0,-0.08533674339300938,0.0
32,OASIS_2,LinearSVM,rician_noise__severe,rician_noise,severe,88.88888888888887,0.0,-0.043478260869565244,0.0,-0.08963781866182657,0.0
32,OASIS_2,LinearSVM,rotation__mild,rotation,mild,66.66666666666666,0.0,-0.13043478260869568,0.0,-0.04367007672634271,0.0
32,OASIS_2,LinearSVM,rotation__moderate,rotation,moderate,33.33333333333333,0.0,-0.26086956521739135,0.0,-0.1398821979384639,0.0
32,OASIS_2,LinearSVM,rotation__severe,rotation,severe,55.55555555555555,0.0,-0.1739130434782609,0.0,-0.09009864815491414,0.0
32,OASIS_2,RandomForest,brightness_contrast__mild,brightness_contrast,mild,127.31481481481482,8.820629112619292,0.10144927536231885,0.025102185616940265,-0.041419054801407736,0.018301263340658316
32,OASIS_2,RandomForest,brightness_contrast__moderate,brightness_contrast,moderate,127.31481481481482,8.820629112619292,0.10144927536231885,0.025102185616940265,-0.041419054801407736,0.018301263340658316
32,OASIS_2,RandomForest,brightness_contrast__severe,brightness_contrast,severe,127.31481481481482,8.820629112619292,0.10144927536231885,0.025102185616940265,-0.041419054801407736,0.018301263340658316
32,OASIS_2,RandomForest,gaussian_blur__mild,gaussian_blur,mild,96.2962962962963,6.415002990995841,-0.014492753623188415,0.025102185616940265,-0.010566239316239309,0.018301263340658316
32,OASIS_2,RandomForest,gaussian_blur__moderate,gaussian_blur,moderate,92.5925925925926,6.415002990995844,-0.02898550724637683,0.025102185616940265,-0.021132478632478618,0.018301263340658316
32,OASIS_2,RandomForest,gaussian_blur__severe,gaussian_blur,severe,96.2962962962963,6.415002990995844,-0.014492753623188415,0.025102185616940265,-0.010566239316239309,0.018301263340658316
32,OASIS_2,RandomForest,motion__mild,motion,mild,134.7222222222222,11.368545516489519,0.13043478260869565,0.043478260869565195,0.10923992673992676,0.07548870115564937
32,OASIS_2,RandomForest,motion__moderate,motion,moderate,119.90740740740739,15.235632103615124,0.07246376811594202,0.05020437123388053,0.11467148348727295,0.044728620160023956
32,OASIS_2,RandomForest,motion__severe,motion,severe,119.44444444444444,7.349309197401644,0.07246376811594202,0.025102185616940265,0.10475274725274723,0.014116773977758299
32,OASIS_2,RandomForest,rician_noise__mild,rician_noise,mild,123.6111111111111,13.249155575235358,0.08695652173913043,0.043478260869565244,-0.0014649597714114042,0.02387551415472166
32,OASIS_2,RandomForest,rician_noise__moderate,rician_noise,moderate,127.31481481481482,8.820629112619292,0.10144927536231885,0.025102185616940265,-0.041419054801407736,0.018301263340658316
32,OASIS_2,RandomForest,rician_noise__severe,rician_noise,severe,127.31481481481482,8.820629112619292,0.10144927536231885,0.025102185616940265,-0.041419054801407736,0.018301263340658316
32,OASIS_2,RandomForest,rotation__mild,rotation,mild,111.57407407407406,0.8018753738744815,0.04347826086956521,3.254629732262919e-17,0.010355786189119512,0.007492100791727589
32,OASIS_2,RandomForest,rotation__moderate,rotation,moderate,119.44444444444444,7.349309197401644,0.07246376811594202,0.025102185616940265,-0.007356536832343293,0.015849845934848974
32,OASIS_2,RandomForest,rotation__severe,rotation,severe,127.77777777777777,20.030840419244388,0.10144927536231883,0.06641414050660639,-0.024683067477185128,0.05639853785515075
64,OASIS_1,LinearSVM,brightness_contrast__mild,brightness_contrast,mild,83.33333333333334,0.0,-0.08333333333333331,0.0,-0.06795443688398545,4.4661809957816296e-05
64,OASIS_1,LinearSVM,brightness_contrast__moderate,brightness_contrast,moderate,70.37037037037037,6.415002990995852,-0.14814814814814817,0.03207501495497923,-0.07451914714063053,0.016280326005026026
64,OASIS_1,LinearSVM,brightness_contrast__severe,brightness_contrast,severe,24.074074074074076,3.2075014954979224,-0.3796296296296296,0.01603750747748962,-0.22121354243779875,0.013372359194230616
64,OASIS_1,LinearSVM,gaussian_blur__mild,gaussian_blur,mild,100.0,0.0,0.0,0.0,-0.0005199049316696458,0.0
64,OASIS_1,LinearSVM,gaussian_blur__moderate,gaussian_blur,moderate,105.55555555555556,0.0,0.02777777777777779,0.0,-0.024319279754062395,0.0
64,OASIS_1,LinearSVM,gaussian_blur__severe,gaussian_blur,severe,105.55555555555556,0.0,0.02777777777777779,0.0,-0.06455885384456814,0.0
64,OASIS_1,LinearSVM,motion__mild,motion,mild,50.0,0.0,-0.25,0.0,-0.17180955900468098,0.0
64,OASIS_1,LinearSVM,motion__moderate,motion,moderate,55.555555555555564,0.0,-0.2222222222222222,0.0,-0.16528658679821473,0.0
64,OASIS_1,LinearSVM,motion__severe,motion,severe,55.555555555555564,0.0,-0.2222222222222222,0.0,-0.1704545454545455,0.0
64,OASIS_1,LinearSVM,rician_noise__mild,rician_noise,mild,79.62962962962963,3.2075014954979237,-0.10185185185185185,0.016037507477489613,-0.0542905242905243,0.007652182139259319
64,OASIS_1,LinearSVM,rician_noise__moderate,rician_noise,moderate,22.222222222222218,0.0,-0.3888888888888889,0.0,-0.23068846358320041,0.0015193428136569145
64,OASIS_1,LinearSVM,rician_noise__severe,rician_noise,severe,22.222222222222218,0.0,-0.3888888888888889,0.0,-0.2315656565656566,0.0
64,OASIS_1,LinearSVM,rotation__mild,rotation,mild,100.0,0.0,0.0,0.0,-0.0004666227492314823,0.0
64,OASIS_1,LinearSVM,rotation__moderate,rotation,moderate,105.55555555555556,0.0,0.02777777777777779,0.0,0.03986291486291482,0.0
64,OASIS_1,LinearSVM,rotation__severe,rotation,severe,88.88888888888887,0.0,-0.05555555555555558,0.0,-0.062409812409812415,0.0
64,OASIS_1,RandomForest,brightness_contrast__mild,brightness_contrast,mild,87.73448773448774,2.374384223940027,-0.07407407407407411,0.016037507477489613,-0.04215671935797724,0.021744775860910063
64,OASIS_1,RandomForest,brightness_contrast__moderate,brightness_contrast,moderate,87.73448773448774,2.374384223940027,-0.07407407407407411,0.016037507477489613,-0.042451602671728476,0.022024428344740516
64,OASIS_1,RandomForest,brightness_contrast__severe,brightness_contrast,severe,89.24963924963924,2.508706876004872,-0.06481481481481484,0.01603750747748961,-0.0316353748743686,0.019994246527481392
64,OASIS_1,RandomForest,gaussian_blur__mild,gaussian_blur,mild,100.0,0.0,0.0,0.0,0.008624708624708627,0.014938433538472838
64,OASIS_1,RandomForest,gaussian_blur__moderate,gaussian_blur,moderate,100.07215007215007,4.6540991119394475,0.0,0.02777777777777779,0.013208198742789936,0.02548101183484666
64,OASIS_1,RandomForest,gaussian_blur__severe,gaussian_blur,severe,89.24963924963924,2.5087068760048656,-0.06481481481481484,0.01603750747748961,-0.016316742341529605,0.007915404857014348
64,OASIS_1,RandomForest,motion__mild,motion,mild,93.86724386724386,2.5641205835377785,-0.037037037037037056,0.016037507477489613,-0.055024407225665095,0.023174444843190013
64,OASIS_1,RandomForest,motion__moderate,motion,moderate,95.38239538239537,0.12496759073368907,-0.02777777777777779,0.0,-0.04005326725452513,0.00432622911403081
64,OASIS_1,RandomForest,motion__severe,motion,severe,92.35209235209236,2.4993518146737017,-0.046296296296296315,0.01603750747748961,-0.06999554719680506,0.021744775860910063
64,OASIS_1,RandomForest,rician_noise__mild,rician_noise,mild,92.35209235209236,2.4993518146737017,-0.046296296296296315,0.01603750747748961,-0.06999554719680506,0.021744775860910063
64,OASIS_1,RandomForest,rician_noise__moderate,rician_noise,moderate,92.35209235209236,2.4993518146737017,-0.046296296296296315,0.01603750747748961,-0.06999554719680506,0.021744775860910063
64,OASIS_1,RandomForest,rician_noise__severe,rician_noise,severe,92.35209235209236,2.4993518146737017,-0.046296296296296315,0.01603750747748961,-0.06999554719680506,0.021744775860910063
64,OASIS_1,RandomForest,rotation__mild,rotation,mild,93.86724386724386,2.5641205835377785,-0.037037037037037056,0.016037507477489613,-0.013632006242069153,0.03104793213696645
64,OASIS_1,RandomForest,rotation__moderate,rotation,moderate,92.27994227994229,2.757794351171201,-0.046296296296296315,0.016037507477489613,-0.016585958881556385,0.006573830378943786
64,OASIS_1,RandomForest,rotation__severe,rotation,severe,93.93939393939394,5.248638810814781,-0.037037037037037056,0.03207501495497922,-0.005179964456694043,0.02805018948152885
64,OASIS_2,LinearSVM,brightness_contrast__mild,brightness_contrast,mild,109.09090909090908,0.0,0.04347826086956519,0.0,0.022993088782562454,0.0
64,OASIS_2,LinearSVM,brightness_contrast__moderate,brightness_contrast,moderate,100.0,0.0,0.0,0.0,-0.01525252525252524,0.0
64,OASIS_2,LinearSVM,brightness_contrast__severe,brightness_contrast,severe,72.72727272727272,0.0,-0.13043478260869568,0.0,-0.14191919191919192,0.0
64,OASIS_2,LinearSVM,gaussian_blur__mild,gaussian_blur,mild,109.09090909090908,0.0,0.04347826086956519,0.0,0.03317138779095302,0.0
64,OASIS_2,LinearSVM,gaussian_blur__moderate,gaussian_blur,moderate,90.90909090909092,0.0,-0.043478260869565244,0.0,-0.019867909867909817,0.0
64,OASIS_2,LinearSVM,gaussian_blur__severe,gaussian_blur,severe,100.0,0.0,0.0,0.0,0.0039141414141414255,0.0
64,OASIS_2,LinearSVM,motion__mild,motion,mild,81.81818181818183,0.0,-0.08695652173913043,0.0,-0.06382395382395381,0.0
64,OASIS_2,LinearSVM,motion__moderate,motion,moderate,63.63636363636363,0.0,-0.17391304347826086,0.0,-0.15858585858585858,0.0
64,OASIS_2,LinearSVM,motion__severe,motion,severe,72.72727272727272,0.0,-0.13043478260869568,0.0,-0.14622026718800912,0.0
64,OASIS_2,LinearSVM,rician_noise__mild,rician_noise,mild,81.81818181818183,0.0,-0.08695652173913043,0.0,-0.05555555555555558,0.0
64,OASIS_2,LinearSVM,rician_noise__moderate,rician_noise,moderate,72.72727272727272,0.0,-0.13043478260869568,0.0,-0.14622026718800912,0.0
64,OASIS_2,LinearSVM,rician_noise__severe,rician_noise,severe,81.81818181818183,0.0,-0.08695652173913043,0.0,0.10808080808080806,0.0
64,OASIS_2,LinearSVM,rotation__mild,rotation,mild,45.45454545454546,0.0,-0.26086956521739135,0.0,-0.13150252525252526,0.0
64,OASIS_2,LinearSVM,rotation__moderate,rotation,moderate,36.36363636363636,0.0,-0.30434782608695654,0.0,-0.17525252525252524,0.0
64,OASIS_2,LinearSVM,rotation__severe,rotation,severe,45.45454545454546,0.0,-0.26086956521739135,0.0,-0.1486291486291486,0.0
64,OASIS_2,RandomForest,brightness_contrast__mild,brightness_contrast,mild,118.14814814814815,7.056503290095415,0.07246376811594203,0.02510218561694023,-0.05399536737772031,0.003481549013382495
64,OASIS_2,RandomForest,brightness_contrast__moderate,brightness_contrast,moderate,118.14814814814815,7.056503290095415,0.07246376811594203,0.02510218561694023,-0.05399536737772031,0.003481549013382495
64,OASIS_2,RandomForest,brightness_contrast__severe,brightness_contrast,severe,118.14814814814815,7.056503290095415,0.07246376811594203,0.02510218561694023,-0.05399536737772031,0.003481549013382495
64,OASIS_2,RandomForest,gaussian_blur__mild,gaussian_blur,mild,96.66666666666667,5.77350269189626,-0.014492753623188396,0.025102185616940238,-0.0020100732600732605,0.003481549013382496
64,OASIS_2,RandomForest,gaussian_blur__moderate,gaussian_blur,moderate,96.66666666666667,5.77350269189626,-0.014492753623188396,0.025102185616940238,-0.0020100732600732605,0.003481549013382496
64,OASIS_2,RandomForest,gaussian_blur__severe,gaussian_blur,severe,103.7037037037037,6.415002990995837,0.014492753623188396,0.025102185616940234,0.02033919736605158,0.013355744126096967
64,OASIS_2,RandomForest,motion__mild,motion,mild,111.1111111111111,11.111111111111105,0.04347826086956521,0.043478260869565216,0.03123626373626376,0.014182976675434559
64,OASIS_2,RandomForest,motion__moderate,motion,moderate,136.2962962962963,17.96200837478837,0.14492753623188406,0.06641414050660639,0.15311438561438562,0.05467810222987042
64,OASIS_2,RandomForest,motion__severe,motion,severe,111.1111111111111,19.245008972987513,0.04347826086956521,0.07530655685082073,0.06443441220615131,0.06681150744540708
64,OASIS_2,RandomForest,rician_noise__mild,rician_noise,mild,114.44444444444444,6.758625033664682,0.057971014492753624,0.02510218561694025,-0.014041272347723973,0.00758926520301101
64,OASIS_2,RandomForest,rician_noise__moderate,rician_noise,moderate,118.14814814814815,7.056503290095415,0.07246376811594203,0.02510218561694023,-0.05399536737772031,0.003481549013382495
64,OASIS_2,RandomForest,rician_noise__severe,rician_noise,severe,118.14814814814815,7.056503290095415,0.07246376811594203,0.02510218561694023,-0.05399536737772031,0.003481549013382495
64,OASIS_2,RandomForest,rotation__mild,rotation,mild,96.66666666666667,5.77350269189626,-0.014492753623188396,0.025102185616940238,-0.01933150183150183,0.003481549013382497
64,OASIS_2,RandomForest,rotation__moderate,rotation,moderate,107.40740740740739,6.415002990995838,0.02898550724637679,0.025102185616940238,-0.008985387063807526,0.012618708688773475
64,OASIS_2,RandomForest,rotation__severe,rotation,severe,121.48148148148148,1.283000598199166,0.08695652173913043,0.0,-0.00402104317426899,0.005602628184304871
128,OASIS_1,LinearSVM,brightness_contrast__mild,brightness_contrast,mild,19.047619047619047,0.0,-0.47222222222222227,0.0,-0.3361111111111111,0.0
128,OASIS_1,LinearSVM,brightness_contrast__moderate,brightness_contrast,moderate,19.047619047619047,0.0,-0.47222222222222227,0.0,-0.3361111111111111,0.0
128,OASIS_1,LinearSVM,brightness_contrast__severe,brightness_contrast,severe,19.047619047619047,0.0,-0.47222222222222227,0.0,-0.3361111111111111,0.0
128,OASIS_1,LinearSVM,gaussian_blur__mild,gaussian_blur,mild,95.23809523809523,0.0,-0.02777777777777779,0.0,-0.03858695652173916,0.0
128,OASIS_1,LinearSVM,gaussian_blur__moderate,gaussian_blur,moderate,80.95238095238095,0.0,-0.11111111111111116,0.0,-0.16424410343847684,0.0
128,OASIS_1,LinearSVM,gaussian_blur__severe,gaussian_blur,severe,85.71428571428571,0.0,-0.08333333333333337,0.0,-0.15707481574189963,0.0
128,OASIS_1,LinearSVM,motion__mild,motion,mild,42.857142857142854,0.0,-0.3333333333333333,0.0,-0.24057539682539686,0.0
128,OASIS_1,LinearSVM,motion__moderate,motion,moderate,47.61904761904761,0.0,-0.3055555555555556,0.0,-0.22777777777777777,0.0
128,OASIS_1,LinearSVM,motion__severe,motion,severe,47.61904761904761,0.0,-0.3055555555555556,0.0,-0.22777777777777777,0.0
128,OASIS_1,LinearSVM,rician_noise__mild,rician_noise,mild,19.047619047619047,0.0,-0.47222222222222227,0.0,-0.3361111111111111,0.0
128,OASIS_1,LinearSVM,rician_noise__moderate,rician_noise,moderate,19.047619047619047,0.0,-0.47222222222222227,0.0,-0.3361111111111111,0.0
128,OASIS_1,LinearSVM,rician_noise__severe,rician_noise,severe,19.047619047619047,0.0,-0.47222222222222227,0.0,-0.3361111111111111,0.0
128,OASIS_1,LinearSVM,rotation__mild,rotation,mild,95.23809523809523,0.0,-0.02777777777777779,0.0,-0.03447114162217141,0.0
128,OASIS_1,LinearSVM,rotation__moderate,rotation,moderate,85.71428571428571,0.0,-0.08333333333333337,0.0,-0.08472222222222225,0.0
128,OASIS_1,LinearSVM,rotation__severe,rotation,severe,85.71428571428571,0.0,-0.08333333333333337,0.0,-0.13178210678210683,0.0
128,OASIS_1,RandomForest,brightness_contrast__mild,brightness_contrast,mild,92.06349206349206,7.273929674533085,-0.046296296296296315,0.04243125643477632,-0.014268216351549687,0.013198709122390153
128,OASIS_1,RandomForest,brightness_contrast__moderate,brightness_contrast,moderate,90.47619047619048,0.0,-0.05555555555555558,0.0,-0.016308954299150368,0.0008073172106896133
128,OASIS_1,RandomForest,brightness_contrast__severe,brightness_contrast,severe,93.65079365079366,2.7492869961410613,-0.037037037037037056,0.016037507477489613,0.004744830059295463,0.019662303186425194
128,OASIS_1,RandomForest,gaussian_blur__mild,gaussian_blur,mild,101.58730158730158,2.7492869961410755,0.009259259259259264,0.016037507477489613,0.03175270626251019,0.007574898273289525
128,OASIS_1,RandomForest,gaussian_blur__moderate,gaussian_blur,moderate,93.65079365079366,2.749286996141067,-0.037037037037037056,0.016037507477489613,0.019343742677076014,0.006089247751285724
128,OASIS_1,RandomForest,gaussian_blur__severe,gaussian_blur,severe,93.65079365079366,2.7492869961410653,-0.037037037037037056,0.01603750747748961,0.06277344789249555,0.043691735365121526
128,OASIS_1,RandomForest,motion__mild,motion,mild,96.82539682539682,2.749286996141081,-0.018518518518518528,0.016037507477489613,-0.030050196716863375,0.025884172285834988
128,OASIS_1,RandomForest,motion__moderate,motion,moderate,96.82539682539682,2.7492869961410866,-0.018518518518518528,0.016037507477489613,-0.030050196716863375,0.026024233745523418
128,OASIS_1,RandomForest,motion__severe,motion,severe,95.23809523809523,0.0,-0.02777777777777779,0.0,-0.045021336688003344,9.345866828373668e-05
128,OASIS_1,RandomForest,rician_noise__mild,rician_noise,mild,95.23809523809523,0.0,-0.02777777777777779,0.0,-0.045021336688003344,9.345866828373668e-05
128,OASIS_1,RandomForest,rician_noise__moderate,rician_noise,moderate,95.23809523809523,0.0,-0.02777777777777779,0.0,-0.045021336688003344,9.345866828373668e-05
128,OASIS_1,RandomForest,rician_noise__severe,rician_noise,severe,95.23809523809523,0.0,-0.02777777777777779,0.0,-0.045021336688003344,9.345866828373668e-05
128,OASIS_1,RandomForest,rotation__mild,rotation,mild,93.65079365079366,2.749286996141067,-0.037037037037037056,0.016037507477489613,-0.012159253511454757,0.00516375974202583
128,OASIS_1,RandomForest,rotation__moderate,rotation,moderate,95.23809523809523,0.0,-0.02777777777777779,0.0,-0.009205300871967526,9.345866828373668e-05
128,OASIS_1,RandomForest,rotation__severe,rotation,severe,95.23809523809524,4.761904761904757,-0.02777777777777779,0.02777777777777779,-6.379015812977655e-05,0.02389132559057997
128,OASIS_2,LinearSVM,brightness_contrast__mild,brightness_contrast,mild,122.22222222222221,0.0,0.08695652173913043,0.0,0.04649435531788476,0.0
128,OASIS_2,LinearSVM,brightness_contrast__moderate,brightness_contrast,moderate,111.1111111111111,0.0,0.04347826086956519,0.0,0.0033319621554915857,0.0
128,OASIS_2,LinearSVM,brightness_contrast__severe,brightness_contrast,severe,88.88888888888887,0.0,-0.043478260869565244,0.0,-0.09795008912655971,0.0
128,OASIS_2,LinearSVM,gaussian_blur__mild,gaussian_blur,mild,111.1111111111111,0.0,0.04347826086956519,0.0,0.03248469348213595,0.0
128,OASIS_2,LinearSVM,gaussian_blur__moderate,gaussian_blur,moderate,100.0,0.0,0.0,0.0,0.000859434682964122,0.0
128,OASIS_2,LinearSVM,gaussian_blur__severe,gaussian_blur,severe,100.0,0.0,0.0,0.0,-0.006283422459893023,0.0
128,OASIS_2,LinearSVM,motion__mild,motion,mild,111.1111111111111,0.0,0.04347826086956519,0.0,-0.011706702883173464,0.0
128,OASIS_2,LinearSVM,motion__moderate,motion,moderate,88.88888888888887,0.0,-0.043478260869565244,0.0,-0.1022511643953769,0.0
128,OASIS_2,LinearSVM,motion__severe,motion,severe,88.88888888888887,0.0,-0.043478260869565244,0.0,-0.1022511643953769,0.0
128,OASIS_2,LinearSVM,rician_noise__mild,rician_noise,mild,133.33333333333331,0.0,0.13043478260869562,0.0,0.0616458704693999,0.0
128,OASIS_2,LinearSVM,rician_noise__moderate,rician_noise,moderate,88.88888888888887,0.0,-0.043478260869565244,0.0,-0.1022511643953769,0.0
128,OASIS_2,LinearSVM,rician_noise__severe,rician_noise,severe,100.0,0.0,0.0,0.0,0.15204991087344027,0.0
128,OASIS_2,LinearSVM,rotation__mild,rotation,mild,77.77777777777779,0.0,-0.08695652173913043,0.0,-0.0033799533799533654,0.0
128,OASIS_2,LinearSVM,rotation__moderate,rotation,moderate,44.444444444444436,0.0,-0.21739130434782608,0.0,-0.1360453272217978,0.0
128,OASIS_2,LinearSVM,rotation__severe,rotation,severe,55.55555555555555,0.0,-0.1739130434782609,0.0,-0.10266023405409593,0.0
128,OASIS_2,RandomForest,brightness_contrast__mild,brightness_contrast,mild,113.7037037037037,5.480980958129162,0.057971014492753624,0.02510218561694025,-0.01031591581971634,0.04265700177038467
128,OASIS_2,RandomForest,brightness_contrast__moderate,brightness_contrast,moderate,114.07407407407408,7.056503290095415,0.05797101449275364,0.025102185616940238,-0.007387437488012211,0.016633934831670083
128,OASIS_2,RandomForest,brightness_contrast__severe,brightness_contrast,severe,96.66666666666667,5.773502691896256,-0.014492753623188396,0.025102185616940234,-0.06938238698296169,0.017406028400593576
128,OASIS_2,RandomForest,gaussian_blur__mild,gaussian_blur,mild,93.33333333333333,5.77350269189626,-0.02898550724637679,0.025102185616940238,-0.0045028221033968086,0.016633934831670083
128,OASIS_2,RandomForest,gaussian_blur__moderate,gaussian_blur,moderate,86.2962962962963,5.480980958129163,-0.057971014492753624,0.02510218561694025,0.009856429755855045,0.05044354066850951
128,OASIS_2,RandomForest,gaussian_blur__severe,gaussian_blur,severe,89.62962962962963,0.6415002990995881,-0.04347826086956521,3.1031676915590914e-17,0.028126285545060675,0.03246979889050851
128,OASIS_2,RandomForest,motion__mild,motion,mild,110.74074074074075,11.129614223197569,0.04347826086956522,0.043478260869565216,0.02464726631393298,0.027040587437775186
128,OASIS_2,RandomForest,motion__moderate,motion,moderate,107.03703703703702,6.119522830317895,0.028985507246376812,0.025102185616940248,0.00737641456032261,0.019184155310879945
128,OASIS_2,RandomForest,motion__severe,motion,severe,117.4074074074074,6.510516974535895,0.07246376811594203,0.025102185616940234,0.00736085185705133,0.014398365463998293
128,OASIS_2,RandomForest,rician_noise__mild,rician_noise,mild,134.8148148148148,8.339503888294585,0.144927536231884,0.025102185616940238,0.0741609710000515,0.016633934831670083
128,OASIS_2,RandomForest,rician_noise__moderate,rician_noise,moderate,114.07407407407408,7.056503290095415,0.05797101449275364,0.025102185616940238,-0.05187273160565925,0.016633934831670083
128,OASIS_2,RandomForest,rician_noise__severe,rician_noise,severe,114.07407407407408,7.056503290095415,0.05797101449275364,0.025102185616940238,-0.05187273160565925,0.016633934831670083
128,OASIS_2,RandomForest,rotation__mild,rotation,mild,103.7037037037037,6.415002990995838,0.014492753623188396,0.025102185616940238,0.0012166739178233466,0.016633934831670083
128,OASIS_2,RandomForest,rotation__moderate,rotation,moderate,114.44444444444444,17.105338131489603,0.057971014492753624,0.06641414050660635,0.019091710758377428,0.03417758974800905
128,OASIS_2,RandomForest,rotation__severe,rotation,severe,114.07407407407408,7.056503290095415,0.05797101449275364,0.025102185616940238,-0.006892569452821601,0.016633934831670083
