epoch,train_loss,val_accuracy,val_macro_f1,val_weighted_f1,val_balanced_accuracy
1,1.189985182357557,0.586764705882353,0.18489341983317886,0.43504334078395024,0.3325
2,1.120122931364811,0.2867647058823529,0.1338998098115904,0.16220118211690052,0.325
3,1.0946425671288462,0.5882352941176471,0.18518518518518517,0.4357298474945534,0.3333333333333333
4,1.061431271018404,0.5882352941176471,0.18518518518518517,0.4357298474945534,0.3333333333333333
5,1.0320492575385354,0.5573529411764706,0.2064466447619337,0.4395259718897533,0.3325
6,1.003904938986807,0.11764705882352941,0.05263157894736842,0.024767801857585137,0.3333333333333333
7,0.9709105683095527,0.5882352941176471,0.18535681186283595,0.4361336749713787,0.3333333333333333
8,0.9504240716587413,0.4441176470588235,0.23897957935925654,0.41778156603800726,0.3941666666666667
9,0.8896455545136422,0.3205882352941177,0.22239947950553027,0.3417107428527689,0.4666666666666666
10,0.8645595878543276,0.13676470588235295,0.06935392577019488,0.06211977796698044,0.3441666666666667
11,0.8449879438226873,0.5514705882352942,0.21489322231022256,0.4369320988664747,0.3458333333333334
12,0.7993785522923325,0.5882352941176471,0.18518518518518517,0.4357298474945534,0.3333333333333333
13,0.7760590561953458,0.611764705882353,0.2503339412031176,0.5140268970422546,0.3733333333333333
14,0.7672439194448066,0.5514705882352942,0.17925430210325047,0.4217748284782364,0.3125
15,0.7000483752019477,0.5882352941176471,0.18518518518518517,0.4357298474945534,0.3333333333333333
16,0.6960240129268531,0.11764705882352941,0.052980132450331126,0.024931827035449945,0.3333333333333333
17,0.6742801980538802,0.5882352941176471,0.18518518518518517,0.4357298474945534,0.3333333333333333
18,0.6496651018027103,0.5441176470588235,0.2161578341013825,0.4413797777175387,0.34833333333333333
