dataset,model,seed,condition,distortion,severity,accuracy,macro_f1,weighted_f1,balanced_accuracy,ARR
OASIS_2,SimpleCNN,47,brightness_contrast__mild,brightness_contrast,mild,0.5652173913043478,0.3,0.5043478260869565,0.3295454545454546,118.18181818181817
OASIS_2,SimpleCNN,47,brightness_contrast__moderate,brightness_contrast,moderate,0.4782608695652174,0.16176470588235295,0.309462915601023,0.25,100.0
OASIS_2,SimpleCNN,47,brightness_contrast__severe,brightness_contrast,severe,0.4782608695652174,0.16176470588235295,0.309462915601023,0.25,100.0
OASIS_2,SimpleCNN,47,clean,clean,clean,0.4782608695652174,0.23214285714285715,0.406832298136646,0.2670454545454546,
OASIS_2,SimpleCNN,47,gaussian_blur__mild,gaussian_blur,mild,0.391304347826087,0.20833333333333331,0.3550724637681159,0.23011363636363635,81.81818181818181
OASIS_2,SimpleCNN,47,gaussian_blur__moderate,gaussian_blur,moderate,0.30434782608695654,0.11666666666666667,0.16231884057971016,0.21875,63.63636363636364
OASIS_2,SimpleCNN,47,gaussian_blur__severe,gaussian_blur,severe,0.34782608695652173,0.12903225806451613,0.17952314165497896,0.25,72.72727272727272
OASIS_2,SimpleCNN,47,motion__mild,motion,mild,0.34782608695652173,0.19047619047619047,0.31469979296066247,0.2159090909090909,72.72727272727272
OASIS_2,SimpleCNN,47,motion__moderate,motion,moderate,0.30434782608695654,0.11666666666666667,0.16231884057971016,0.21875,63.63636363636364
OASIS_2,SimpleCNN,47,motion__severe,motion,severe,0.34782608695652173,0.12903225806451613,0.17952314165497896,0.25,72.72727272727272
OASIS_2,SimpleCNN,47,rician_noise__mild,rician_noise,mild,0.30434782608695654,0.11666666666666667,0.16231884057971016,0.21875,63.63636363636364
OASIS_2,SimpleCNN,47,rician_noise__moderate,rician_noise,moderate,0.34782608695652173,0.20105820105820105,0.21762134805613065,0.3020833333333333,72.72727272727272
OASIS_2,SimpleCNN,47,rician_noise__severe,rician_noise,severe,0.21739130434782608,0.13859649122807016,0.16384439359267733,0.20833333333333331,45.45454545454545
OASIS_2,SimpleCNN,47,rotation__mild,rotation,mild,0.5652173913043478,0.26666666666666666,0.4666666666666666,0.3125,118.18181818181817
OASIS_2,SimpleCNN,47,rotation__moderate,rotation,moderate,0.5652173913043478,0.26666666666666666,0.4666666666666666,0.3125,118.18181818181817
OASIS_2,SimpleCNN,47,rotation__severe,rotation,severe,0.5217391304347826,0.221875,0.3983695652173913,0.28125,109.09090909090908
